index,source_timestamp,receipt_uptime,sensor_location,user_acceleration_x,user_acceleration_y,user_acceleration_z,gravity_x,gravity_y,gravity_z,rotation_rate_x,rotation_rate_y,rotation_rate_z,quaternion_w,quaternion_x,quaternion_y,quaternion_z,roll,pitch,yaw
1702,941445.5279465708,941445.569224125,right,0.010027367621660233,-0.010940629057586193,-0.008222799748182297,-0.6112147569656372,0.22578264772891998,0.7585769891738892,0.05102930963039398,0.009489113464951515,-0.010970019735395908,0.0951484671898825,-0.9349650007979162,0.07161637060405822,-0.3341532623835333,-2.46336224027817,-0.22774636845572185,3.0693363491384344
1703,941445.5479465708,941445.5877620417,right,0.006900285370647907,-0.00865532923489809,-0.004395774565637112,-0.6114193201065063,0.22626538574695587,0.7582679390907288,0.04744981601834297,0.009230656549334526,-0.026793841272592545,0.09553311622131638,-0.93491017898377,0.07125227121179867,-0.33427452075555925,-2.462999636658146,-0.2282419349015659,3.0703252541778148
1704,941445.5679465708,941445.6234255,right,0.002854530466720462,-0.005749114323407412,-0.0011855155462399125,-0.6116509437561035,0.22647495567798615,0.7580183744430542,0.03722023218870163,0.002411570632830262,-0.03923190012574196,0.09580784421807446,-0.9348790604840829,0.0707834363481271,-0.33438240582803685,-2.462653713417752,-0.22845708291749725,3.0714388038875513
1705,941445.5879465708,941445.6236285,right,0.000854124897159636,-0.00210983376018703,0.0009641516371630132,-0.6118522882461548,0.226318359375,0.7579030990600586,0.021808503195643425,-0.0020155783277004957,-0.05151753127574921,0.09591922432865799,-0.93489048982564,0.07022315851186828,-0.33443696056476657,-2.4624185186418224,-0.22829632318460047,3.0726053323639473
1706,941445.6079465708,941445.6375957917,right,-0.0014241592725738883,-0.0008428487926721573,0.002941874787211418,-0.6120093464851379,0.22582228481769562,0.7579239010810852,0.00855842512100935,-0.011476077139377594,-0.05527807027101517,0.09586387122276052,-0.9349410351508504,0.06962171485282499,-0.33443704703820976,-2.4623064879814063,-0.22778705350449469,3.073725251611721
1707,941445.6279465709,941445.6564592917,right,-0.001816640025936067,0.0003676068445201963,0.0026350331027060747,-0.6119422912597656,0.2252592146396637,0.7581454515457153,0.003659525653347373,-0.026235491037368774,-0.043491773307323456,0.09574807626281581,-0.9350387445783176,0.06910303467847216,-0.3343044794084306,-2.462502915852311,-0.22720909637423775,3.0746123729410373
1708,941445.6479465709,941445.6907447918,right,-0.0012014276580885053,0.0008272602572105825,0.0005347455153241754,-0.6115769743919373,0.22489437460899353,0.758548378944397,0.004079914651811123,-0.03767423704266548,-0.024149592965841293,0.09569446215588152,-0.9351741632799289,0.0687273716434145,-0.33401836541992536,-2.4630543842093555,-0.22683464401719694,3.0752284287084595
1709,941445.6679465709,941445.6974513751,right,0.001977737294510007,0.0012471912195906043,-0.0023814081214368343,-0.6110332608222961,0.2247801274061203,0.7590208053588867,0.006660071201622486,-0.037723105400800705,-0.009750130586326122,0.09571760140185365,-0.9353152890696027,0.06852501688999128,-0.3336582885861017,-2.4637930871292126,-0.22671740829604534,3.075544631371494
1710,941445.6879465709,941445.7436069584,right,0.005542304366827011,0.002896122168749571,-0.004885929170995951,-0.6105595231056213,0.2247762531042099,0.7594026923179626,0.0041072918102145195,-0.022228235378861427,-0.007505724206566811,0.09577175671254073,-0.9354267051303621,0.0683973331989463,-0.333356237305817,-2.464417543978003,-0.22671342758555352,3.075752314882071
1711,941445.7079465709,941445.7511275834,right,0.00528678297996521,0.004931395873427391,-0.00547412596642971,-0.6103809475898743,0.22467684745788574,0.7595759630203247,-0.0008006823481991887,-0.003147255629301071,-0.011574871838092804,0.09576159705685544,-0.9354810665448887,0.0682871007153939,-0.33322937866434404,-2.4646718116479267,-0.22661140324895038,3.0759263923015183
1712,941445.727946571,941445.7662901668,right,0.001218826393596828,0.0061002857983112335,-0.0029683378525078297,-0.6104775071144104,0.22449424862861633,0.759552001953125,-0.0030009683687239885,0.005979842506349087,-0.006236195098608732,0.09569875099351287,-0.9354823399972098,0.06818185745460639,-0.33326518543738576,-2.4645791630160296,-0.22642402000905762,3.076095506606333
1713,941445.747946571,941445.787897125,right,-0.0006635300233028829,0.006299410946667194,-0.0021277149207890034,-0.6105282306671143,0.2244543731212616,0.7595230340957642,-0.0018010293133556843,-0.0025823088362812996,0.009729184210300446,0.09566992293722798,-0.9354733176288874,0.06819939905933872,-0.3332951990447884,-2.464519970457018,-0.22638309892168612,3.0760497846650363
1714,941445.767946571,941445.7975899584,right,-0.001385994371958077,0.00531946774572134,-0.0027907188050448895,-0.6102545857429504,0.2247101366519928,0.7596678137779236,-0.0010015100706368685,-0.019492274150252342,0.031792499125003815,0.095735302476429,-0.935495968128342,0.0684191636331708,-0.3331681380394607,-2.4648319390631603,-0.22664556834215546,3.0756395867027018
1715,941445.787946571,941445.8177209167,right,-0.0015051354421302676,0.004169743973761797,-0.0031092811841517687,-0.6097372174263,0.225197434425354,0.7599388360977173,-0.004435547161847353,-0.027360519394278526,0.045842960476875305,0.09587506616352645,-0.9355407836685335,0.06879547223643913,-0.3329244487101568,-2.4654201040577908,-0.22714569564150222,3.074949116679703
1716,941445.807946571,941445.8562625,right,-0.0008028638549149036,0.0027397091034799814,-0.0036976474802941084,-0.6091343760490417,0.22571595013141632,0.760267972946167,-0.00933503732085228,-0.02391562983393669,0.0476510114967823,0.09599922097811477,-0.9355938106872449,0.06926896189210834,-0.3326411421237561,-2.466114195847691,-0.227677907148151,3.0740509488464065
1717,941445.827946571,941445.8574603751,right,-0.002141077071428299,0.0014907566364854574,-0.002247478114441037,-0.608643114566803,0.22612781822681427,0.7605394721031189,-0.013222972862422466,-0.015235252678394318,0.0469575971364975,0.09605903598289857,-0.9356301921839892,0.06975567529326415,-0.33242005540684816,-2.4666820717687257,-0.22810071090280712,3.073099245372693
1718,941445.8479465711,941445.8917439167,right,-0.0032979201059788465,-0.000406578037654981,-0.003934374079108238,-0.6082419157028198,0.226533442735672,0.7607391476631165,-0.014231164008378983,-0.010771999135613441,0.052257098257541656,0.09609849141110004,-0.9356439249304391,0.07028500660896499,-0.3322580804024228,-2.4671317614324875,-0.22851713964529954,3.072066160963193
1719,941445.8679465711,941445.9038845417,right,-0.0047310334630310535,-0.0027383179403841496,-0.0063470592722296715,-0.6077960133552551,0.22708940505981445,0.760930061340332,-0.010085820220410824,-0.010839271359145641,0.06503479927778244,0.09619470708872202,-0.9356496325650789,0.07088561145393499,-0.33208674653487746,-2.467611805383567,-0.22908798331991914,3.0709310773526366
1720,941445.8879465711,941445.9199048751,right,-0.0023746094666421413,-0.003597354982048273,-0.007995223626494408,-0.6073270440101624,0.22781676054000854,0.7610867619514465,-0.010391579940915108,-0.005651142448186874,0.0741879791021347,0.09634683631455085,-0.9356378332277016,0.07159052667011928,-0.3319244587304596,-2.4680885320267363,-0.22983491628708488,3.0696341012449966
1721,941445.9079465711,941445.9388206667,right,-0.00046884804032742977,-0.0026374305598437786,-0.007901383563876152,-0.6070721745491028,0.2285471260547638,0.7610713243484497,-0.01574884168803692,0.017579954117536545,0.06976144760847092,0.09647612789996239,-0.9355752827036372,0.07235007025515629,-0.3318986502413362,-2.4682832883286645,-0.23058506497926387,3.068250210859267
1722,941445.9279465711,941445.9837006667,right,-0.0011646366911008954,-0.0015998807502910495,-0.00369794899597764,-0.6072750091552734,0.22900354862213135,0.760772168636322,-0.023298151791095734,0.048053186386823654,0.05739535763859749,0.09647045353977066,-0.9354415128406783,0.07304260726138859,-0.33212551137650737,-2.467928726829868,-0.23105391729380895,3.066968577046654
1723,941445.9479465712,941445.985183625,right,-0.0031867322977632284,-0.0005405023694038391,-0.0010616462677717209,-0.6079055666923523,0.22928442060947418,0.7601838111877441,-0.02540096826851368,0.06342427432537079,0.055389583110809326,0.09637033342986501,-0.935232423201436,0.07370344621519322,-0.33259714144181235,-2.467045375318681,-0.23134246623307453,3.06574659987783
1724,941445.9679465712,941446.0141708334,right,-0.004921068903058767,0.0008408413268625736,0.0006537020090036094,-0.6086824536323547,0.22966960072517395,0.7594456672668457,-0.019766585901379585,0.06942343711853027,0.06559259444475174,0.096303637742458,-0.9349787095258092,0.07441512729012413,-0.3331709024187173,-2.4659482809658915,-0.2317382070810412,3.0644748439562908
1725,941445.9879465712,941446.0175229168,right,-0.004682752303779125,0.0022474818397313356,0.00307023455388844,-0.6094273328781128,0.2303512692451477,0.7586411833763123,-0.008498569019138813,0.0714767724275589,0.08142928034067154,0.09636322883235808,-0.934699195882799,0.07521949840235825,-0.33375666393402875,-2.4648339625270603,-0.23243865807739553,3.0631122725529556
1726,941446.0079465712,941446.0425672918,right,-0.0024840969126671553,0.0028914548456668854,0.003936873748898506,-0.6101252436637878,0.23141418397426605,0.7577564120292664,0.0034888701047748327,0.07388748228549957,0.09879206866025925,0.09658683251894261,-0.9343880152212892,0.07613934733744221,-0.33435437102698434,-2.4637050864095857,-0.23353109602741332,3.0616406155114517
1727,941446.0279465712,941446.0663264584,right,-0.0002730806008912623,0.004320249892771244,0.00697240699082613,-0.6107455492019653,0.232810840010643,0.756828248500824,0.00865747407078743,0.0748300552368164,0.10885637998580933,0.09695252954030333,-0.9340553461927839,0.07716680768163434,-0.33494196065627757,-2.462609766943911,-0.23496696750781837,3.0600551363337
1728,941446.0479465713,941446.0973157501,right,-0.0010662854183465242,0.005502731539309025,0.007666999474167824,-0.6113554835319519,0.234357550740242,0.7558580636978149,0.00988578237593174,0.07411477714776993,0.11619190871715546,0.09737460201136669,-0.9337046359307097,0.07826014884121353,-0.3355432878284308,-2.461494769348001,-0.23655768141776065,3.0583851338499004
1729,941446.0679465713,941446.09818125,right,-0.002979587996378541,0.00483952509239316,0.00901253055781126,-0.6118699312210083,0.23601758480072021,0.7549241781234741,0.011582979932427406,0.06749233603477478,0.1263173669576645,0.09783909759645266,-0.9333574386538391,0.07940999839432117,-0.3361031630854827,-2.460478805166956,-0.2382656217968497,3.0566251188683107
1730,941446.0879465713,941446.1403739584,right,-0.0019249249016866088,0.0026081001851707697,0.008405505679547787,-0.6121596693992615,0.2378607988357544,0.7541104555130005,0.015201677568256855,0.05632326751947403,0.13834360241889954,0.0983680875322161,-0.9330313529870711,0.08067030302002183,-0.33655378374039324,-2.4597195764554063,-0.2401628555306586,3.054668016204232
1731,941446.1079465713,941446.1407189168,right,0.0003235817130189389,-0.00011727892706403509,0.005806303583085537,-0.6122068762779236,0.23988854885101318,0.7534294724464417,0.017175773158669472,0.042788002640008926,0.14818508923053741,0.09897406851518906,-0.9327319635655756,0.08201097426201448,-0.33688179213212155,-2.4592397247743047,-0.24225106011708816,3.0525759153640357
1732,941446.1279465713,941446.164995,right,0.0031517392490059137,-0.00235870317555964,0.0035967188887298107,-0.6121041178703308,0.2419704794883728,0.7528470158576965,0.01622067391872406,0.03837937116622925,0.1462029069662094,0.09960483107251325,-0.9324548263663544,0.0833755635878349,-0.33712806738851153,-2.4589433458547263,-0.24439618399756613,3.0504325112204658
1733,941446.1479465713,941446.1899087917,right,0.005070867948234081,-0.003663396229967475,0.002079648431390524,-0.6119681000709534,0.24392665922641754,0.7523261308670044,0.012935851700603962,0.0352705717086792,0.13305029273033142,0.10018977270466876,-0.9321974002582053,0.08468196436035415,-0.3373409282720151,-2.4587133215087285,-0.24641278345240383,3.0483611386831493
1734,941446.1679465714,941446.2035104583,right,0.0035987209994345903,-0.004023939836770296,-6.965178181417286E-05,-0.6118524670600891,0.24561147391796112,0.7518721222877502,0.009414352476596832,0.03311169147491455,0.11421000212430954,0.10068298389971736,-0.9319700850568594,0.08583580558094761,-0.33753065869836113,-2.4585102853718133,-0.24815045514786604,3.046515891582781
1735,941446.1879465714,941446.2231281667,right,0.0029793083667755127,-0.004893047735095024,-0.001822711550630629,-0.6117879748344421,0.24701200425624847,0.7514655590057373,0.0054115294478833675,0.029117176309227943,0.09201905876398087,0.10108534580023897,-0.9317705177998094,0.08681279856842039,-0.33771137890243125,-2.4582971385577963,-0.24959551637531463,3.04494828983226
1736,941446.2079465714,941446.2462998334,right,0.0031267409212887287,-0.005173792596906424,-0.002774587133899331,-0.6118009686470032,0.24808147549629211,0.7511025667190552,0.003037518821656704,0.02774418331682682,0.06769933551549911,0.10138036537258453,-0.9316006946652805,0.08758645117780677,-0.3378916217121705,-2.4580501009106155,-0.25069933562053126,3.043701042974423
1737,941446.2279465714,941446.2464260417,right,0.0032721669413149357,-0.005454597529023886,-0.0037263967096805573,-0.6118120551109314,0.24915097653865814,0.7507393956184387,0.0006635090685449541,0.0263711865991354,0.043379612267017365,0.10167532879539853,-0.9314301747717021,0.08836006845188794,-0.33807161437705824,-2.4578044244950994,-0.25180351136892837,3.0424536807776676
1738,941446.2479465714,941446.2650383334,right,0.0012252117739990354,-0.004690968431532383,-0.002058976097032428,-0.6120643615722656,0.24948963522911072,0.7504212260246277,-0.0012695847544819117,0.025758109986782074,0.018611812964081764,0.10173832776762635,-0.9313157883665122,0.08866506405973176,-0.3382878699067188,-2.4573949253116876,-0.2521532070453186,3.0419660193062876
1739,941446.2679465715,941446.2948869584,right,-0.0019208911107853055,-0.005730821751058102,-0.00429294491186738,-0.6123360991477966,0.24965497851371765,0.750144362449646,0.005104453768581152,0.019234778359532356,0.0067405798472464085,0.10176495635110472,-0.9312275490575934,0.08881110391463662,-0.3384843404333261,-2.4569967222590656,-0.25232395460710083,3.041755760621101
1740,941446.2879465715,941446.2986650417,right,0.0008608323405496776,-0.004085083957761526,-0.002749659353867173,-0.6126160621643066,0.2497481256723404,0.749884843826294,0.012272353284060955,0.014380991458892822,-0.009421847760677338,0.10180785001373772,-0.9311584946335589,0.0888045654991886,-0.3386631242233798,-2.456603290864864,-0.25242015629005826,3.0418465701464377
1741,941446.3079465715,941446.3261715,right,0.0022056386806070805,-0.003631750587373972,-0.00019866488582920283,-0.6130169034004211,0.24983882904052734,0.7495267391204834,0.022232482209801674,0.02194131538271904,-0.021150248125195503,0.10191103634395837,-0.9310801865597382,0.08861733417331616,-0.33889621485759663,-2.456048723846505,-0.2525138254763541,3.0423422783795604
1742,941446.3279465715,941446.3628872917,right,0.006510470528155565,-0.002192688174545765,-0.0022648160811513662,-0.6134945750236511,0.2499707192182541,0.7490919828414917,0.039106596261262894,0.027647150680422783,-0.03241267800331116,0.10209498901505268,-0.9309971608188683,0.08826242039782155,-0.33916158825159504,-2.455382545725933,-0.25265003068780834,3.0432255673167248
1743,941446.3479465715,941446.3632252084,right,0.007259312551468611,-0.0005192978424020112,-0.0011177310952916741,-0.6142199039459229,0.2501855790615082,0.7484254837036133,0.05481482297182083,0.035757336765527725,-0.046333588659763336,0.10237762548571205,-0.930867794268147,0.08773742521630806,-0.3395673806521559,-2.454366772566371,-0.2528719510480848,3.0445431395912035
1744,941446.3679465716,941446.3837147501,right,-0.004803213756531477,0.001154844998382032,0.00886806845664978,-0.6150239706039429,0.2504418194293976,0.7476791143417358,0.07380598783493042,0.03791609779000282,-0.064604252576828,0.10274174496969458,-0.9307323452254973,0.08704491546913078,-0.34000663176463486,-2.453235673882017,-0.2531365995621987,3.046249119511662
1745,941446.3879465716,941446.4012280834,right,-0.01469251699745655,-0.0027078036218881607,0.004657404962927103,-0.6159456372261047,0.25081345438957214,0.7467951774597168,0.0863458439707756,0.03917982056736946,-0.07512560486793518,0.10323738137293988,-0.930577694525423,0.08615512378721572,-0.3405059943066045,-2.4519203042902236,-0.2535205058211509,3.048442596551862
1746,941446.4079465716,941446.4262243334,right,-0.021182887256145477,0.002155089285224676,0.0133837154135108,-0.6172102093696594,0.25084927678108215,0.7457389235496521,0.08444009721279144,0.07804720848798752,-0.1312423199415207,0.10362606270273131,-0.9303968136865524,0.08503642210756361,-0.3411631642444905,-2.4502182581363967,-0.25355751489002776,3.051049507106579
1747,941446.4279465716,941446.4477382083,right,-0.05314162001013756,-0.0040594604797661304,0.003979755099862814,-0.619828462600708,0.2499464601278305,0.7438679933547974,0.07851926982402802,0.14209668338298798,-0.22169186174869537,0.1037413656956553,-0.9300622625595717,0.0831754976917615,-0.3424964116596438,-2.4469031430073143,-0.25262497783403315,3.0550878522898413
1748,941446.4479465716,941446.4599690418,right,-0.08910969644784927,-0.013084162957966328,-0.012095390819013119,-0.6234856247901917,0.24810728430747986,0.7414234280586243,0.11129061877727509,0.180555060505867,-0.2666521668434143,0.10356586597909286,-0.9296259760735923,0.08066741489792925,-0.3443290347367481,-2.4423874284476903,-0.2507259796640653,3.0603047247667137
1749,941446.4679465716,941446.4900070417,right,-0.12662450969219208,-0.031744565814733505,-0.03777148574590683,-0.6274589896202087,0.24675017595291138,0.7385185956954956,0.15640684962272644,0.18401366472244263,-0.2415914684534073,0.10372407875147975,-0.929074762615503,0.07797026153170915,-0.3463843074753924,-2.4373200920652143,-0.2493253206321538,3.066167548494245
1750,941446.4879465717,941446.5037014583,right,-0.1873100847005844,-0.06473974883556366,-0.06290093064308167,-0.630826473236084,0.24751292169094086,0.7353875041007996,0.225209042429924,0.13946376740932465,-0.09875593334436417,0.1048479240252783,-0.9284083938224414,0.07583909338096219,-0.3483002202145181,-2.4325788931869945,-0.25011247006313897,3.0715764439247173
1751,941446.5079465717,941446.5234803751,right,-0.22279320657253265,-0.09656278043985367,-0.06542971730232239,-0.6328349709510803,0.25144660472869873,0.7323213219642639,0.3261500895023346,0.12697623670101166,0.06498953700065613,0.10730569939560163,-0.9276624636668711,0.07485306797529953,-0.34974969599967853,-2.428941246572068,-0.25417460098811007,3.075609881559733
1752,941446.5279465717,941446.5638402083,right,-0.25190269947052,-0.13209116458892822,-0.07824583351612091,-0.6341679692268372,0.25820598006248474,0.7288073897361755,0.3926351070404053,0.16210058331489563,0.17963705956935883,0.1109154373579453,-0.9267072712713325,0.07494853811873227,-0.35113241896855174,-2.425519010354542,-0.2611647785540504,3.0783900873837022
1753,941446.5479465717,941446.5646568751,right,-0.27428194880485535,-0.1711803376674652,-0.07777675986289978,-0.6361334323883057,0.2662631571292877,0.7241811156272888,0.3770906627178192,0.27206188440322876,0.17085778713226318,0.11501567402452866,-0.9254051703207486,0.07560280394070058,-0.35310181263453316,-2.4208302100071792,-0.2695141665033985,3.0806544974193373
1754,941446.5679465717,941446.5838144168,right,-0.2939605712890625,-0.1924773007631302,-0.06800517439842224,-0.6415403485298157,0.2718753516674042,0.7172932028770447,0.2571521997451782,0.5436151623725891,-0.05446012690663338,0.11797841199761533,-0.9235446595179305,0.07557674256090133,-0.35697963720721443,-2.411885199598436,-0.2753412834828128,3.0840285488725194
1755,941446.5879465718,941446.6074624584,right,-0.3112523853778839,-0.20867674052715302,-0.05369323492050171,-0.6527597904205322,0.2717190682888031,0.7071588039398193,0.08300051838159561,0.8677077293395996,-0.34110990166664124,0.11830654427756895,-0.9209299552922875,0.07394175145561979,-0.3639014219202314,-2.396174743057345,-0.27517888708926036,3.089524532273729
1756,941446.6079465718,941446.6388072084,right,-0.3384949564933777,-0.21085509657859802,-0.05993099883198738,-0.6687195897102356,0.26590678095817566,0.6943394541740417,-0.07205991446971893,1.0488388538360596,-0.4539859890937805,0.11591775794979634,-0.9176607439498489,0.07119305477664747,-0.37335404439496084,-2.3749880610616136,-0.2691444467654592,3.0958240973820335
1757,941446.6279465718,941446.6399409584,right,-0.3815039098262787,-0.214582622051239,-0.046592243015766144,-0.6849465370178223,0.2585345208644867,0.6811814904212952,-0.18553324043750763,0.9774236679077148,-0.3165194094181061,0.11237636263736363,-0.9142183963960907,0.06924915516807653,-0.38311990400851403,-2.3534384241720105,-0.2615048533484656,3.099644147475072
1758,941446.6479465718,941446.6843872918,right,-0.4303801655769348,-0.21054679155349731,-0.022559482604265213,-0.6979155540466309,0.2530868649482727,0.6699708700180054,-0.24953018128871918,0.7839126586914062,-0.07430385798215866,0.10912468751119542,-0.9111439545391946,0.06929713658145374,-0.3912881394281466,-2.3357681563396957,-0.25586970414992355,3.09932339875833
1759,941446.6679465718,941446.6847030417,right,-0.45584380626678467,-0.21025702357292175,0.0026206171605736017,-0.7077090740203857,0.24952803552150726,0.6609717011451721,-0.31370970606803894,0.7020788788795471,0.024854307994246483,0.10618377924545071,-0.9085301914436943,0.07112458453736724,-0.3977928769401995,-2.322059913198201,-0.2521928525373394,3.095354718276314
1760,941446.6879465719,941446.7000417501,right,-0.46609196066856384,-0.21577370166778564,0.017630217596888542,-0.7175333499908447,0.2447618991136551,0.6521024107933044,-0.41416487097740173,0.7980115413665771,-0.07129891216754913,0.10239582144363608,-0.9059163143952504,0.0732585223924539,-0.4043067197900559,-2.308458216434144,-0.2472741321060195,3.090069853358029
1761,941446.7079465719,941446.743661875,right,-0.44646650552749634,-0.21077118813991547,0.052798401564359665,-0.7302852272987366,0.23601338267326355,0.6410782933235168,-0.513363778591156,1.0544393062591553,-0.33253228664398193,0.09673617514007242,-0.902777530528464,0.07437635804755033,-0.4124355319750754,-2.2912361039965616,-0.23826129337519028,3.085483215518978
1762,941446.7279465719,941446.7449973334,right,-0.45628371834754944,-0.19210603833198547,0.09815383702516556,-0.7480028867721558,0.22189193964004517,0.6255044937133789,-0.5935863852500916,1.389240026473999,-0.6236398220062256,0.08883426559970156,-0.8985268668871966,0.07349621666295302,-0.4235048154301995,-2.267243208708698,-0.2237543653351634,3.083273437395793
1763,941446.7479465719,941446.7597342917,right,-0.49636971950531006,-0.1704048216342926,0.14655716717243195,-0.7699183821678162,0.20354266464710236,0.6048105359077454,-0.6042715907096863,1.6389161348342896,-0.785504937171936,0.07924796044554656,-0.8929614567633846,0.07088778117438503,-0.4373950366080684,-2.236664851993847,-0.20497499221409204,3.083059818117947
1764,941446.7679465719,941446.7917025418,right,-0.5258246660232544,-0.15473572909832,0.1640787124633789,-0.7928284406661987,0.18454031646251678,0.5808335542678833,-0.5661279559135437,1.6882611513137817,-0.7370498776435852,0.0694465323663749,-0.8864599668316758,0.06786361985557314,-0.4525045117422094,-2.203074141682699,-0.18560413884237179,3.083087998645665
1765,941446.787946572,941446.8038425001,right,-0.48803380131721497,-0.12336564064025879,0.16489849984645844,-0.8146172761917114,0.16709989309310913,0.5554062128067017,-0.5281017422676086,1.7159507274627686,-0.6947957873344421,0.06033575964787012,-0.8794613756601767,0.06519785511639005,-0.4676071505442952,-2.169202847318071,-0.1678874813109331,3.0824764000751297
1766,941446.807946572,941446.8262821251,right,-0.44474107027053833,-0.09536762535572052,0.1652025282382965,-0.8360991477966309,0.14946508407592773,0.5278238654136658,-0.5437641143798828,1.8326447010040283,-0.7791319489479065,0.051185946736156174,-0.8717964018638477,0.062313220345691644,-0.48318523849338985,-2.133908362668909,-0.15002727874207292,3.081700173892528
1767,941446.827946572,941446.8514220001,right,-0.3783953785896301,-0.05881597474217415,0.16535456478595734,-0.8583492040634155,0.1288304328918457,0.4966275691986084,-0.6239811182022095,2.046821355819702,-0.9725340008735657,0.040714197760026764,-0.8630676488301234,0.058548899012841556,-0.5000284738334677,-2.095320198025523,-0.1291895079580294,3.080701091813117
1768,941446.847946572,941446.8637017917,right,-0.3101506531238556,-0.01237497664988041,0.18782082200050354,-0.8816416263580322,0.10295650362968445,0.46055150032043457,-0.7684496641159058,2.283229112625122,-1.2268723249435425,0.027859525903535878,-0.8528887640457614,0.05344596778375611,-0.5186019917170218,-2.052186735807564,-0.10313928769466495,3.078948071084869
1769,941446.867946572,941446.9027215,right,-0.2736130952835083,0.039423465728759766,0.2214450091123581,-0.9046345353126526,0.0719696655869484,0.4200678765773773,-0.8547428846359253,2.3789734840393066,-1.3899961709976196,0.012650181448418313,-0.8413191271225399,0.04707465188650229,-0.5383364729269544,-2.0055201043354223,-0.07203195806387824,3.0757851471425393
1770,941446.887946572,941446.9033237083,right,-0.25216618180274963,0.08051247149705887,0.26798704266548157,-0.9247934222221375,0.03938889503479004,0.37842583656311035,-0.8927439451217651,2.264744281768799,-1.3815507888793945,-0.0033994584055776164,-0.8292056207543994,0.04038459620892879,-0.5574726166860149,-1.9592087560892852,-0.03939910535511909,3.070713905945343
1771,941446.907946572,941446.9330562084,right,-0.21785248816013336,0.1090390607714653,0.31730690598487854,-0.9411220550537109,0.008086508139967918,0.3379697799682617,-0.8841952681541443,2.1085429191589355,-1.2951894998550415,-0.019023054187562352,-0.8172051965233282,0.03406637981210636,-0.5750244947850024,-1.9155669420411876,-0.008086616344465355,3.063956244779812
1772,941446.9279465721,941446.9437910417,right,-0.12443552911281586,0.14910493791103363,0.34864649176597595,-0.9542447924613953,-0.021592579782009125,0.2982460856437683,-0.879567563533783,2.093510389328003,-1.2618573904037476,-0.03419897760677911,-0.8051842418016179,0.028307931226240923,-0.5913606980091194,-1.873723673182344,0.021594238004192672,3.055431970616157
1773,941446.9479465721,941446.9689148334,right,-0.044248104095458984,0.1904274821281433,0.3462183475494385,-0.9649903774261475,-0.05039612948894501,0.2573974132537842,-0.8336781859397888,2.083662748336792,-1.2150402069091797,-0.04914408271632065,-0.7925818251695504,0.02264333463053671,-0.6073598922424728,-1.8314631209146595,0.050417463806313616,3.04573458930317
1774,941446.9679465721,941446.9840720834,right,-0.0035701487213373184,0.21400699019432068,0.337009072303772,-0.9730890393257141,-0.07639630138874054,0.21739612519741058,-0.6960036158561707,1.916013240814209,-1.0617964267730713,-0.06271851493049589,-0.7800007860759256,0.017227726149428284,-0.6223891545589125,-1.7905951237371973,0.07647079103046119,3.0361437903916073
1775,941446.9879465721,941447.0013693334,right,0.04198447987437248,0.23870941996574402,0.3329249620437622,-0.9785606861114502,-0.0979832261800766,0.18115757405757904,-0.5720679759979248,1.703916072845459,-0.9055563807487488,-0.07405873943225016,-0.7683903152089819,0.01245266988778311,-0.6355599470324729,-1.7538503826779477,0.09814066577296582,3.027523149328361
1776,941447.0079465722,941447.026511625,right,0.14170007407665253,0.27246853709220886,0.30215907096862793,-0.9820945858955383,-0.11759085953235626,0.1471817046403885,-0.5420347452163696,1.6551129817962646,-0.9296579957008362,-0.08424988248913208,-0.7573182845395909,0.007734720520422745,-0.6475423347530641,-1.7195542553417829,0.1178635352028613,3.0196202716072937
1777,941447.0279465722,941447.0451177501,right,0.24581366777420044,0.3085705041885376,0.27910318970680237,-0.9839245080947876,-0.13875263929367065,0.1124272271990776,-0.5833929181098938,1.7338709831237793,-1.0842182636260986,-0.0950660540176605,-0.7457936936216965,0.0023103797021036135,-0.6593547525721887,-1.6845668919220202,0.1392017268798884,3.011154247966903
1778,941447.0479465722,941447.0613482917,right,0.30739179253578186,0.34206584095954895,0.30064117908477783,-0.9837958216667175,-0.16248025000095367,0.07580172270536423,-0.6019425392150879,1.7847331762313843,-1.1982697248458862,-0.10705793643816935,-0.73340600239312,-0.004056606756458882,-0.671295583293979,-1.6476945667187402,0.16320376802080386,3.001494472921908
1779,941447.0679465722,941447.08619175,right,0.33083218336105347,0.3667428493499756,0.32549986243247986,-0.9816716909408569,-0.1864805966615677,0.03931451216340065,-0.5441697239875793,1.696892261505127,-1.1512160301208496,-0.11919075010701724,-0.7207926190329677,-0.01073388874764016,-0.6827417648999483,-1.6108233889498709,0.18757865656735237,2.9911166206313613
1780,941447.0879465722,941447.1035270417,right,0.36959388852119446,0.38236746191978455,0.3229854106903076,-0.9782111048698425,-0.2075183093547821,0.006264513358473778,-0.458598792552948,1.4610064029693604,-0.9539749026298523,-0.12993430120255547,-0.7091198060024616,-0.016772509461573524,-0.6928094025037596,-1.5772002074188136,0.20903732495344474,2.9811764385126103
1781,941447.1079465722,941447.1214312084,right,0.43183839321136475,0.3945913016796112,0.30600982904434204,-0.9744441509246826,-0.2236136496067047,-0.021339155733585358,-0.3576725125312805,1.1882734298706055,-0.7052474021911621,-0.1383166041875276,-0.6991900184189883,-0.02153368876370203,-0.7010977540803752,-1.548900945539632,0.22552040509490315,2.9726997681219807
1782,941447.1279465723,941447.1637681667,right,0.49766355752944946,0.4034543037414551,0.2854619324207306,-0.9710742235183716,-0.23480604588985443,-0.043368835002183914,-0.2634514272212982,0.9423913359642029,-0.47112852334976196,-0.1443241045457382,-0.691153643384894,-0.024943623711685417,-0.7077110761519075,-1.52616522457891,0.23701900295526884,2.9660082798252208
1783,941447.1479465723,941447.1649867084,right,0.5643748641014099,0.40570902824401855,0.2707795798778534,-0.9683199524879456,-0.24212439358234406,-0.061090849339962006,-0.180816650390625,0.7811011672019958,-0.3129187226295471,-0.14837034497936083,-0.684622510086892,-0.027323131495434954,-0.7131140117327307,-1.5077902185699128,0.24455477547425752,2.961073720159731
1784,941447.1679465723,941447.1848256667,right,0.5979271531105042,0.39979851245880127,0.2538464367389679,-0.9661844372749329,-0.24657182395458221,-0.07543143630027771,-0.08549142628908157,0.62404865026474,-0.15782278776168823,-0.1507951788942611,-0.6792937114621566,-0.029056768096412014,-0.7176186337354232,-1.4928828177136582,0.24914122455142368,2.9579743657685134
1785,941447.1879465723,941447.2067621667,right,0.6105502247810364,0.3791126012802124,0.23924502730369568,-0.9650343060493469,-0.24779072403907776,-0.08548982441425323,0.038659803569316864,0.3936173617839813,0.03261028230190277,-0.1513216519066215,-0.6755379881591145,-0.030057839833509285,-0.7210039379048614,-1.4824395510563015,0.2503991597319883,2.957236648121985
1786,941447.2079465723,941447.2294593333,right,0.6182183027267456,0.3544824421405792,0.22418075799942017,-0.9652402997016907,-0.24540206789970398,-0.0899384468793869,0.16532345116138458,0.12412677705287933,0.22581057250499725,-0.14962076443692512,-0.6738806305638673,-0.03025939269274291,-0.722898923448789,-1.4778872399218375,0.24793438720062239,2.959512218491805
1787,941447.2279465724,941447.2666451667,right,0.6400212645530701,0.33613041043281555,0.2094426155090332,-0.9665969610214233,-0.24029091000556946,-0.08916637301445007,0.24165506660938263,-0.07746972143650055,0.31784021854400635,-0.14618048004532536,-0.6741851786892163,-0.0298515968863569,-0.72333569165133,-1.4788088536509445,0.2426654966762764,2.9642726591552413
1788,941447.2479465724,941447.26753025,right,0.6646890044212341,0.3127211034297943,0.19370973110198975,-0.9683334827423096,-0.23454821109771729,-0.08554218709468842,0.2842199206352234,-0.15634891390800476,0.3033169209957123,-0.14201725528833611,-0.675542628072347,-0.029513099619886855,-0.722912366970129,-1.4826853772639275,0.23675376599625125,2.9705546584684805
1789,941447.2679465724,941447.2837708334,right,0.685738742351532,0.3065119683742523,0.18412861227989197,-0.9698705077171326,-0.22972868382930756,-0.0810936987400055,0.2971775233745575,-0.15784651041030884,0.23520678281784058,-0.1380938759225032,-0.6771846656829568,-0.029564156652039784,-0.7221337271004926,-1.4873773685037184,0.23179887684682757,2.9770673059310613
1790,941447.2879465724,941447.30378325,right,0.6793919801712036,0.306794673204422,0.18709415197372437,-0.9710742235183716,-0.22618885338306427,-0.07650865614414215,0.3018084764480591,-0.18685489892959595,0.19531778991222382,-0.13465434444542507,-0.6788531740596353,-0.030066596048881775,-0.7211952855090391,-1.4921710152043617,0.22816332665392947,2.983450348670973
1791,941447.3079465724,941447.3303016251,right,0.6317729949951172,0.30113711953163147,0.19854788482189178,-0.9725039601325989,-0.2221260517835617,-0.06997273862361908,0.3687995374202728,-0.3570059537887573,0.28486841917037964,-0.13079447030255398,-0.6812358689941495,-0.030516897541186746,-0.7196383087581972,-1.4989689143669818,0.22399443056941767,2.9905904456223533
1792,941447.3279465724,941447.3438586667,right,0.5820883512496948,0.2953416407108307,0.20527197420597076,-0.9748023748397827,-0.21530768275260925,-0.058333463966846466,0.45759615302085876,-0.6523875594139099,0.4702610969543457,-0.1254432420842415,-0.6855066173882838,-0.030230872312804632,-0.7165407925358849,-1.5110262003150365,0.21700685930223101,2.999469066227815
1793,941447.3479465725,941447.3626255417,right,0.54973965883255,0.28743672370910645,0.20218628644943237,-0.977988600730896,-0.20471857488155365,-0.04035528749227524,0.5412549376487732,-0.9632571339607239,0.6582062840461731,-0.11820574788124245,-0.6920896172842746,-0.02888384927691364,-0.7114808874642131,-1.5295560821519298,0.2061761639367841,3.0102188510655083
1794,941447.3679465725,941447.3861825417,right,0.5150303244590759,0.2775532007217407,0.1855015903711319,-0.9814876317977905,-0.1908203363418579,-0.01641230657696724,0.5888581275939941,-1.2428234815597534,0.7878573536872864,-0.10937113799114859,-0.7007739803931667,-0.02663896301609524,-0.7044458723094448,-1.5540759337318506,0.19199774463639946,3.022368497150794
1795,941447.3879465725,941447.408536375,right,0.4678317606449127,0.26329123973846436,0.1852126568555832,-0.9845690131187439,-0.1745530664920807,0.012455799616873264,0.6190633773803711,-1.457855224609375,0.8532887697219849,-0.09954617609794847,-0.7111019241142988,-0.02370469585040699,-0.695602410759302,-1.5834465866687577,0.17545182297642223,3.034980973888104
1796,941447.4079465725,941447.4223065,right,0.4177883565425873,0.2626597285270691,0.19511984288692474,-0.9865049123764038,-0.15759524703025818,0.044408392161130905,0.602332592010498,-1.5603675842285156,0.8189493417739868,-0.0896147582445448,-0.7223455231909848,-0.020520734371217535,-0.6853941885893168,-1.615781759102897,0.15825496932839583,3.0470759291093135
1797,941447.4279465725,941447.4634229584,right,0.3598509728908539,0.26414918899536133,0.2089669406414032,-0.9869028925895691,-0.14159832894802094,0.0772830918431282,0.5679507851600647,-1.5826237201690674,0.7390998005867004,-0.08046498750284378,-0.7337148195773426,-0.01743759527166083,-0.674450803829683,-1.6489454749013832,0.14207580503096276,3.0576990696399906
1798,941447.4479465726,941447.464502625,right,0.2866380512714386,0.2600926160812378,0.23171724379062653,-0.9857634902000427,-0.12665237486362457,0.1105884462594986,0.5600308775901794,-1.6415334939956665,0.6859548687934875,-0.07195638697158711,-0.745036510478023,-0.014655340364887819,-0.6629692335117683,-1.6825147022541167,0.12699341940642644,3.0673550097026143
1799,941447.4679465726,941447.483779,right,0.19734090566635132,0.24636591970920563,0.2555457651615143,-0.9830639958381653,-0.11141232401132584,0.14550720155239105,0.5900493264198303,-1.7678821086883545,0.7140865325927734,-0.06329099580657757,-0.7567095389511024,-0.012009864291099398,-0.6505694736404835,-1.7177433014771788,0.1116440876642927,3.0769712236197297
1800,941447.4879465726,941447.507428125,right,0.11192569136619568,0.23986119031906128,0.2694152891635895,-0.9786240458488464,-0.09473539888858795,0.18253827095031738,0.6791670322418213,-1.8806403875350952,0.7695778608322144,-0.05381718217326263,-0.7688827755110907,-0.009400475446897441,-0.6370515251453793,-1.7552025469820607,0.0948776636876146,3.0872084707483025
1801,941447.5079465726,941447.5237385001,right,0.009392163716256618,0.20342661440372467,0.2627793550491333,-0.9721489548683167,-0.07577879726886749,0.221775084733963,0.8037223815917969,-2.011518955230713,0.8683863282203674,-0.04308982190825425,-0.781563619773855,-0.006768377794744306,-0.6222988228366416,-1.7950866400284535,0.07585149514166624,3.0984054402880856
1802,941447.5279465726,941447.5439454167,right,-0.07171216607093811,0.13582174479961395,0.2588295340538025,-0.9633150100708008,-0.05399840325117111,0.2628850042819977,0.9352306723594666,-2.092388868331909,0.9326480627059937,-0.030776016932866784,-0.7946224659047778,-0.004195681995903123,-0.6063088478764992,-1.8372055322144822,0.05402466330650014,3.110891472203324
1803,941447.5479465727,941447.5668154167,right,-0.0916169062256813,0.10057008266448975,0.22453171014785767,-0.9524158835411072,-0.031274937093257904,0.3031923770904541,0.9970580339431763,-1.9943349361419678,0.8278741836547852,-0.017670934677489786,-0.807211703345577,-0.002327613805440825,-0.5899927874774111,-1.8789929553762796,0.031280021962663544,3.124489756698531
1804,941447.5679465727,941447.5876803751,right,-0.13201689720153809,0.07666998356580734,0.19344167411327362,-0.9406656622886658,-0.011095009744167328,0.3391532003879547,0.9989451766014099,-1.7650147676467896,0.6189914345741272,-0.005290710465152135,-0.8182738327049297,-0.002119428420061946,-0.5748003008036064,-1.9168350598741088,0.011095223689851693,3.138978831087085
1805,941447.5879465727,941447.6022270834,right,-0.18640553951263428,0.05430247262120247,0.16625764966011047,-0.9288533329963684,0.006154342088848352,0.3703964054584503,0.9869238138198853,-1.593243956565857,0.4841259717941284,0.005944371886277396,-0.8277604493380875,-0.0032855710673428545,-0.5610404985008007,-1.9502395593709274,-0.006154393879413711,-3.129482728347887
1806,941447.6079465727,941447.6267089167,right,-0.22237032651901245,0.036231301724910736,0.13578632473945618,-0.9166982173919678,0.022460229694843292,0.3989482522010803,0.9821661710739136,-1.53902268409729,0.47925204038619995,0.0166906082207431,-0.8363308512727784,-0.0049799415502397365,-0.5479482098035525,-1.9812756734373675,-0.022462129868366088,-3.114961848653532
1807,941447.6279465727,941447.6438185418,right,-0.22070568799972534,0.03392965719103813,0.09642567485570908,-0.9036431312561035,0.039634592831134796,0.426448255777359,0.9422416090965271,-1.5456326007843018,0.5249555110931396,0.027471415987475073,-0.8445022744168941,-0.006324441186629367,-0.5348095049081478,-2.011729472292081,-0.03964498840056024,-3.1014844333245324
1808,941447.6479465727,941447.6651570834,right,-0.25160494446754456,0.03365153446793556,0.12444867938756943,-0.8896706700325012,0.05703530088067055,0.45302632451057434,0.9097887277603149,-1.5292348861694336,0.5205917954444885,0.0379114369069501,-0.8523263288905856,-0.00727641850326643,-0.521583649544962,-2.041782109590014,-0.05706627809771932,-3.0895326859790604
1809,941447.6679465728,941447.69012825,right,-0.3511931896209717,0.016370508819818497,0.178911030292511,-0.873995304107666,0.07469263672828674,0.4801599681377411,0.8427939414978027,-1.6747417449951172,0.5738312602043152,0.047991030439147195,-0.8602440093535044,-0.007758050662323051,-0.5075598968742926,-2.073167200348196,-0.07476226862398534,-3.0793142850330075
1810,941447.6879465728,941447.7037973334,right,-0.376203328371048,0.011669500730931759,0.17620988190174103,-0.8556748628616333,0.09318456798791885,0.509055495262146,0.7524990439414978,-1.8011935949325562,0.5873078107833862,0.05792362426947492,-0.8686026381319846,-0.007560805049738552,-0.49205410412663014,-2.107469842816664,-0.09331996437677907,-3.071089976520959
1811,941447.7079465728,941447.7461671251,right,-0.33411192893981934,0.006563917733728886,0.14282864332199097,-0.836443305015564,0.10955779254436493,0.5369912981987,0.6497538685798645,-1.6572850942611694,0.4191852807998657,0.06664579685115052,-0.8766054713310182,-0.007645510117077527,-0.47651097021928857,-2.141522495921197,-0.10977816253274048,-3.064130281990783
1812,941447.7279465728,941447.7470944584,right,-0.3296363949775696,-0.007358950562775135,0.1431470811367035,-0.8189848065376282,0.12159617990255356,0.5607836246490479,0.6007499694824219,-1.3946335315704346,0.23434993624687195,0.0734625370464153,-0.8833535402080863,-0.008848385713136562,-0.4628298753914226,-2.1712003125439243,-0.12189784737605847,-3.0572335836080344
1813,941447.7479465728,941447.7653427917,right,-0.34770557284355164,-0.01763978786766529,0.178949236869812,-0.8035579919815063,0.1314936876296997,0.5805203914642334,0.5947771668434143,-1.2168699502944946,0.19205571711063385,0.0794029863290143,-0.8889011562052123,-0.01071875589762231,-0.4510376926736663,-2.1964227039154647,-0.13187559985110373,-3.0499869782529214
1814,941447.7679465729,941447.79512725,right,-0.3346213698387146,-0.014124616049230099,0.18773189187049866,-0.7894361019134521,0.14200296998023987,0.5971812605857849,0.6467143297195435,-1.0859005451202393,0.24319519102573395,0.08561875180575593,-0.893551646243141,-0.012492046956937097,-0.44054366147488583,-2.218422522899637,-0.14248459694729418,-3.0426683468835125
1815,941447.7879465729,941447.80635225,right,-0.34938859939575195,-0.03600256145000458,0.1793932467699051,-0.7756891846656799,0.15521559119224548,0.6117305755615234,0.73927241563797,-1.0472840070724487,0.37940752506256104,0.09302496378780176,-0.8975957526911028,-0.013678560753859233,-0.4306751173741465,-2.2385647524728762,-0.15584568777974814,-3.0354263500116208
1816,941447.8079465729,941447.8237117084,right,-0.33695611357688904,-0.06244711950421333,0.16697274148464203,-0.7615165710449219,0.17186392843723297,0.6249439716339111,0.8387987613677979,-1.0022122859954834,0.4872994124889374,0.10191836581720529,-0.9012623813419319,-0.014073396485874983,-0.4208807170458877,-2.2580066680398745,-0.17272144678787024,-3.028514255022143
1817,941447.8279465729,941447.8567415001,right,-0.2717224061489105,-0.07401487976312637,0.12797434628009796,-0.7480146884918213,0.18980659544467926,0.6359615325927734,0.8605286478996277,-0.842664897441864,0.43323183059692383,0.11147134100807343,-0.9043093426050774,-0.014329853937420521,-0.4118170475779954,-2.275405969205942,-0.19096515578179019,-3.021394807233793
1818,941447.8479465729,941447.8889690834,right,-0.2532442808151245,-0.11378020793199539,0.06577388197183609,-0.7370069026947021,0.20686760544776917,0.6434487104415894,0.890388011932373,-0.6768021583557129,0.3474302589893341,0.1209682915783981,-0.906360244094063,-0.01534395532404345,-0.40452716122586657,-2.2885244922048744,-0.20837222201840416,-3.012773627938886
1819,941447.867946573,941447.8898174167,right,-0.2796156704425812,-0.15745830535888672,0.061306726187467575,-0.7269706726074219,0.22375930845737457,0.6491881012916565,0.9486135840415955,-0.6521432399749756,0.36376553773880005,0.13052364787083123,-0.9079189742370274,-0.01664814730597564,-0.39795665447182715,-2.2997329629048453,-0.2256698839665473,-3.0035497387195877
1820,941447.887946573,941447.9037875001,right,-0.2597491443157196,-0.17191657423973083,0.031441736966371536,-0.7166172862052917,0.24145296216011047,0.6543392539024353,0.9532611966133118,-0.6460583209991455,0.37167102098464966,0.14046252721751037,-0.9093127800751661,-0.01788457392627074,-0.39128071505450146,-2.310798908429548,-0.2438628375838459,-2.994271287647303
1821,941447.907946573,941447.9486629583,right,-0.20392940938472748,-0.16974838078022003,-0.002304516499862075,-0.7071791887283325,0.25797024369239807,0.6582927703857422,0.8461287617683411,-0.5153588056564331,0.25095975399017334,0.1498652632522077,-0.9103694675480819,-0.019333474666376034,-0.38521965104872097,-2.320407832580803,-0.2609207548934216,-2.985012181892891
1822,941447.927946573,941447.9495776667,right,-0.16617663204669952,-0.15273916721343994,-0.017629794776439667,-0.7011839747428894,0.2700890302658081,0.6598427295684814,0.678507924079895,-0.28827664256095886,0.043701838701963425,0.15730041357816407,-0.9107452204878924,-0.021551625732103317,-0.3812284008334837,-2.3258286780265687,-0.27348548228269914,-2.975494430138093
1823,941447.947946573,941447.9638393751,right,-0.20562712848186493,-0.15077412128448486,-0.008647316135466099,-0.6978372931480408,0.27826452255249023,0.6599936485290527,0.5591192841529846,-0.25838321447372437,0.017577635124325752,0.16283646906582272,-0.9107201828318455,-0.02419817596510878,-0.3787972679729862,-2.328330988150698,-0.2819867844397063,-2.966372794471952
1824,941447.967946573,941447.986291875,right,-0.23977117240428925,-0.16393424570560455,0.0028087396640330553,-0.6925126910209656,0.286657452583313,0.6620074510574341,0.5098066926002502,-0.48256972432136536,0.19535692036151886,0.16795575647006672,-0.9112261170090823,-0.025896940043797643,-0.37521624271313114,-2.33367712206758,-0.29073602445544516,-2.9597684699702786
1825,941447.9879465731,941448.0086332083,right,-0.21094641089439392,-0.1637338250875473,-0.0025708249304443598,-0.6830210089683533,0.29707422852516174,0.6672552227973938,0.46863698959350586,-0.6690077781677246,0.3309178948402405,0.1733590399097139,-0.9126555777381019,-0.02621778723348885,-0.3692142594407834,-2.3445189392079646,-0.3016270841502561,-2.956351123453247
1826,941448.0079465731,941448.0234477083,right,-0.1366332769393921,-0.15005271136760712,-0.009468087926506996,-0.6725534200668335,0.30659082531929016,0.673553466796875,0.35478147864341736,-0.5789664387702942,0.20427310466766357,0.1780674807277994,-0.9143778080161217,-0.02626646776107039,-0.36265046314338767,-2.356937319350657,-0.3116092798787834,-2.9543481674884213
1827,941448.0279465731,941448.0475432083,right,-0.08522631227970123,-0.130929633975029,-0.003098482731729746,-0.6661262512207031,0.31129199266433716,0.6777703762054443,0.21682840585708618,-0.30715736746788025,-0.07538041472434998,0.18078478664559205,-0.915493303126792,-0.027516732939643018,-0.3583734994442767,-2.3648586500549755,-0.31655226698693056,-2.951073491953351
1828,941448.0479465731,941448.06506175,right,-0.07657966762781143,-0.1141827404499054,0.018666783347725868,-0.6645482182502747,0.31118839979171753,0.6793654561042786,0.12746748328208923,-0.11644010990858078,-0.25512391328811646,0.1816243743619869,-0.9158470355049306,-0.03011476811304587,-0.3568331156080948,-2.367219401776751,-0.31644326225939673,-2.9459120084169936
1829,941448.0679465731,941448.0853491251,right,-0.08020637184381485,-0.09666009992361069,0.040946684777736664,-0.6651017069816589,0.3091849684715271,0.6797385215759277,0.1231464147567749,-0.07623530179262161,-0.2644513249397278,0.18171930113449156,-0.9158425110469554,-0.03319215062818014,-0.35652333446485807,-2.36707764883349,-0.3143358901089554,-2.9400506567505467
1830,941448.0879465732,941448.1062427917,right,-0.07504114508628845,-0.08165345340967178,0.04685060679912567,-0.6650795340538025,0.30819979310035706,0.680207371711731,0.16424930095672607,-0.14054183661937714,-0.1638549119234085,0.18221252005417007,-0.9158678747543764,-0.035912271374257045,-0.3559423238728515,-2.3674389781402465,-0.3133001280923128,-2.9346186183494307
1831,941448.1079465732,941448.1249316251,right,-0.06529496610164642,-0.07081014662981033,0.03806661441922188,-0.6631091237068176,0.3095107674598694,0.6815347075462341,0.22164465487003326,-0.2396441102027893,-0.0431528314948082,0.18357206294065356,-0.916150509597931,-0.037888683513145234,-0.354307808879786,-2.369896481271634,-0.31467849049622376,-2.930214160645852
1832,941448.1279465732,941448.1842952501,right,-0.0682610273361206,-0.07828138768672943,0.02830667793750763,-0.6582935452461243,0.31384479999542236,0.6842155456542969,0.26450610160827637,-0.3098246157169342,0.036349959671497345,0.1860747424673538,-0.9168369814905275,-0.038957455764683804,-0.35109600459522244,-2.37550061535062,-0.3192397318236246,-2.9271018973858682
1833,941448.1479465732,941448.1844016667,right,-0.07124913483858109,-0.08576175570487976,0.018601655960083008,-0.6534560918807983,0.31818801164627075,0.6868417859077454,0.3073675334453583,-0.3800050914287567,0.11585274338722229,0.18857405518894788,-0.9175068453745274,-0.04002550745476193,-0.34787784586006393,-2.381098393657246,-0.32381753425816556,-2.9240119657459784
1834,941448.1679465732,941448.1846862084,right,-0.1224038302898407,-0.1439008116722107,-0.020705174654722214,-0.6471850275993347,0.32465922832489014,0.6897445321083069,0.3260936141014099,-0.41739732027053833,0.17184823751449585,0.19199197245066657,-0.9182710977188905,-0.040625480076577875,-0.343899287258504,-2.388017427302598,-0.3306513997046625,-2.9213175604843147
1835,941448.1879465732,941448.2062483334,right,-0.168895423412323,-0.19354330003261566,-0.054934803396463394,-0.6406835317611694,0.3315068781375885,0.692551851272583,0.31490740180015564,-0.36275893449783325,0.16269001364707947,0.19550368595598386,-0.919020499739753,-0.040953941724101266,-0.3398565481182736,-2.395078923482418,-0.33790030350695627,-2.919124254564851
1836,941448.2079465733,941448.2300014584,right,-0.196556955575943,-0.22920429706573486,-0.08020110428333282,-0.6355494260787964,0.3370658755302429,0.6945961117744446,0.23564234375953674,-0.23373010754585266,0.09395138919353485,0.19838733702812988,-0.9195619838032437,-0.041276781548659935,-0.33666673999408775,-2.4005564332042035,-0.34379864464695126,-2.9171989658220343
1837,941448.2279465733,941448.2446971667,right,-0.19176535308361053,-0.2232847809791565,-0.08062820136547089,-0.6334357261657715,0.33959880471229553,0.6952927112579346,0.10191261768341064,-0.02585865929722786,-0.04638912156224251,0.19988585247792842,-0.9197241150667621,-0.04187925610522148,-0.3352601232950736,-2.402714327485064,-0.34649030268906317,-2.9152672970862743
1838,941448.2479465733,941448.2653678751,right,-0.15162962675094604,-0.1805523931980133,-0.07309787720441818,-0.6355932354927063,0.33821359276771545,0.6939974427223206,-0.048943959176540375,0.20797500014305115,-0.19486011564731598,0.19966396516186827,-0.9193222642028207,-0.042956665583488436,-0.33635620014662737,-2.400092659596337,-0.3450179563265259,-2.912950258424156
1839,941448.2679465733,941448.286576375,right,-0.11323650926351547,-0.12187236547470093,-0.044061701744794846,-0.6413861513137817,0.33361026644706726,0.6908894181251526,-0.16243970394134521,0.36661508679389954,-0.25179654359817505,0.19794595218872202,-0.9184206065957468,-0.044139021215461614,-0.3396656807300777,-2.3933342269125637,-0.34013065148249033,-2.910905901379582
1840,941448.2879465733,941448.3213426251,right,-0.09856894612312317,-0.07992821931838989,-0.004995774943381548,-0.6482323408126831,0.32812413573265076,0.6871168613433838,-0.19893689453601837,0.3772554099559784,-0.1690312922000885,0.19563061927168543,-0.9173608772683438,-0.04480407775004806,-0.3437590977398616,-2.385305520774114,-0.33431707764634144,-2.91012772723669
1841,941448.3079465734,941448.3350265834,right,-0.0977192223072052,-0.06421097368001938,0.006774298381060362,-0.6533496379852295,0.32442253828048706,0.6840208172798157,-0.17923708260059357,0.2675112187862396,0.02027830109000206,0.19373011554441089,-0.9165446353335188,-0.0442302248250128,-0.3470710561080151,-2.3791243410686755,-0.3304011788902483,-2.91169317389647
1842,941448.3279465734,941448.3463493751,right,-0.09798410534858704,-0.06032658368349075,0.020243877544999123,-0.6557645201683044,0.32319340109825134,0.6822896599769592,-0.1598411500453949,0.19108331203460693,0.16760759055614471,0.1924835018163886,-0.9161651836137892,-0.04226278647377401,-0.34900627536698137,-2.376015455508068,-0.32910206166013684,-2.915874574039606
1843,941448.3479465734,941448.3650119167,right,-0.1276261955499649,-0.08902683109045029,0.008621339686214924,-0.6569570302963257,0.3235710561275482,0.6809619069099426,-0.16639631986618042,0.18234089016914368,0.23189887404441833,0.19172947573526536,-0.9159279463044531,-0.03945793858566994,-0.35036956629908417,-2.3741344665775688,-0.3295011430054424,-2.921436805091637
1844,941448.3679465734,941448.3851192084,right,-0.18387894332408905,-0.1309206336736679,0.0003306996659375727,-0.6581263542175293,0.3243275284767151,0.679471492767334,-0.21145616471767426,0.2255866974592209,0.23665007948875427,0.19101935743426665,-0.9156547285317872,-0.03622332048414379,-0.3518180470914593,-2.3721508424804014,-0.33030073312514974,-2.9277510615450524
1845,941448.3879465734,941448.4237789584,right,-0.22773849964141846,-0.1575324982404709,0.0038885208778083324,-0.6610337495803833,0.3237471282482147,0.6769211292266846,-0.261421263217926,0.3846667408943176,0.14193405210971832,0.1897063494783517,-0.9150770705885078,-0.033083024400451466,-0.35433171576705286,-2.3680682392865218,-0.3296872433405621,-2.934021380380742
1846,941448.4079465735,941448.424723,right,-0.26475319266319275,-0.18848606944084167,-0.01620061881840229,-0.6669417023658752,0.32112812995910645,0.6723582744598389,-0.28817513585090637,0.5695623755455017,0.04824792593717575,0.18759998100104985,-0.9139241989341352,-0.03035887133423923,-0.35864631394781904,-2.3602387206947966,-0.32692046939042846,-2.9395359746965526
1847,941448.4279465735,941448.4744257084,right,-0.3051326274871826,-0.22446052730083466,-0.03135149925947189,-0.6751339435577393,0.3169199824333191,0.6661497354507446,-0.3179570138454437,0.6635839939117432,-0.013345671817660332,0.18484830900306176,-0.9123018102879674,-0.027932649325013575,-0.3643571591629718,-2.3494962712807017,-0.3224802927581538,-2.9445617108224633
1848,941448.4479465735,941448.4885602917,right,-0.33729952573776245,-0.24654893577098846,-0.03765872120857239,-0.6842883825302124,0.311813086271286,0.6591829657554626,-0.36401140689849854,0.6826005578041077,-0.0604512095451355,0.18172019723580554,-0.9104552541798914,-0.025742323755650758,-0.37065667858301204,-2.3375095766351817,-0.31710066229216,-2.9492953443391716
1849,941448.4679465735,941448.4895601667,right,-0.35858169198036194,-0.2577986419200897,-0.03006610833108425,-0.694215714931488,0.30524197220802307,0.6518374085426331,-0.42019936442375183,0.7304158210754395,-0.16621142625808716,0.17796010283502553,-0.908484012765041,-0.0239892279926608,-0.3773745653128926,-2.3247214332005037,-0.3101925133334329,-2.9536696826075226
1850,941448.4879465735,941448.5139484167,right,-0.3707060217857361,-0.26827186346054077,-0.017541849985718727,-0.7057411074638367,0.29612472653388977,0.6436145305633545,-0.4907456636428833,0.8243881464004517,-0.31635117530822754,0.1731729441870248,-0.9062427061676135,-0.023051912687492654,-0.38497261266617333,-2.3101852192133685,-0.3006328425679416,-2.9572119571942923
1851,941448.5079465735,941448.526387625,right,-0.38550207018852234,-0.2671337127685547,0.019299615174531937,-0.7193858027458191,0.2837591767311096,0.634006917476654,-0.561654269695282,0.9500089883804321,-0.49118325114250183,0.16711273641523777,-0.903585602965354,-0.02316234238712548,-0.3937891586552689,-2.2931928156693364,-0.2877121566309553,-2.9596821961266824
1852,941448.5279465736,941448.5701153751,right,-0.40580329298973083,-0.2502329349517822,0.05936641991138458,-0.7353790998458862,0.26770102977752686,0.6225382089614868,-0.6437342166900635,1.0858412981033325,-0.6640911102294922,0.15956447981276917,-0.9003769923476398,-0.024297127248246553,-0.40406699367543353,-2.2732863920007755,-0.2710061903869692,-2.9613740079749915
1853,941448.5479465736,941448.5749079584,right,-0.42201921343803406,-0.23706310987472534,0.09533775597810745,-0.7531177997589111,0.24829374253749847,0.6092323064804077,-0.7166659235954285,1.1708989143371582,-0.790383517742157,0.15066642023041132,-0.896617320209067,-0.026334253177726308,-0.41555211535531195,-2.2509688522335125,-0.25091843170929534,-2.9626211096887634
1854,941448.5679465736,941448.5875533334,right,-0.42655450105667114,-0.2172173261642456,0.12817944586277008,-0.7711719870567322,0.2270064353942871,0.5947789549827576,-0.7519606351852417,1.1782217025756836,-0.8135765790939331,0.1409350008883338,-0.892504348873726,-0.02873020442708037,-0.4274902545184078,-2.22776943859453,-0.22900276650682755,-2.9642798231341074
1855,941448.5879465736,941448.6306762501,right,-0.41215017437934875,-0.19077461957931519,0.15201206505298615,-0.7881569266319275,0.20582716166973114,0.5800380706787109,-0.74050372838974,1.137308120727539,-0.7611492276191711,0.13113908926492823,-0.8882921428355097,-0.03092035075392624,-0.4390713400640776,-2.2052395852237168,-0.2073088962704215,-2.966892333348446
1856,941448.6079465736,941448.6309962501,right,-0.38357946276664734,-0.18027733266353607,0.13787652552127838,-0.8041420578956604,0.18564923107624054,0.5647033452987671,-0.7450701594352722,1.1553536653518677,-0.7515707015991211,0.12175000571021954,-0.8838965909407998,-0.03283985220808752,-0.45036128183133806,-2.183026168278653,-0.18673254116553478,-2.9700686274853174
1857,941448.6279465737,941448.646331875,right,-0.33772748708724976,-0.15279318392276764,0.14127404987812042,-0.8209080696105957,0.16386228799819946,0.5470458269119263,-0.8097876310348511,1.359483242034912,-0.9145036935806274,0.1117131515944209,-0.8788003669878806,-0.03511125706804319,-0.46259842958430514,-2.158608050874109,-0.16460460418967512,-2.9734718101769397
1858,941448.6479465737,941448.6662790834,right,-0.3103022873401642,-0.1101641058921814,0.141260027885437,-0.8401429057121277,0.1373908966779709,0.5246750116348267,-0.9407069683074951,1.641579270362854,-1.1480523347854614,0.0997956352834591,-0.8722718203198552,-0.03846214443528687,-0.4771827925637252,-2.129040874675272,-0.13782684492588626,-2.97695527831654
1859,941448.6679465737,941448.6960505,right,-0.2990368604660034,-0.05291105806827545,0.15283134579658508,-0.8610268235206604,0.10610006004571915,0.49736881256103516,-1.0584162473678589,1.829554796218872,-1.2848542928695679,0.08573646559959272,-0.864215841052844,-0.04260697500021677,-0.4939280803573137,-2.094616882630737,-0.10630014127388722,-2.9816745632409476
1860,941448.6879465737,941448.71234375,right,-0.30524808168411255,0.001202348037622869,0.17802567780017853,-0.880994439125061,0.07317297160625458,0.4674340486526489,-1.1374810934066772,1.8133848905563354,-1.2329785823822021,0.07058597094758517,-0.8553079669827613,-0.04653243983673865,-0.5111757725412955,-2.0586039840277324,-0.0732384308393808,-2.9888284445745015
1861,941448.7079465737,941448.7263395,right,-0.28570830821990967,0.05236851051449776,0.2203410118818283,-0.8982995748519897,0.041865091770887375,0.43738463521003723,-1.185118317604065,1.7088713645935059,-1.0994970798492432,0.05546599938572669,-0.8463219625564078,-0.04930940816048168,-0.5274763318921739,-2.0239113607061214,-0.04187733447347573,-2.9990081654035587
1862,941448.7279465738,941448.7928984168,right,-0.2572743594646454,0.09475883096456528,0.22739122807979584,-0.9125595092773438,0.013929390348494053,0.4087068438529968,-1.1966969966888428,1.6163934469223022,-1.0099616050720215,0.04091613242331354,-0.8377444770493893,-0.0503743139165984,-0.542192331510932,-1.9918763768536443,-0.013929844986462436,-3.012451073495676
1863,941448.7479465738,941448.7930694168,right,-0.23033201694488525,0.13671264052391052,0.23554491996765137,-0.925327718257904,-0.013569837436079979,0.3789255619049072,-1.2082756757736206,1.5239156484603882,-0.9204260110855103,0.026345686056828844,-0.8287456522429262,-0.05141386605741939,-0.5566356122829021,-1.9594689245661172,0.013570248568931572,-3.026782122947968
1864,941448.7679465738,941448.7936874167,right,-0.20404718816280365,0.16853000223636627,0.25480133295059204,-0.935799777507782,-0.03905073553323746,0.3503628373146057,-1.1975493431091309,1.4511890411376953,-0.8908132910728455,0.012186489833570428,-0.8200594591778454,-0.051806063134325564,-0.5697983816637688,-1.9290402420341237,0.0390606612912301,-3.042499326448499
1865,941448.7879465738,941448.8136260001,right,-0.16194413602352142,0.1980619728565216,0.29977744817733765,-0.9447444677352905,-0.06429902464151382,0.32143938541412354,-1.1676796674728394,1.4985259771347046,-0.9667656421661377,-0.001960745383672895,-0.8111517486538068,-0.05246419000107682,-0.5824743678532028,-1.8987494212172937,0.0643434044546787,-3.0584966126011293
1866,941448.8079465738,941448.8313590001,right,-0.11530105769634247,0.219803124666214,0.3030385971069336,-0.9526387453079224,-0.09047549962997437,0.2903333604335785,-1.0942543745040894,1.5871126651763916,-1.0461047887802124,-0.01625014930609225,-0.8013985932042521,-0.054101115874251725,-0.59545717594124,-1.8666211490725202,0.09059938177464491,-3.0739029826119064
1867,941448.8279465738,941448.8565527501,right,-0.0641307532787323,0.23519271612167358,0.300342321395874,-0.9593047499656677,-0.11642627418041229,0.25725308060646057,-0.9798609018325806,1.6486613750457764,-1.0567578077316284,-0.030060260186136806,-0.7908380320536522,-0.05658364780390363,-0.60866230195952,-1.8327980706439846,0.11669090591316177,-3.0883012720485263
1868,941448.8479465739,941448.8962265417,right,-0.010942449793219566,0.25898227095603943,0.303009957075119,-0.9646039009094238,-0.14134545624256134,0.222622811794281,-0.8843472003936768,1.7098584175109863,-1.0617367029190063,-0.04298856641458707,-0.7795779673718315,-0.05974576930952882,-0.6219651559265286,-1.797616661211986,0.14182038006507447,-3.1015013318512548
1869,941448.8679465739,941448.8975177084,right,0.05772354453802109,0.2953284978866577,0.29967331886291504,-0.9684227705001831,-0.16569626331329346,0.1862843632698059,-0.8565000891685486,1.7775391340255737,-1.0935941934585571,-0.055370877586106496,-0.7675351782319075,-0.06349716188635315,-0.635446152976388,-1.7608335385389766,0.1664639760274503,-3.114107108807805
1870,941448.8879465739,941448.9163115,right,0.12880639731884003,0.3347168564796448,0.31325843930244446,-0.9705268740653992,-0.19011656939983368,0.1480981409549713,-0.8635039925575256,1.8333803415298462,-1.1259270906448364,-0.0678212269244221,-0.7546388440093911,-0.06759618488546679,-0.649115683785173,-1.7222237089595562,0.19128086250720003,-3.127358806297308
1871,941448.9079465739,941448.9375607084,right,0.1929643601179123,0.36397087574005127,0.32459011673927307,-0.9707387089729309,-0.21383406221866608,0.109276182949543,-0.8706389665603638,1.778617262840271,-1.069836139678955,-0.08033385630174388,-0.741300565682747,-0.07149490769272014,-0.6625016210146907,-1.6828944567746251,0.21549811736657162,3.1411379471819423
1872,941448.9279465739,941448.94718,right,0.265619695186615,0.38167551159858704,0.30996596813201904,-0.9693863987922668,-0.23452362418174744,0.07272233068943024,-0.8304581046104431,1.575342059135437,-0.8822829127311707,-0.09199917170824042,-0.7285720619845175,-0.07445718808376324,-0.6746665490972142,-1.6456749107427469,0.23672847208554396,3.125500499291996
1873,941448.947946574,941448.9674324584,right,0.34474602341651917,0.3875955641269684,0.2856858968734741,-0.9673615097999573,-0.2500452995300293,0.04109674692153931,-0.7547215819358826,1.28011953830719,-0.621383011341095,-0.10182107932175963,-0.717489513939037,-0.0758757539508687,-0.6848971258565483,-1.6132540507294342,0.2527270256012674,3.1099898529104797
1874,941448.967946574,941448.9974774584,right,0.41830629110336304,0.38182342052459717,0.26522842049598694,-0.9654772281646729,-0.2600153088569641,0.015674786642193794,-0.6558367013931274,0.9783458113670349,-0.38276904821395874,-0.10941545680679768,-0.7085919375063772,-0.07572858027615119,-0.6929580644439579,-1.5870300875839718,0.26303802911232826,3.0956785123103154
1875,941448.987946574,941449.0125660001,right,0.4776884913444519,0.36973634362220764,0.24275295436382294,-0.9641186594963074,-0.26544252038002014,-0.003902699798345566,-0.5404853224754333,0.7323358058929443,-0.19267678260803223,-0.11495621840400227,-0.7017877882135155,-0.07444802936664119,-0.699096785767835,-1.5667483175862595,0.2686628543762987,3.0832294045752864
1876,941449.007946574,941449.027527875,right,0.5397102236747742,0.3545597791671753,0.21718011796474457,-0.9633156061172485,-0.26769816875457764,-0.018989458680152893,-0.40605324506759644,0.5878915190696716,-0.07180220633745193,-0.11865303954004376,-0.6965731392575074,-0.07273988791086118,-0.7038580401507897,-1.5510861905058237,0.27100319283020685,3.073358808184112
1877,941449.027946574,941449.0843383333,right,0.5762614011764526,0.3455709218978882,0.20461608469486237,-0.9630431532859802,-0.2675597369670868,-0.030978327617049217,-0.28048431873321533,0.5768991708755493,-0.022743094712495804,-0.12003007559453609,-0.6923772261312264,-0.07158611130243725,-0.7078714502635164,-1.5386402058091446,0.2708595117151671,3.0680447796836114
1878,941449.047946574,941449.084424,right,0.6126803159713745,0.33652061223983765,0.19204743206501007,-0.9626384973526001,-0.2673598825931549,-0.04296271502971649,-0.15491536259651184,0.5659068822860718,0.026316044852137566,-0.12140263866831265,-0.6881556912318364,-0.0704297257554912,-0.7118586697501456,-1.526195673145343,0.2706521003119012,3.0627333713021807
1879,941449.0679465741,941449.0898565,right,0.6289074420928955,0.3252696990966797,0.18583853542804718,-0.9622416496276855,-0.26666226983070374,-0.054610688239336014,-0.04619785398244858,0.5842114090919495,0.03900017589330673,-0.12154946892376406,-0.6839430625127154,-0.07011776823414571,-0.7159128234066547,-1.5141034466627181,0.26992821416178653,3.060443937830295
1880,941449.0879465741,941449.1135187917,right,0.6212039589881897,0.3138881325721741,0.17534798383712769,-0.9618880152702332,-0.26548320055007935,-0.06549862027168274,0.05146603286266327,0.5303433537483215,0.09501435607671738,-0.12070910066553561,-0.6799236447714702,-0.0703881133328745,-0.7198462637874233,-1.5028073856074124,0.2687050561025689,3.0605313385646045
1881,941449.1079465741,941449.1272473334,right,0.6025439500808716,0.3033410906791687,0.1667577624320984,-0.962052047252655,-0.2626737356185913,-0.07387973368167877,0.13614442944526672,0.38041505217552185,0.21434059739112854,-0.11861814359254413,-0.6768123492736927,-0.07060548747258112,-0.7230971910807377,-1.494152760482195,0.2657921751588859,3.062774643871141
1882,941449.1279465741,941449.1841780001,right,0.5924474000930786,0.2982460856437683,0.16536733508110046,-0.9635157585144043,-0.2565232813358307,-0.07637429982423782,0.14766187965869904,0.2018822431564331,0.2998373508453369,-0.11492268679794827,-0.6759735113679399,-0.069804153106171,-0.724554949953224,-1.4916953597763276,0.2594233843315675,3.0668606604344375
1883,941449.1479465741,941449.1842128334,right,0.5823009610176086,0.2931501269340515,0.1640031486749649,-0.9649296998977661,-0.2503718435764313,-0.07889509946107864,0.15917932987213135,0.023349428549408913,0.3853341341018677,-0.1112252510864711,-0.6751230928756708,-0.06900159337211215,-0.7260002811550302,-1.4892151761233015,0.2530642917637282,3.070955996458186
1884,941449.1679465742,941449.1883597084,right,0.5618297457695007,0.2838125228881836,0.16282027959823608,-0.9670285582542419,-0.24267558753490448,-0.07722915709018707,0.16237641870975494,-0.16321055591106415,0.4544846713542938,-0.10711887554459985,-0.6759012534956763,-0.06740085570162806,-0.7260442084529742,-1.4911030494477766,0.24512291394432276,3.0751248677837264
1885,941449.1879465742,941449.2087601668,right,0.5241119265556335,0.26845884323120117,0.16125176846981049,-0.9698612689971924,-0.2330826073884964,-0.07100273668766022,0.16397561132907867,-0.420346200466156,0.5721253156661987,-0.10247551183701051,-0.6784451929907201,-0.06489000066342672,-0.7245688835836511,-1.4977174495343863,0.23524638098388484,3.0793878078835903
1886,941449.2079465742,941449.2338340834,right,0.4870230555534363,0.25856173038482666,0.1699138730764389,-0.9734481573104858,-0.22105549275875092,-0.0594390407204628,0.17930032312870026,-0.6802248954772949,0.6818652153015137,-0.09711331419062581,-0.6830271447442751,-0.06127281631963507,-0.721310242220556,-1.509811652653533,0.22289659098028491,3.0837341538149716
1887,941449.2279465742,941449.248741875,right,0.4510459899902344,0.24446050822734833,0.1713739037513733,-0.9772858619689941,-0.20747637748718262,-0.043195463716983795,0.17734767496585846,-0.887024462223053,0.7178348898887634,-0.09132577760623926,-0.6893194024831576,-0.056929673227958943,-0.7164198082218769,-1.52662557454255,0.20899446678368555,3.0880323977744437
1888,941449.2479465742,941449.26911025,right,0.40650030970573425,0.22646842896938324,0.17427419126033783,-0.9807680249214172,-0.1937437355518341,-0.023606112226843834,0.17877689003944397,-1.0296322107315063,0.695000171661377,-0.08557312105769428,-0.6967398896942789,-0.05244452606177088,-0.7102677303097461,-1.5467318816146927,0.1949767472350699,3.092156926798436
1889,941449.2679465743,941449.2938676667,right,0.3567235469818115,0.21750189363956451,0.17982202768325806,-0.9835637807846069,-0.1805548518896103,-0.0014197439886629581,0.19399163126945496,-1.1573514938354492,0.6575334072113037,-0.08003145585377153,-0.7049616297028086,-0.048157939411965806,-0.7030680883466215,-1.5693527741533304,0.18155052504380934,3.0961950653470853
1890,941449.2879465743,941449.3087560417,right,0.3052692711353302,0.2081930786371231,0.18409019708633423,-0.9855772852897644,-0.16761532425880432,0.023288842290639877,0.23675501346588135,-1.2802162170410156,0.6524451375007629,-0.07446159743575936,-0.7139320757062724,-0.04410636098241194,-0.6948460247161283,-1.5944214927825024,0.1684102522984773,3.100499074308191
1891,941449.3079465743,941449.3536666668,right,0.2519436776638031,0.19688965380191803,0.1886846423149109,-0.9866790771484375,-0.15469197928905487,0.05034586787223816,0.29626908898353577,-1.3700580596923828,0.6425246596336365,-0.0686926097181308,-0.7235658383284577,-0.040315873161567144,-0.6856445188191063,-1.621777602158609,0.15531565905882172,3.105292779944682
1892,941449.3279465743,941449.3547408334,right,0.19488275051116943,0.18915577232837677,0.19964759051799774,-0.9867309927940369,-0.14182522892951965,0.07904118299484253,0.3331349492073059,-1.436130166053772,0.6190046072006226,-0.06266530130063773,-0.7335925026037196,-0.036913275959088186,-0.675686661937845,-1.6507296518720969,0.14230501722062056,3.110750437325581
1893,941449.3479465743,941449.3902670834,right,0.1421957165002823,0.1917034238576889,0.2072964310646057,-0.9856574535369873,-0.12925584614276886,0.1085016205906868,0.38003700971603394,-1.451863169670105,0.5842262506484985,-0.05645367044659834,-0.7437017216049822,-0.034036985535769525,-0.6652535775835514,-1.680435260937286,0.12961848413387866,3.116897728191849
1894,941449.3679465743,941449.3910630834,right,0.08962094038724899,0.18677918612957,0.20447257161140442,-0.9834847450256348,-0.11710353940725327,0.1380024552345276,0.44863301515579224,-1.4444283246994019,0.5443546772003174,-0.050090401941750275,-0.7536520430152088,-0.03177711999984409,-0.6545913592496688,-1.710205894876847,0.11737283379374301,3.1237895262061683
1895,941449.3879465744,941449.413876625,right,0.024508442729711533,0.18034763634204865,0.21050338447093964,-0.980245053768158,-0.10500785708427429,0.16761043667793274,0.5270048975944519,-1.4588823318481445,0.5387021899223328,-0.04336030468933531,-0.7634768131672685,-0.030138494452908896,-0.6436729026041347,-1.7401467804722972,0.10520178350978877,3.131738393580865
1896,941449.4079465744,941449.4638061251,right,-0.009354708716273308,0.1782538741827011,0.20238982141017914,-0.9758674502372742,-0.09152645617723465,0.19825634360313416,0.5913091897964478,-1.4936161041259766,0.5687456130981445,-0.03543734009245791,-0.7734890122461243,-0.029032304213801277,-0.6321519240924116,-1.77122752553458,0.09165471197078681,-3.141483423940473
1897,941449.4279465744,941449.463902625,right,-0.0442923903465271,0.17584346234798431,0.19459113478660583,-0.970415472984314,-0.07772842049598694,0.2285875678062439,0.6556135416030884,-1.5283496379852295,0.5987889766693115,-0.027503869720314565,-0.7832715715438313,-0.027917466211935534,-0.6204432927866654,-1.802135400752793,0.07780689009716374,-3.131958627251538
1898,941449.4479465744,941449.4891215834,right,-0.08773189038038254,0.16172336041927338,0.1891440451145172,-0.9638680219650269,-0.06286922097206116,0.2588554620742798,0.7012695670127869,-1.5183724164962769,0.5981482267379761,-0.01885645098761394,-0.792902139135285,-0.027090417046343594,-0.6084544758829104,-1.8331645332800588,0.06291070098601818,-3.121538128718707
1899,941449.4679465744,941449.48961425,right,-0.13664498925209045,0.1374974399805069,0.18565648794174194,-0.9561925530433655,-0.04704498499631882,0.2889338433742523,0.7514398694038391,-1.5404143333435059,0.6457394957542419,-0.009731268371545462,-0.802354106125677,-0.026358461922587874,-0.5961866354621853,-1.8642437585405935,0.04706234258889455,-3.110859461500018
1900,941449.4879465745,941449.5313738334,right,-0.15904654562473297,0.12726536393165588,0.1735304892063141,-0.9472370147705078,-0.029634732753038406,0.31916162371635437,0.7664466500282288,-1.5593922138214111,0.696882963180542,-6.026301427601805E-05,-0.8117512320439696,-0.02531206426533665,-0.5834546754536304,-1.8957888629274025,0.029639060967306466,-3.1005392300191987
1901,941449.5079465745,941449.5324341668,right,-0.1950674057006836,0.1105121448636055,0.16428516805171967,-0.9371542930603027,-0.011283335275948048,0.3487330675125122,0.77813720703125,-1.543196201324463,0.7181366682052612,0.009855298369611248,-0.8208454782989795,-0.024066507892243384,-0.5705580376582172,-1.927038853732514,0.011283564258098053,-3.0908118025385343
1902,941449.5279465745,941449.5484975,right,-0.24665923416614532,0.07095345109701157,0.15511491894721985,-0.9257466793060303,0.008280535228550434,0.37805402278900146,0.7958704829216003,-1.6006883382797241,0.7844833731651306,0.020123898666087523,-0.829770562739449,-0.02253409682141432,-0.5572864427717344,-1.9585035874576666,-0.008280638756147816,-3.0817290562953823
1903,941449.5479465745,941449.5942500834,right,-0.25380101799964905,0.04800701513886452,0.14022524654865265,-0.9127240180969238,0.02926991507411003,0.4075266718864441,0.7939775586128235,-1.6171742677688599,0.7991029620170593,0.030843100904471534,-0.838651345438893,-0.020669142970714014,-0.5434016459475146,-1.9907315473462739,-0.02927410452886243,-3.0733216018990785
1904,941449.5679465745,941449.5948079583,right,-0.244606152176857,0.04053889587521553,0.10297434031963348,-0.8989066481590271,0.04978477209806442,0.43530258536338806,0.7714634537696838,-1.5151084661483765,0.7222368121147156,0.04130233500706084,-0.8469289543128857,-0.019042214868096093,-0.5297573487848727,-2.0217710162009994,-0.0498053687056886,-3.0654093648104124
1905,941449.5879465746,941449.6150932501,right,-0.2706003189086914,0.015052085742354393,0.08546239882707596,-0.8849495649337769,0.06905759871006012,0.46053797006607056,0.7898609042167664,-1.4353193044662476,0.6679726839065552,0.05126723126302131,-0.8543693902488034,-0.017941170886832405,-0.5168197828973897,-2.0506394207255134,-0.06911260900721224,-3.057645295302935
1906,941449.6079465746,941449.6537425001,right,-0.3113393187522888,-0.035309240221977234,0.08427944779396057,-0.8703484535217285,0.08843115717172623,0.48443108797073364,0.8410825729370117,-1.4394114017486572,0.6585515141487122,0.061396746384527946,-0.8613475992979366,-0.017199160788077927,-0.5039989377367773,-2.078688225075435,-0.08854682648197416,-3.0495862501692756
1907,941449.6279465746,941449.6549572917,right,-0.3130057156085968,-0.07183960825204849,0.07696295529603958,-0.8549846410751343,0.10777697712182999,0.5073315501213074,0.8586313128471375,-1.3927037715911865,0.5724802613258362,0.0716999013421876,-0.8679729225848681,-0.016992135268413058,-0.4911143945149486,-2.106334527834943,-0.10798673369186693,-3.040914060501666
1908,941449.6479465746,941449.6859320417,right,-0.2923271358013153,-0.07972019165754318,0.05387135222554207,-0.8403408527374268,0.12468262761831284,0.527523934841156,0.8120129108428955,-1.2160606384277344,0.36416709423065186,0.0812040268519859,-0.873749999352978,-0.017968468765321186,-0.47921183736446515,-2.1313705974060975,-0.12500795967823283,-3.031282270513438
1909,941449.6679465746,941449.6900031251,right,-0.29824718832969666,-0.0879574865102768,0.05411333963274956,-0.8278228044509888,0.13733762502670288,0.543918788433075,0.7556553483009338,-1.016984224319458,0.15819746255874634,0.08910177757412488,-0.8783740641955652,-0.020453753324245216,-0.46914972758863227,-2.1521097239265186,-0.13777307670649216,-3.02061801336548
1910,941449.6879465746,941449.7137859167,right,-0.31391558051109314,-0.11070004850625992,0.05684304237365723,-0.8167567849159241,0.14758044481277466,0.5577887892723083,0.7557944059371948,-0.9535508751869202,0.11706464737653732,0.09605294416554962,-0.8822292220823318,-0.02378971011170148,-0.4603036639698251,-2.169974612910972,-0.14812148334871353,-3.0093609216860218
1911,941449.7079465747,941449.7300076251,right,-0.3010769486427307,-0.12063420563936234,0.05107995495200157,-0.8054566979408264,0.15845052897930145,0.5710803270339966,0.7569482922554016,-0.9578003287315369,0.1635155975818634,0.10315658060316042,-0.8858975875898096,-0.0269366697778664,-0.45146263534396397,-2.1875465015654036,-0.15912116159552372,-2.998432800974308
1912,941449.7279465747,941449.7750264584,right,-0.26792022585868835,-0.10833768546581268,0.05000009387731552,-0.7944952845573425,0.16929781436920166,0.5831942558288574,0.7087439298629761,-0.8393065333366394,0.11478854715824127,0.11009068290520208,-0.8892149828924414,-0.0298966841774659,-0.4430383143930944,-2.2040068837173874,-0.1701171572478662,-2.9880648082042134
1913,941449.7479465747,941449.7875582917,right,-0.2663971781730652,-0.1151759922504425,0.04609101265668869,-0.7852318286895752,0.1788100004196167,0.5928218960762024,0.6729785203933716,-0.7035361528396606,0.0712423250079155,0.11639819528901287,-0.8918070575869296,-0.033031739331285,-0.4359363298161836,-2.2174668825813706,-0.17977681892423825,-2.9778340042043356
1914,941449.7679465747,941449.7910959168,right,-0.2615886926651001,-0.13369019329547882,0.04216133803129196,-0.7766748070716858,0.18825291097164154,0.6011129021644592,0.6736072897911072,-0.6700634360313416,0.12698274850845337,0.12252744798484097,-0.8940178734777133,-0.035895070871497965,-0.4294537230464899,-2.2294543448954927,-0.18938294998264565,-2.9682196641179495
1915,941449.7879465747,941449.8339982918,right,-0.22689148783683777,-0.12954983115196228,0.03246729075908661,-0.768191933631897,0.1986105889081955,0.6086336970329285,0.6530596017837524,-0.6088520288467407,0.15977293252944946,0.12885648009191603,-0.896024417874635,-0.03817135533842779,-0.42317750244109403,-2.2408205575743922,-0.19994006229177735,-2.9595178617679787
1916,941449.8079465748,941449.8344873334,right,-0.18637944757938385,-0.11285924911499023,0.025199996307492256,-0.7612097263336182,0.20806144177913666,0.614223301410675,0.5745856165885925,-0.42805466055870056,0.08110793679952621,0.13468962648122895,-0.8974890031142227,-0.040312494767109186,-0.4180276363245046,-2.249732881068287,-0.209592610872262,-2.9513405432480178
1917,941449.8279465748,941449.8637685834,right,-0.18003901839256287,-0.10818078368902206,0.01037088967859745,-0.7567586898803711,0.21538904309272766,0.6171903610229492,0.4877830147743225,-0.2815530002117157,0.037447381764650345,0.13954931361061,-0.8982111035371347,-0.04256701742806439,-0.4146454712988003,-2.2549597720377346,-0.2170902072942525,-2.9434844527709494
1918,941449.8479465748,941449.885095,right,-0.1810092329978943,-0.10300430655479431,0.0034308366011828184,-0.7530829906463623,0.2222898006439209,0.6192361116409302,0.44322702288627625,-0.28551098704338074,0.12547153234481812,0.14393506957827334,-0.8987010659426898,-0.04420863466879221,-0.41190376426415803,-2.2589685451248576,-0.22416239838621885,-2.93705206748115
1919,941449.8679465748,941449.8901297083,right,-0.18078535795211792,-0.10269644111394882,0.008657176978886127,-0.7482430934906006,0.23072746396064758,0.6220107078552246,0.4518863260746002,-0.35485485196113586,0.266031950712204,0.14858376837836898,-0.8994462350295298,-0.04474148423580521,-0.4085554917437533,-2.2643303669896184,-0.232825253007238,-2.932581153091861
1920,941449.8879465748,941449.910339875,right,-0.1821480095386505,-0.1293051838874817,-0.0008763765217736363,-0.7415544986724854,0.24123919010162354,0.6260194182395935,0.4406394362449646,-0.44561567902565,0.38873618841171265,0.15376118711772235,-0.9005874826898883,-0.04417972525044813,-0.40416301365483925,-2.2719127274096818,-0.24364253998276786,-2.929947260014444
1921,941449.9079465749,941449.9439295001,right,-0.14556238055229187,-0.14139896631240845,-0.030034257099032402,-0.7340940237045288,0.2524142563343048,0.630391001701355,0.38789764046669006,-0.4029545187950134,0.3770510256290436,0.15897712063964137,-0.9018580703234068,-0.04298225210226118,-0.39941300270003555,-2.280338630926771,-0.2551744955593876,-2.9286192098233768
1922,941449.9279465749,941449.9662452501,right,-0.10697353631258011,-0.13996340334415436,-0.050790268927812576,-0.7284914255142212,0.2612645924091339,0.6332782506942749,0.2772504985332489,-0.21764537692070007,0.22480301558971405,0.1631598398103249,-0.9027014494462471,-0.04206155052772938,-0.3959038664307845,-2.28638926568084,-0.26433206095784373,-2.9274494256284678
1923,941449.9479465749,941449.9872662917,right,-0.0983186587691307,-0.12838797271251678,-0.04575514793395996,-0.7263416647911072,0.2660475969314575,0.6337555646896362,0.16121432185173035,-0.022411087527871132,0.05277938395738602,0.16565723097537202,-0.9028404363758075,-0.041915375694601666,-0.3945628297590958,-2.2882261119596445,-0.2692905215320585,-2.9257942499387997
1924,941449.9679465749,941449.9924353751,right,-0.10906434804201126,-0.11522086709737778,-0.02226918376982212,-0.7268978953361511,0.26745089888572693,0.6325259804725647,0.07354249805212021,0.08786319941282272,-0.038997434079647064,0.1666875018270185,-0.9024816730239765,-0.042306009871279596,-0.39490784553085684,-2.286885091571805,-0.27074656573777905,-2.924002391891356
1925,941449.9879465749,941450.013527625,right,-0.11930182576179504,-0.1032881811261177,0.0019478941103443503,-0.7283790707588196,0.26731184124946594,0.6308786869049072,0.01767510548233986,0.09658024460077286,-0.03716432675719261,0.166915899292954,-0.9020066101877051,-0.042700999580663514,-0.3958530622921272,-2.2845864356068923,-0.27060227783054996,-2.9227693544899993
1926,941450.007946575,941450.0625890001,right,-0.10981475561857224,-0.09397351741790771,-0.002692366950213909,-0.7289214134216309,0.2673056721687317,0.6302546858787537,0.007188646122813225,0.03921487554907799,0.012057068757712841,0.166889754564978,-0.9018414404736017,-0.0425360970597471,-0.3962579999077249,-2.2837284763171293,-0.27059585376824113,-2.9229792755432156
1927,941450.027946575,941450.06263575,right,-0.10032828152179718,-0.08465907722711563,-0.007332158274948597,-0.7294632196426392,0.26729971170425415,0.629630446434021,-0.0032978150993585587,-0.01815049536526203,0.061278462409973145,0.1668636171514726,-0.9016761493443254,-0.04237121344353951,-0.3966628435643769,-2.282870695712637,-0.2705896891678172,-2.923189170144064
1928,941450.047946575,941450.0762805834,right,-0.10564637929201126,-0.10097454488277435,-0.011029982008039951,-0.7281745076179504,0.26884105801582336,0.6304653882980347,0.027958493679761887,-0.1292678713798523,0.16573123633861542,0.16729233294013657,-0.9019439795370705,-0.04158998691235487,-0.3959553898651022,-2.2844011736565086,-0.272189597628232,-2.924454761942408
1929,941450.067946575,941450.0964342084,right,-0.09938927739858627,-0.1218595802783966,-0.010882494039833546,-0.7248860597610474,0.2724416255950928,0.6327052712440491,0.07477651536464691,-0.20880518853664398,0.24882125854492188,0.16846180237339128,-0.9026279190801965,-0.04019257911934022,-0.39404068974731954,-2.2883982375155365,-0.27592974455026786,-2.9265474535329914
1930,941450.087946575,941450.1342754167,right,-0.08001720160245895,-0.13673332333564758,-0.02161320298910141,-0.7209892272949219,0.2771279215812683,0.6351178884506226,0.09972167015075684,-0.17179527878761292,0.2375020533800125,0.17013211199495598,-0.9033648599020389,-0.038611441455513276,-0.39178586338478305,-2.292956909238976,-0.2808036476464088,-2.9286376737089976
1931,941450.107946575,941450.1346671667,right,-0.06957295536994934,-0.14553982019424438,-0.03331807255744934,-0.718643069267273,0.28088653087615967,0.6361250281333923,0.07890988886356354,-0.024900048971176147,0.11975417286157608,0.17159969768821157,-0.9036918011667578,-0.03746462843667226,-0.3905011011181774,-2.2953601915391584,-0.2847176946244749,-2.9298183222150813
1932,941450.127946575,941450.1512233334,right,-0.08633589744567871,-0.14754551649093628,-0.03858579695224762,-0.7190636992454529,0.2823643684387207,0.6349939703941345,0.03728711977601051,0.11956227570772171,-0.0044568502344191074,0.17234173976974382,-0.9033930755737324,-0.037120054778157344,-0.39089799717767426,-2.294186726890146,-0.28625787041034517,-2.9296449161572635
1933,941450.1479465751,941450.1937022917,right,-0.12062859535217285,-0.150531604886055,-0.03713671490550041,-0.7212395668029785,0.2821384370326996,0.6326228380203247,0.01778009906411171,0.1637313961982727,-0.04447150602936745,0.17246813948567283,-0.9027304978574058,-0.03726977414976185,-0.3923562666835944,-2.2908328800262923,-0.28602237675873465,-2.928782409077241
1934,941450.1679465751,941450.1949399167,right,-0.1534886509180069,-0.1665257215499878,-0.03496764227747917,-0.7232940196990967,0.28192567825317383,0.6303682327270508,0.030279740691184998,0.12091951072216034,-0.00790534820407629,0.1725741529229963,-0.9021015025137621,-0.0373759767971447,-0.39374382058286994,-2.287654266710864,-0.28580062007694657,-2.9280427355898477
1935,941450.1879465751,941450.2109504584,right,-0.18837696313858032,-0.194199338555336,-0.034742262214422226,-0.7244439721107483,0.2825692296028137,0.628757119178772,0.04210527241230011,0.07641593366861343,0.03722875565290451,0.17296945301284752,-0.9016625364062264,-0.037191467337894295,-0.39459221670809447,-2.285600444979593,-0.28647143313397666,-2.9277446571669334
1936,941450.2079465751,941450.2544361667,right,-0.22891569137573242,-0.23243893682956696,-0.04264344647526741,-0.725246787071228,0.2833046019077301,0.6274993419647217,0.009003468789160252,0.09002635627985,0.012228140607476234,0.1733378816417012,-0.9013259298548617,-0.03689432764590654,-0.39522686251966355,-2.28406124039922,-0.2872381332663696,-2.927748751730437
1937,941450.2279465751,941450.2549129167,right,-0.27144232392311096,-0.2726214528083801,-0.04762570932507515,-0.7271538376808167,0.28239017724990845,0.6257019639015198,-0.07347606122493744,0.18688437342643738,-0.09321094304323196,0.1729656401914971,-0.9008285224271442,-0.036863495598455455,-0.3965247789376096,-2.281343591285497,-0.2862847927968914,-2.927743144093691
1938,941450.2479465752,941450.2850872917,right,-0.3263002634048462,-0.30175086855888367,-0.041057683527469635,-0.7311686277389526,0.2786470949649811,0.622694194316864,-0.1668432354927063,0.31096014380455017,-0.19814039766788483,0.17134455255368833,-0.8999759098984599,-0.03728843425204582,-0.39911643213013726,-2.2762430171522476,-0.28238511232813335,-2.9276660189460384
1939,941450.2679465752,941450.2962442917,right,-0.3881455659866333,-0.318895548582077,-0.034547220915555954,-0.7364372611045837,0.27327343821525574,0.6188551187515259,-0.22041282057762146,0.3403601348400116,-0.17729228734970093,0.1688994882343213,-0.8988906995385704,-0.037723312784338596,-0.4025486243789659,-2.2696533396176526,-0.2767943462476171,-2.9281117439620905
1940,941450.2879465752,941450.313839375,right,-0.43434938788414,-0.336387574672699,-0.024784525856375694,-0.7412220239639282,0.2684842646121979,0.6152284741401672,-0.2426200807094574,0.3205675482749939,-0.0888039693236351,0.1664158227349959,-0.8978945921791299,-0.037409840621910516,-0.40582205724665404,-2.263575422613502,-0.27181917014844437,-2.930059134560723
1941,941450.3079465752,941450.3310104584,right,-0.44047847390174866,-0.3457654118537903,-0.021404873579740524,-0.7459744811058044,0.2638012170791626,0.6114987134933472,-0.3140910267829895,0.4027547538280487,-0.1196797639131546,0.16372508374244044,-0.8968922806582498,-0.036517969236897985,-0.4092000353919236,-2.2574532771755598,-0.26696090583119675,-2.933264636853908
1942,941450.3279465752,941450.3565705417,right,-0.43349435925483704,-0.3286795914173126,-0.014660877175629139,-0.753295361995697,0.2561034560203552,0.6057696342468262,-0.4357181489467621,0.6396313905715942,-0.3067595362663269,0.15968213208470827,-0.8953148622020468,-0.03600111270262442,-0.4142665077026704,-2.2480683437744493,-0.2589890634093929,-2.9366047503010804
1943,941450.3479465753,941450.3913290417,right,-0.42333588004112244,-0.3033697307109833,-0.009459906257689,-0.7647207975387573,0.24368971586227417,0.5965041518211365,-0.5631878972053528,0.9039061069488525,-0.5191170573234558,0.1537078754397759,-0.8927068678244404,-0.036420835137455136,-0.42204477162854853,-2.233240327246831,-0.24616843977313282,-2.9393939962698874
1944,941450.3679465753,941450.3924580001,right,-0.4274321496486664,-0.2678913474082947,0.018680514767766,-0.7792631983757019,0.2274240404367447,0.5839753150939941,-0.6613222360610962,1.0656403303146362,-0.6332805752754211,0.1461178867587202,-0.8891458051955288,-0.037514902576872074,-0.4320439022692938,-2.2139095342644937,-0.22943158725321153,-2.9421083981576426
1945,941450.3879465753,941450.416228375,right,-0.4354786276817322,-0.231095090508461,0.05435779690742493,-0.7945189476013184,0.20958168804645538,0.5699253678321838,-0.7133733630180359,1.074121356010437,-0.6172447204589844,0.1376852413547045,-0.8851411530374939,-0.03857198217559261,-0.44280927421237426,-2.1930529028333523,-0.21114712250081794,-2.94580372966284
1946,941450.4079465753,941450.4334431668,right,-0.40197479724884033,-0.1887574940919876,0.071406789124012,-0.8088428378105164,0.19154520332813263,0.5559529066085815,-0.7715274095535278,1.0524080991744995,-0.6095442175865173,0.1288228049890586,-0.8811607623529443,-0.0391424505672399,-0.45324192066510266,-2.1729773523330205,-0.1927362596210923,-2.9511823543465603
1947,941450.4279465753,941450.4553142084,right,-0.3508056700229645,-0.14564615488052368,0.07832933962345123,-0.8233292698860168,0.17134590446949005,0.5410820245742798,-0.9002859592437744,1.1688835620880127,-0.7751160860061646,0.11880976730612175,-0.8768978048783833,-0.03989016941003246,-0.46405102041974006,-2.1522078840678978,-0.17219561136942002,-2.9576245450932874
1948,941450.4479465754,941450.4935222501,right,-0.3233584761619568,-0.0929526835680008,0.10751841962337494,-0.8399338722229004,0.14542017877101898,0.5228422284126282,-1.0740511417388916,1.405800223350525,-1.0672919750213623,0.1063000969138622,-0.8715914488962873,-0.04182624914091038,-0.476738080204541,-2.1275815410906866,-0.14593765330462868,-2.964531175624534
1949,941450.4679465754,941450.494544125,right,-0.31697964668273926,-0.03840303421020508,0.13947729766368866,-0.8582693338394165,0.11369839310646057,0.5004465579986572,-1.2101093530654907,1.557944893836975,-1.2583905458450317,0.09128149937305771,-0.8649849231416812,-0.044992410838066384,-0.4913700804469805,-2.0986876195020896,-0.1139447978292323,-2.972147960978563
1950,941450.4879465754,941450.5138925834,right,-0.3137147128582001,0.006011670920997858,0.18787096440792084,-0.8761835694313049,0.07946242392063141,0.4753822088241577,-1.2362301349639893,1.5848095417022705,-1.2812803983688354,0.07502891621646005,-0.8575150313683108,-0.04856983825324312,-0.5066356066683306,-2.067909464685509,-0.0795462910936129,-2.981075469611418
1951,941450.5079465754,941450.5857926251,right,-0.2739303410053253,0.04275647923350334,0.20844382047653198,-0.8916909098625183,0.04891936853528023,0.4499935507774353,-1.164525032043457,1.568070411682129,-1.2139729261398315,0.06035682694193599,-0.8499072954215083,-0.05152017594604886,-0.5209225653450344,-2.0381584717424954,-0.04893890322341732,-2.990379487994566
1952,941450.5279465754,941450.585867,right,-0.23562780022621155,0.07925624400377274,0.230147123336792,-0.905716598033905,0.01862134225666523,0.42347452044487,-1.0928198099136353,1.5513311624526978,-1.1466654539108276,0.04565537399386959,-0.8418865183838812,-0.0544455065756539,-0.5349563882208098,-2.0081546298950776,-0.018622420949686642,-3.00058027057813
1953,941450.5479465754,941450.5860162918,right,-0.1988341212272644,0.11545198410749435,0.2529291808605194,-0.9182330965995789,-0.01137266680598259,0.39587655663490295,-1.0211145877838135,1.5345920324325562,-1.0793581008911133,0.0309317693918796,-0.8334565703477452,-0.057344422883494096,-0.5487302209843155,-1.9778463928106271,0.011372907984024468,-3.011684594213519
1954,941450.5679465755,941450.5973372917,right,-0.1574019342660904,0.14095769822597504,0.26527827978134155,-0.9294945597648621,-0.03949631750583649,0.36671510338783264,-0.9715619683265686,1.5908106565475464,-1.1036757230758667,0.017265199720045102,-0.8244434882165314,-0.06041894759398588,-0.5624450403083313,-1.946579732564449,0.03950658784995612,-3.022170573386184
1955,941450.5879465755,941450.6175383334,right,-0.11786369234323502,0.1733553111553192,0.2797596752643585,-0.9397149085998535,-0.06783914566040039,0.3351619243621826,-0.9439314603805542,1.6732419729232788,-1.1851048469543457,0.0037879200847282255,-0.8145313670492622,-0.06418392549810262,-0.5765454301042532,-1.9133949160371875,0.06789128077228568,-3.0321955820663864
1956,941450.6079465755,941450.6335207084,right,-0.0791347399353981,0.2082219123840332,0.2907092869281769,-0.9484362602233887,-0.09672217816114426,0.30184993147850037,-0.9234086275100708,1.678017020225525,-1.2183783054351807,-0.009784678846212303,-0.803881751175901,-0.068549683433439,-0.5907446824614888,-1.878920609729942,0.09687361877682367,-3.042313738558157
1957,941450.6279465755,941450.656714,right,-0.020642971619963646,0.2365904301404953,0.2837551236152649,-0.9551459550857544,-0.12482243031263351,0.268543004989624,-0.907649040222168,1.6000128984451294,-1.1778345108032227,-0.02310987561427642,-0.793063680734934,-0.07294828322529548,-0.6043131465973484,-1.8448746175272075,0.12514884854380348,-3.0530108866780217
1958,941450.6479465755,941450.6738322501,right,0.06765403598546982,0.26899704337120056,0.26442545652389526,-0.9598490595817566,-0.15138858556747437,0.23615936934947968,-0.8931182026863098,1.5201902389526367,-1.1217234134674072,-0.036060870750662444,-0.7824044848073376,-0.076960144954547,-0.6169440471897436,-1.8120425235048139,0.15197289369494893,-3.064698671040377
1959,941450.6679465756,941450.6938514584,right,0.13755887746810913,0.2932029962539673,0.23587535321712494,-0.9627916812896729,-0.17597581446170807,0.20509643852710724,-0.8780273795127869,1.3972268104553223,-1.0160951614379883,-0.048536547068831336,-0.7720684812750874,-0.08036438216295383,-0.6285665894697303,-1.7806816471771711,0.17689695747792528,-3.0774720569200356
1960,941450.6879465756,941450.7425480001,right,0.1853785663843155,0.30371102690696716,0.22258877754211426,-0.964316725730896,-0.19718526303768158,0.17666642367839813,-0.8272981643676758,1.2135014533996582,-0.8423028588294983,-0.05995386040203828,-0.7625497103120253,-0.08277141894442293,-0.6388053454007901,-1.751990624308513,0.1984859639226018,-3.0909399592206945
1961,941450.7079465756,941450.74374475,right,0.24150291085243225,0.3151322901248932,0.21352022886276245,-0.9649262428283691,-0.21424202620983124,0.1517157107591629,-0.761236846446991,1.047501564025879,-0.6722753047943115,-0.06984755516181604,-0.754180409487963,-0.08408166877773536,-0.6475056008986234,-1.726749848079935,0.21591576391095066,-3.1043473001246737
1962,941450.7279465756,941450.7550400001,right,0.30891457200050354,0.3291124403476715,0.19974100589752197,-0.965008556842804,-0.22826573252677917,0.1290479153394699,-0.7025358080863953,0.9760183691978455,-0.5827990174293518,-0.07850348264191709,-0.7465536946949334,-0.0847437333341257,-0.6552200623986778,-1.7037347710703798,0.23029599970726025,-3.117291364913817
1963,941450.7479465756,941450.7942167084,right,0.35650214552879333,0.33220186829566956,0.20069891214370728,-0.9646562933921814,-0.24068628251552582,0.10727795213460922,-0.6421113014221191,0.959719181060791,-0.5466729998588562,-0.0863673058332179,-0.7391649205447405,-0.08528866285221871,-0.662496666362498,-1.681549638397125,0.24307284975237536,-3.1295908885851786
1964,941450.7679465757,941450.794802875,right,0.38416868448257446,0.3301463723182678,0.19539710879325867,-0.9639167785644531,-0.25191730260849,0.0860360860824585,-0.5493221879005432,0.9343825578689575,-0.49514007568359375,-0.09342101176898523,-0.731860441219418,-0.08601335509944588,-0.6695181535218367,-1.6598170970828996,0.2546609326936369,-3.140760394774476
1965,941450.7879465757,941450.8363694167,right,0.4028182327747345,0.3236537575721741,0.18720418214797974,-0.9629572629928589,-0.26142802834510803,0.06609676778316498,-0.43576157093048096,0.8693963885307312,-0.4108511507511139,-0.09930539614438279,-0.7249161086998832,-0.08686182339181855,-0.6760843948631625,-1.6393281058707327,0.26450136768411475,3.132949375127415
1966,941450.8079465757,941450.8374705,right,0.4187258183956146,0.3181178569793701,0.17269036173820496,-0.9619600176811218,-0.26889997720718384,0.04822314903140068,-0.33451470732688904,0.773719847202301,-0.3180881440639496,-0.10385697327690045,-0.7186227804997325,-0.08770879576173925,-0.6819839386340303,-1.620884407637447,0.27225073671618477,3.125396951997682
1967,941450.8279465757,941450.8663290833,right,0.44342610239982605,0.3101610541343689,0.14258065819740295,-0.9610525965690613,-0.2744095027446747,0.03282102197408676,-0.26513251662254333,0.6584623456001282,-0.2307443469762802,-0.10723402590629025,-0.7131607227199945,-0.08838695175225042,-0.6870883112021614,-1.604934092106724,0.27797554870116503,3.1194506588359245
1968,941450.8479465757,941450.8852224584,right,0.4571683704853058,0.30196261405944824,0.1348402053117752,-0.9602884650230408,-0.27830177545547485,0.019855938851833344,-0.2163793444633484,0.5555180907249451,-0.1662638783454895,-0.10973819043463319,-0.7085495853051134,-0.08879984573098687,-0.6913968595140834,-1.5914703502617102,0.2820255723048911,3.114616698854968
1969,941450.8679465757,941450.8962722084,right,0.46789291501045227,0.2987436056137085,0.14295808970928192,-0.9596242904663086,-0.2811433672904968,0.008925235830247402,-0.1951816827058792,0.4681210517883301,-0.12509645521640778,-0.11174341016419728,-0.7046618399920778,-0.08896216967289287,-0.6950186072850058,-1.5800967325156476,0.2849853170081873,3.1103777563138015
1970,941450.8879465758,941450.9189290834,right,0.4788026809692383,0.3047487735748291,0.14949248731136322,-0.9590361714363098,-0.28328317403793335,-0.00041120810783468187,-0.1951204538345337,0.39258313179016113,-0.08972624689340591,-0.11352801063573578,-0.7013570482881609,-0.08884056036977855,-0.6980809445877991,-1.5703674678265682,0.2872157664662994,3.1062523525410257
1971,941450.9079465758,941450.9362634168,right,0.47879359126091003,0.31272751092910767,0.15555787086486816,-0.9586343765258789,-0.2845216989517212,-0.008217420428991318,-0.2016124725341797,0.29522955417633057,-0.032352667301893234,-0.11509071095396207,-0.6986393890285886,-0.08828506357642815,-0.7006160493328988,-1.562224443284969,0.2885074423359201,3.102038001842819
1972,941450.9279465758,941450.9612505834,right,0.4716412127017975,0.31505176424980164,0.1621113270521164,-0.958709180355072,-0.28406453132629395,-0.013561083003878593,-0.1916804313659668,0.12861226499080658,0.08561611920595169,-0.1161373227883445,-0.6968874108847893,-0.08699053718379182,-0.7023479530690365,-1.5566520360550142,0.288030622451391,3.097886436223227
1973,941450.9479465758,941450.991034375,right,0.4543384313583374,0.30970102548599243,0.1721784770488739,-0.959732174873352,-0.2805323600769043,-0.014685583300888538,-0.1365489363670349,-0.12243837863206863,0.2785814702510834,-0.11598100110093024,-0.6967785768845661,-0.08459776256275313,-0.7027739201728779,-1.555495682156087,0.28434869185377054,3.0945624628872284
1974,941450.9679465758,941450.9933703333,right,0.4343990683555603,0.2975269854068756,0.180559441447258,-0.9619309902191162,-0.2731013298034668,-0.010210138745605946,-0.053343430161476135,-0.39706704020500183,0.47663816809654236,-0.11412068290642978,-0.6988119709777335,-0.08097356688771948,-0.7014852094492894,-1.5601824284082921,0.27661543546565437,3.0927810973252834
1975,941450.9879465759,941451.0288365834,right,0.4202011525630951,0.27615270018577576,0.17536179721355438,-0.9649567604064941,-0.26240819692611694,-0.0004173793422523886,0.029196912422776222,-0.6107690930366516,0.6106095910072327,-0.11068544326600113,-0.7028118830188236,-0.07646388646976557,-0.6985394550215116,-1.5703637040193945,0.2655169863500816,3.0927037978662013
1976,941451.0079465759,941451.033581,right,0.4180348813533783,0.2591738998889923,0.16503240168094635,-0.9680933356285095,-0.2502519488334656,0.01299341581761837,0.08384713530540466,-0.7241127490997314,0.6235319972038269,-0.10639085129766598,-0.7080638864140533,-0.07170912784231936,-0.6943947888067316,-1.5842170907438886,0.25294045469153426,3.0938507478434873
1977,941451.0279465759,941451.0537282501,right,0.3992016315460205,0.24570594727993011,0.15261712670326233,-0.9706919193267822,-0.23868955671787262,0.028010370209813118,0.12576568126678467,-0.7666501998901367,0.5577523112297058,-0.10202307130573794,-0.7137603296336313,-0.06746358285088744,-0.68962757049561,-1.599644321928644,0.24101615707282423,3.0958446721410144
1978,941451.0479465759,941451.0943811667,right,0.36233386397361755,0.23142249882221222,0.15071405470371246,-0.9725790619850159,-0.2283681035041809,0.04401945695281029,0.16698376834392548,-0.8063021302223206,0.491084486246109,-0.09786956448366922,-0.7196689084862491,-0.0639245615528047,-0.6844061045328184,-1.6160259188397996,0.23040114398995712,3.098484488559328
1979,941451.0679465759,941451.0949372917,right,0.3198934495449066,0.2216341644525528,0.15287943184375763,-0.9738282561302185,-0.21889260411262512,0.0611923523247242,0.2455357164144516,-0.8683999180793762,0.47001519799232483,-0.09365882330415773,-0.7258538355431413,-0.06109290702053358,-0.6786986574042008,-1.6335506352222398,0.22067938238053267,3.102183800106856
1980,941451.087946576,941451.1138218334,right,0.28072407841682434,0.2177600860595703,0.16080453991889954,-0.9745762348175049,-0.209189772605896,0.080253005027771,0.33528006076812744,-0.9567565321922302,0.4939992129802704,-0.08890721494364826,-0.7325850421239135,-0.058699364873557744,-0.6722863287863604,-1.6529574287638729,0.21074630658303603,3.1072894527325077
1981,941451.107946576,941451.1539227084,right,0.24422718584537506,0.2169252187013626,0.1656613051891327,-0.9748265743255615,-0.1986456662416458,0.10125613957643509,0.40800151228904724,-1.0375149250030518,0.5210513472557068,-0.08336610567886342,-0.7398820371083533,-0.056591520790435335,-0.6651480444241135,-1.6742960126609645,0.19997583452270917,3.1138773352171145
1982,941451.127946576,941451.1547124584,right,0.20789968967437744,0.21550598740577698,0.15937162935733795,-0.9744787216186523,-0.18716926872730255,0.12393093854188919,0.45983046293258667,-1.1145259141921997,0.5530385971069336,-0.07713756772538256,-0.7476500106277634,-0.05463413109975061,-0.6573312282257955,-1.697293821628128,0.1882796727081413,3.1215211722262723
1983,941451.147946576,941451.183672875,right,0.16729414463043213,0.21636605262756348,0.1579001545906067,-0.9734203219413757,-0.17473505437374115,0.1480560153722763,0.4978443682193756,-1.1857534646987915,0.5823194980621338,-0.07037397356483946,-0.7558130940961862,-0.05267383115290386,-0.6488601943660054,-1.7217381228344073,0.17563666790578752,3.129706924531967
1984,941451.167946576,941451.1974727918,right,0.11312789469957352,0.2027473896741867,0.16075634956359863,-0.9715076684951782,-0.16133294999599457,0.1736207902431488,0.5382993817329407,-1.2707456350326538,0.6221885085105896,-0.06313222257640029,-0.76435807438063,-0.050666446098735704,-0.639690414439145,-1.7476420312930925,0.16204112534142615,3.1382330954163766
1985,941451.187946576,941451.2390800001,right,0.07078947871923447,0.1858275681734085,0.15918472409248352,-0.9685620069503784,-0.14663630723953247,0.20096150040626526,0.5835630297660828,-1.3662599325180054,0.6733523607254028,-0.05531293532790407,-0.7733874761210469,-0.048502802048148545,-0.6296505314709228,-1.7753778725108296,0.14716694440383307,-3.136166694394553
1986,941451.2079465761,941451.2396101668,right,0.0472111813724041,0.18068434298038483,0.15672719478607178,-0.9644660949707031,-0.130918949842453,0.22949005663394928,0.6182190179824829,-1.3925457000732422,0.6788179874420166,-0.04705452368952604,-0.782690881101607,-0.046259787134046014,-0.6189030598110546,-1.8043974040921673,0.13129584185207388,-3.1272993027114424
1987,941451.2279465761,941451.2562313334,right,0.013164795003831387,0.1661710888147354,0.16171425580978394,-0.959364652633667,-0.11508119851350784,0.25763529539108276,0.6507900357246399,-1.3629145622253418,0.6544367671012878,-0.03866587324859394,-0.7917425673973502,-0.04428671680089821,-0.6080192552284264,-1.8331540787308958,0.11533673094319194,-3.1183278360227282
1988,941451.2479465761,941451.2904838751,right,-0.037315674126148224,0.13919314742088318,0.16121383011341095,-0.9533640146255493,-0.09881391376256943,0.28518909215927124,0.7022691369056702,-1.3785369396209717,0.6757964491844177,-0.02993159027353067,-0.8004861823558649,-0.042618992724477056,-0.5970842201404589,-1.8614636532642657,0.09897542188036657,-3.108938597086229
1989,941451.2679465761,941451.2948687084,right,-0.06738241761922836,0.12653811275959015,0.15484774112701416,-0.9462875127792358,-0.08119591325521469,0.31296506524086,0.7371865510940552,-1.4039887189865112,0.7105087637901306,-0.020537704838974876,-0.8092012276792896,-0.04093738512123485,-0.5857437062975632,-1.8902014036615191,0.08128538675921866,-3.099246718114777
1990,941451.2879465761,941451.3227047084,right,-0.09956848621368408,0.11697732657194138,0.148881196975708,-0.9382408857345581,-0.06284335255622864,0.3402276933193207,0.7693692445755005,-1.380110740661621,0.7053558230400085,-0.010778493206374062,-0.8176575012692812,-0.039370157592402324,-0.5742561119413545,-1.9186718884823089,0.06288477695985328,-3.0894626804806666
1991,941451.3079465762,941451.3478032501,right,-0.14744557440280914,0.08734522759914398,0.14718911051750183,-0.929194986820221,-0.043983619660139084,0.36696356534957886,0.8035913109779358,-1.4013601541519165,0.7281254529953003,-0.0008102690375292334,-0.8258603478190467,-0.037900238164926416,-0.5625989932061273,-1.9469211386943823,0.043997803639508816,-3.079804697365832
1992,941451.3279465762,941451.3550649168,right,-0.16964291036128998,0.06503590941429138,0.13401177525520325,-0.9188408255577087,-0.024075547233223915,0.393893301486969,0.8112993836402893,-1.4405149221420288,0.7533344626426697,0.009514824208266185,-0.8340442442630076,-0.03628779893230438,-0.5504206351623708,-1.9757839777678217,0.02407786437210378,-3.0705066433824824
1993,941451.3479465762,941451.3899949167,right,-0.15309347212314606,0.07118728011846542,0.11888644099235535,-0.9075255990028381,-0.004390159156173468,0.41997382044792175,0.7610474228858948,-1.3663288354873657,0.6825045347213745,0.019557201899399853,-0.8418934879038931,-0.03467312870229417,-0.5381734295964318,-2.0042171756832885,0.004390165437985297,-3.062075621346556
1994,941451.3679465762,941451.3949737084,right,-0.18218445777893066,0.05590046942234039,0.11208407580852509,-0.8961619138717651,0.013599478639662266,0.44351866841316223,0.7445259094238281,-1.273544430732727,0.6188902854919434,0.02883762851812648,-0.8489007245643165,-0.033568753061983286,-0.5266963848503521,-2.030362827367795,-0.013599904954146652,-3.054102571721747
1995,941451.3879465762,941451.414684875,right,-0.24043801426887512,0.014708053320646286,0.11113513261079788,-0.8839947581291199,0.03209632262587547,0.46639367938041687,0.7903571128845215,-1.3493268489837646,0.710639238357544,0.03823038887959572,-0.8556578005757266,-0.03235010364807537,-0.5151131999627258,-2.0562775594278797,-0.032101843468394634,-3.0466540599088563
1996,941451.4079465762,941451.4552244167,right,-0.2528374195098877,-0.018218612298369408,0.08583806455135345,-0.8698556423187256,0.053480327129364014,0.4903987646102905,0.8415383100509644,-1.4501559734344482,0.8199751377105713,0.04875204751362251,-0.8627106722399331,-0.030490041733298157,-0.5024180060839318,-2.0841501599701906,-0.05350585788019581,-3.039674712043
1997,941451.4279465763,941451.4578854584,right,-0.2167169749736786,-0.03154610097408295,0.04472768306732178,-0.8545128107070923,0.07605578750371933,0.5138322114944458,0.858528733253479,-1.3725558519363403,0.7664639949798584,0.05979334573161435,-0.8695411569171707,-0.028534907359626254,-0.4893963152367069,-2.112182798217854,-0.07612930845040536,-3.0329148657029408
1998,941451.4479465763,941451.487954,right,-0.22040913999080658,-0.053085777908563614,0.033344924449920654,-0.839907169342041,0.09661944210529327,0.534060537815094,0.8264186382293701,-1.1870555877685547,0.6034592986106873,0.07016543820044416,-0.8753721716847707,-0.02745547415737106,-0.4775422324300953,-2.137164519411665,-0.09677041110405886,-3.0257110903591298
1999,941451.4679465763,941451.4963080834,right,-0.2511001527309418,-0.06342604756355286,0.04750489443540573,-0.8267950415611267,0.11407703906297684,0.5508145093917847,0.7762340903282166,-1.035632848739624,0.4485243558883667,0.07940602934372834,-0.8801424656598656,-0.027503749247915703,-0.46721251077467113,-2.1584787634153697,-0.11432593067708227,-3.0178580689346726
2000,941451.4879465763,941451.5152043334,right,-0.2699575424194336,-0.043407928198575974,0.07968680560588837,-0.8149999976158142,0.12847484648227692,0.5650388598442078,0.7107597589492798,-0.9124067425727844,0.3042275011539459,0.08738664824909965,-0.8841441902447311,-0.02843338253902902,-0.4580873986217815,-2.1770108978122793,-0.12883092716911684,-3.009782231336364
2001,941451.5079465763,941451.5360104584,right,-0.30975842475891113,-0.06413926929235458,0.09168748557567596,-0.8042100667953491,0.14088329672813416,0.577406644821167,0.6766545176506042,-0.8785922527313232,0.254271537065506,0.09458548005899205,-0.887581653988521,-0.030034846705611812,-0.4498337688711473,-2.1934875814553263,-0.1413535538561072,-3.00132654689532
2002,941451.5279465764,941451.5567919167,right,-0.33042582869529724,-0.09461384266614914,0.09641572088003159,-0.7928929328918457,0.15358033776283264,0.5896899104118347,0.6984815001487732,-0.9244886040687561,0.3187924027442932,0.10179101012739972,-0.8909840024291826,-0.03150300875906504,-0.4413544542075892,-2.2102657076760575,-0.1541905842933264,-2.9933078845223413
2003,941451.5479465764,941451.5914557084,right,-0.2982427775859833,-0.10802558064460754,0.08324867486953735,-0.7808735370635986,0.16751526296138763,0.6018101572990417,0.7054223418235779,-0.8822864890098572,0.3507835865020752,0.10937504070221142,-0.8943424897879515,-0.032504647043595424,-0.43258772691871483,-2.2274069762242523,-0.16830878247946554,-2.986006907071126
2004,941451.5679465764,941451.5961987084,right,-0.23857015371322632,-0.1005874052643776,0.06475929170846939,-0.7703079581260681,0.18055544793605804,0.6115764379501343,0.6470301151275635,-0.6526753902435303,0.2530737519264221,0.11652114249988706,-0.8970310846049337,-0.033517598534745396,-0.4250114471423841,-2.2418296776216367,-0.18155115099305794,-2.979039627888477
2005,941451.5879465764,941451.616349625,right,-0.20663532614707947,-0.08847146481275558,0.04438505694270134,-0.7632004022598267,0.19089367985725403,0.6173208355903625,0.5744794011116028,-0.4013282060623169,0.15223754942417145,0.12255092699660008,-0.8985761472952707,-0.03494712132081759,-0.41990589956622826,-2.25091519365021,-0.19207248281080627,-2.9719505108656095
2006,941451.6079465764,941451.6361449168,right,-0.2304105907678604,-0.09727200120687485,0.04959714040160179,-0.7580145597457886,0.20065370202064514,0.6206063032150269,0.5781881213188171,-0.36554521322250366,0.2298283725976944,0.1282964916612001,-0.8994401025278759,-0.03620260951160581,-0.41621742980418946,-2.256851695102313,-0.2020251512117466,-2.965187440155297
2007,941451.6279465765,941451.6560531667,right,-0.23423777520656586,-0.11314739286899567,0.05626578629016876,-0.7513763904571533,0.21314506232738495,0.6245019435882568,0.6406188011169434,-0.4955422878265381,0.4057687520980835,0.1349999307298881,-0.9005133413656295,-0.03642338539675414,-0.41173300713013217,-2.264241036247754,-0.21479286468565664,-2.9596658648108187
2008,941451.6479465765,941451.6913827917,right,-0.181472048163414,-0.11696069687604904,0.03319428861141205,-0.7426788210868835,0.22812135517597198,0.6295939087867737,0.6646490693092346,-0.5473757386207581,0.45631906390190125,0.14259404020930982,-0.9019492845825473,-0.03583847723063204,-0.4060417692632529,-2.2739731425795204,-0.23014771656238597,-2.955180863368166
2009,941451.6679465765,941451.6958787084,right,-0.13192754983901978,-0.13000494241714478,-0.0033066030591726303,-0.7344163656234741,0.24237637221813202,0.6339448690414429,0.6489685773849487,-0.4441811144351959,0.32774367928504944,0.14998316429873557,-0.9031631825453084,-0.035618482754730466,-0.4006651583464585,-2.2829012757285696,-0.244814514207582,-2.9502309763088004
2010,941451.6879465765,941451.7159215,right,-0.10975699871778488,-0.1514797806739807,-0.029521849006414413,-0.7282993197441101,0.2537408769130707,0.6365496516227722,0.5980456471443176,-0.32343947887420654,0.15192224085330963,0.15638265923627062,-0.9038486431460664,-0.03650232299371722,-0.3965723090666638,-2.2890720889401894,-0.25654576598829304,-2.943858064017512
2011,941451.7079465765,941451.7535341667,right,-0.08671826124191284,-0.15142472088336945,-0.05389587953686714,-0.7246019244194031,0.26173076033592224,0.6375333070755005,0.5247103571891785,-0.20466309785842896,-0.029573073610663414,0.1615737227417655,-0.9040335920116725,-0.038599064965023036,-0.3938619098194473,-2.292360561622428,-0.2648150222197367,-2.935963765519053
2012,941451.7279465765,941451.7563575833,right,-0.07221926003694534,-0.13733099400997162,-0.05871015414595604,-0.7233741879463196,0.26609116792678833,0.6371230483055115,0.4283483326435089,-0.09401020407676697,-0.19837141036987305,0.16535663953097315,-0.9037787444462524,-0.04177865643112448,-0.39255042056381007,-2.2928823520546655,-0.26933573002355504,-2.926929132462927
2013,941451.7479465766,941451.7848724168,right,-0.08952435106039047,-0.12356545031070709,-0.03651081770658493,-0.7239454388618469,0.2674698829650879,0.6358951330184937,0.34213945269584656,-0.046211693435907364,-0.2762407660484314,0.16787266973958226,-0.9032530112376069,-0.045623725961240286,-0.39226412655703885,-2.291534215375199,-0.2707662905814704,-2.9175053049290223
2014,941451.7679465766,941451.8164563334,right,-0.11320947855710983,-0.11078070849180222,-0.01510215736925602,-0.7244659066200256,0.2678050994873047,0.6351607441902161,0.29093024134635925,-0.11224416643381119,-0.21525384485721588,0.1697151636242475,-0.9028560397856475,-0.049308206916873945,-0.39193913437965455,-2.29060502937043,-0.27111418415675365,-2.909009729268479
2015,941451.7879465766,941451.8174965001,right,-0.11751212179660797,-0.09889166802167892,-0.0029446473345160484,-0.7230849266052246,0.26915860176086426,0.6361616849899292,0.2585011124610901,-0.23125167191028595,-0.07306305319070816,0.17153801918257547,-0.9029807067684434,-0.05202555049241275,-0.39050459930562625,-2.2923318131708728,-0.27251929420203624,-2.9026630569988106
2016,941451.8079465766,941451.8463510417,right,-0.10237864404916763,-0.09497184306383133,-0.0011102589778602123,-0.7197295427322388,0.27196356654167175,0.6387684345245361,0.2225135713815689,-0.29606595635414124,0.044405050575733185,0.1734815858832614,-0.9036126698563537,-0.05355679229235379,-0.38796898000262325,-2.2966687589292167,-0.27543292541718006,-2.8987489878823824
2017,941451.8279465766,941451.8662616251,right,-0.09320949018001556,-0.09660094231367111,0.0007402455667033792,-0.7154539823532104,0.2756316661834717,0.6419911980628967,0.18349629640579224,-0.2946493327617645,0.11350974440574646,0.17542383799834252,-0.9044683433333354,-0.05415340071360639,-0.3850076444438152,-2.302128732023161,-0.27924676513921637,-2.896722811074639
2018,941451.8479465767,941451.8878805,right,-0.09163850545883179,-0.10172615945339203,0.004814506974071264,-0.7111431956291199,0.2796581983566284,0.6450323462486267,0.1520683765411377,-0.25537267327308655,0.1547916829586029,0.17728152588173773,-0.9053131736925788,-0.05407571282429261,-0.38217161172144853,-2.3074849421791344,-0.2834380829108972,-2.8960165035666003
2019,941451.8679465767,941451.8964030833,right,-0.08405420929193497,-0.10342324525117874,0.004260150715708733,-0.7074720859527588,0.28371351957321167,0.6472945809364319,0.12523618340492249,-0.17727811634540558,0.15917210280895233,0.17903940515610747,-0.9059680608248157,-0.05356431230581276,-0.37986543915145626,-2.3118044858263977,-0.2876645361562812,-2.8960687397660942
2020,941451.8879465767,941451.9300504584,right,-0.07437524199485779,-0.10597355663776398,-0.0018728739814832807,-0.7050898671150208,0.28723540902137756,0.6483398079872131,0.10524962097406387,-0.07364960014820099,0.1295972317457199,0.18056959897418834,-0.906293703615273,-0.052930000774047664,-0.3784506020988013,-2.314288398756363,-0.2913393580683001,-2.896292893225131
2021,941451.9079465767,941451.9465242501,right,-0.07477667182683945,-0.11002887785434723,-0.0057162633165717125,-0.7039772868156433,0.2902398109436035,0.6482104063034058,0.09558798372745514,-0.0032089806627482176,0.12357166409492493,0.181912982745331,-0.9062971006446449,-0.052256486531321526,-0.37789211206482803,-2.3149758168434302,-0.29447740406484824,-2.8964940342224526
2022,941451.9279465767,941451.9638029584,right,-0.07912706583738327,-0.11189179867506027,-0.009817486628890038,-0.7033484578132629,0.29337137937545776,0.6474830508232117,0.09356816112995148,0.016206301748752594,0.15752013027668,0.18328138506408614,-0.9061484208868437,-0.05134716570502328,-0.37771215171514494,-2.31486165318871,-0.2977514906739521,-2.8969937228921743
2023,941451.9479465768,941451.9941565418,right,-0.09271034598350525,-0.11848221719264984,-0.015136047266423702,-0.7024509310722351,0.29708361625671387,0.6467641592025757,0.09146968275308609,0.0006761664990335703,0.20622952282428741,0.1848008637826181,-0.90602255403059,-0.05005186791160751,-0.3774474199321234,-2.314944357255938,-0.30163690421340195,-2.898107786502382
2024,941451.9679465768,941452.0101109167,right,-0.11833218485116959,-0.13472992181777954,-0.014162872917950153,-0.7009873390197754,0.3012653887271881,0.6464179158210754,0.07482173293828964,-0.016589613631367683,0.24429725110530853,0.18636473029044853,-0.9060202701129592,-0.048334200886551014,-0.3769075685678893,-2.3157168981523637,-0.30601942484361344,-2.900071095055856
2025,941451.9879465768,941452.0262559167,right,-0.15265396237373352,-0.1618068665266037,-0.02007756195962429,-0.699176013469696,0.3055626153945923,0.6463623642921448,0.038834262639284134,-0.020224744454026222,0.26479750871658325,0.1878192928481808,-0.9061131918227291,-0.04626058683796812,-0.37622165049844536,-2.316963614679454,-0.31052924259926323,-2.9028636963071763
2026,941452.0079465768,941452.0375629584,right,-0.1869892030954361,-0.19534249603748322,-0.031721699982881546,-0.697501003742218,0.3094649016857147,0.6463154554367065,-0.002239589113742113,0.015369108878076077,0.2602013051509857,0.18897063824638455,-0.9062146645370334,-0.04396216146676073,-0.3756758413758467,-2.318123131524164,-0.31463023948368274,-2.906323579710298
2027,941452.0279465768,941452.0574264583,right,-0.23939836025238037,-0.24360275268554688,-0.04743197187781334,-0.6965901851654053,0.31261080503463745,0.6457836031913757,-0.052326250821352005,0.08201537281274796,0.23451387882232666,0.18970412707898227,-0.9061826670269876,-0.04153009354830586,-0.3756601075520502,-2.318364171124216,-0.3179403318689494,-2.910246643898382
2028,941452.0479465768,941452.092332,right,-0.29440343379974365,-0.285573273897171,-0.04230135679244995,-0.6970752477645874,0.3141385018825531,0.6445178985595703,-0.13633625209331512,0.1998411864042282,0.15159188210964203,0.1896355396060467,-0.905940788742753,-0.03911794691645093,-0.3765361788923059,-2.3170391339685743,-0.3195490765419226,-2.91456693741112
2029,941452.0679465769,941452.0975695418,right,-0.35652074217796326,-0.3142560124397278,-0.022678744047880173,-0.7003819942474365,0.3129156529903412,0.641520619392395,-0.21440163254737854,0.4004543423652649,0.007345519959926605,0.1884017040755001,-0.9051964408675774,-0.03714422291980477,-0.37913648293995694,-2.3123583946102926,-0.3182612931979534,-2.918532724739738
2030,941452.0879465769,941452.1330100417,right,-0.43042850494384766,-0.3575558662414551,-0.011998818255960941,-0.7072432637214661,0.30903467535972595,0.6358492970466614,-0.2533583641052246,0.6088793277740479,-0.117936871945858,0.18620846067457403,-0.9036818530791195,-0.035829193291870474,-0.3839293052996033,-2.303088011940051,-0.3141778391249825,-2.9213871446681607
2031,941452.1079465769,941452.1374462084,right,-0.48118162155151367,-0.3958207666873932,-0.012547817081212997,-0.7172057032585144,0.3033469617366791,0.6273731589317322,-0.26647496223449707,0.801295816898346,-0.21556198596954346,0.18345951414411452,-0.9013649374630732,-0.035039830712742345,-0.3907124371065566,-2.2894826139110154,-0.3082031577211765,-2.9231189513379037
2032,941452.1279465769,941452.157545375,right,-0.5074660778045654,-0.41187986731529236,-0.008248587138950825,-0.7301279902458191,0.29589563608169556,0.6159213781356812,-0.2907264232635498,1.0064879655838013,-0.33143067359924316,0.18018370398506595,-0.8981933250072017,-0.03477637413112152,-0.399466221223121,-2.2715513125046014,-0.3003929955972635,-2.9237708194328436
2033,941452.1479465769,941452.1910815417,right,-0.5208399891853333,-0.4152286648750305,-0.008810330182313919,-0.7457592487335205,0.2860262989997864,0.6016913056373596,-0.3615224063396454,1.1735525131225586,-0.4520074725151062,0.17599130108337513,-0.8942143869473478,-0.03501785601578448,-0.4100994419387434,-2.2496801306263348,-0.2900773040603634,-2.923877980548365
2034,941452.167946577,941452.20354975,right,-0.5324373841285706,-0.40397003293037415,-0.004114161711186171,-0.7631884217262268,0.27305909991264343,0.5856468677520752,-0.49604323506355286,1.2658196687698364,-0.5855286717414856,0.17039595296711454,-0.8896901349494686,-0.03570523619930893,-0.42206852067507805,-2.2253209413795285,-0.27657153337890145,-2.9243246198809874
2035,941452.187946577,941452.2176523334,right,-0.5259460210800171,-0.37570586800575256,-0.002398064360022545,-0.7816160917282104,0.2560115456581116,0.5688009262084961,-0.6911179423332214,1.3157695531845093,-0.7586013674736023,0.16278115432319054,-0.8848955411569189,-0.03688221043725708,-0.43485849394983767,-2.1998877124001477,-0.25889398216791915,-2.9259467318917287
2036,941452.207946577,941452.2374457084,right,-0.49901652336120605,-0.32757148146629333,0.016808699816465378,-0.8010815382003784,0.23310454189777374,0.5512991547584534,-0.9379939436912537,1.4044945240020752,-0.9985249042510986,0.15225127057458782,-0.8798541887584125,-0.03880909828844317,-0.44851984107670734,-2.1735543834986197,-0.23526895031285522,-2.9293305583079894
2037,941452.227946577,941452.2836586668,right,-0.48105624318122864,-0.25998613238334656,0.05759703367948532,-0.8217880129814148,0.20294061303138733,0.5324283242225647,-1.205009937286377,1.5092833042144775,-1.2633228302001953,0.13813599003955976,-0.8743441868699916,-0.0416695621933133,-0.4633621021383694,-2.1456867762496437,-0.20436009056881474,-2.9349757305981066
2038,941452.247946577,941452.2838204168,right,-0.4643465578556061,-0.1923699676990509,0.09962616860866547,-0.8412436246871948,0.17274582386016846,0.5123164057731628,-1.472025990486145,1.6140718460083008,-1.5281206369400024,0.12395741706152504,-0.8684336106314082,-0.0445109490981367,-0.47799205971890363,-2.1178062781862153,-0.17361671504667495,-2.9414597409177756
2039,941452.267946577,941452.2849537918,right,-0.4667417109012604,-0.11714407801628113,0.17768831551074982,-0.862413763999939,0.13011084496974945,0.48919713497161865,-1.6170687675476074,1.622822642326355,-1.6170343160629272,0.10355262860719229,-0.8615181418006705,-0.048836673437758646,-0.49464975306909154,-2.086780479847652,-0.13048076859597782,-2.9522720964150464
2040,941452.2879465771,941452.3059718334,right,-0.4504864811897278,-0.05799734219908714,0.2614190876483917,-0.8810104727745056,0.0873551070690155,0.4649622440338135,-1.565758228302002,1.5263311862945557,-1.536332130432129,0.08277965845974598,-0.8542115631220176,-0.05294979340316586,-0.5105551225436562,-2.056404553980634,-0.08746658951804467,-2.9650172273564834
2041,941452.3079465771,941452.3294263334,right,-0.38228893280029297,0.0040093460120260715,0.3108513355255127,-0.8965014219284058,0.04702853411436081,0.44053804874420166,-1.4585109949111938,1.4790173768997192,-1.4709267616271973,0.06294254590993008,-0.846789257557682,-0.05671811229091448,-0.5251374365502017,-2.0275377556381646,-0.047045887896445,-2.9785278114298452
2042,941452.3279465771,941452.3401367917,right,-0.308024525642395,0.07081681489944458,0.31758201122283936,-0.9103220105171204,0.00807934533804655,0.41382208466529846,-1.3493086099624634,1.5831321477890015,-1.5111010074615479,0.04403640451528799,-0.8385678520648641,-0.060950469760358186,-0.5395830330930604,-1.9974595574421636,-0.00807943551091353,-2.9912775674324967
2043,941452.3479465771,941452.3587915418,right,-0.25041353702545166,0.1179402619600296,0.3232574462890625,-0.9233114719390869,-0.030790938064455986,0.3828158974647522,-1.2300246953964233,1.7530447244644165,-1.576733946800232,0.025747791519311433,-0.8288697408672177,-0.0662031493708347,-0.5549136756143618,-1.9638352540815287,0.030795802804177715,-3.0027582941936615
2044,941452.3679465771,941452.3836698751,right,-0.21520918607711792,0.16652987897396088,0.3301028609275818,-0.9350559115409851,-0.06905857473611832,0.3477093279361725,-1.146117091178894,1.8930877447128296,-1.5958607196807861,0.00826964753095583,-0.8176954652459684,-0.07231006993792613,-0.571031630641982,-1.9268106722764413,0.06911357690186534,-3.013235223509272
2045,941452.3879465772,941452.4242910417,right,-0.16506008803844452,0.21317937970161438,0.30326804518699646,-0.9449397325515747,-0.10608839988708496,0.30957117676734924,-1.1009246110916138,1.918805480003357,-1.5466421842575073,-0.008495793269338128,-0.8053575389369604,-0.0786433678504646,-0.5874881613325088,-1.8873864688514173,0.10628841183953386,-3.02396967940553
2046,941452.4079465772,941452.4246796251,right,-0.13326844573020935,0.24291935563087463,0.28834718465805054,-0.9521190524101257,-0.14047221839427948,0.2715457081794739,-1.062885046005249,1.7812074422836304,-1.40803062915802,-0.02438890862736712,-0.7928734708819454,-0.0844065514054116,-0.6030194287857068,-1.8486216744225163,0.14093834580167905,-3.0359167613866
2047,941452.4279465772,941452.4451062084,right,-0.08165285736322403,0.259945273399353,0.2732408046722412,-0.9565349817276001,-0.17102889716625214,0.23619818687438965,-1.037674069404602,1.5763053894042969,-1.240559697151184,-0.039221612767144864,-0.781141274800164,-0.08897953853157871,-0.6167353347067354,-1.8128843933641465,0.17187385322181864,-3.049474581832502
2048,941452.4479465772,941452.4612747084,right,-0.007935048080980778,0.2880685329437256,0.26507583260536194,-0.9586650729179382,-0.19865722954273224,0.20370663702487946,-1.0674926042556763,1.4177734851837158,-1.1570730209350586,-0.05358124577451778,-0.7702767351904798,-0.0923418871897297,-0.6287095548857797,-1.7801719508990896,0.19998765076762937,-3.0651117178272513
2049,941452.4679465772,941452.4912985418,right,0.03947540372610092,0.3012309968471527,0.234340101480484,-0.9590329527854919,-0.22404657304286957,0.17337489128112793,-1.1005464792251587,1.267020344734192,-1.0612186193466187,-0.06767555631367511,-0.7600704420067119,-0.09476460607667975,-0.6393219620441257,-1.7496455280613907,0.22596462379770116,-3.0825352530368884
2050,941452.4879465773,941452.5037473751,right,0.09336656332015991,0.3121291995048523,0.22472262382507324,-0.9581435918807983,-0.24703800678253174,0.14468249678611755,-1.1154226064682007,1.208056092262268,-0.9844578504562378,-0.0814415223736006,-0.7503940539280868,-0.09617677942870355,-0.6488651971438903,-1.7206669153892487,0.24962231523085598,-3.101693937687572
2051,941452.5079465773,941452.5184614167,right,0.149301216006279,0.33469048142433167,0.23777668178081512,-0.9562581777572632,-0.26901528239250183,0.11489590257406235,-1.1431504487991333,1.3042585849761963,-1.0184803009033203,-0.09512875306742138,-0.7402521059142785,-0.09733822629828377,-0.6584091261973701,-1.690374567916613,0.27237046738390713,-3.1220278353205515
2052,941452.5279465773,941452.5391819167,right,0.16525410115718842,0.3492085039615631,0.24556918442249298,-0.9532617330551147,-0.2905251979827881,0.0829891487956047,-1.0987414121627808,1.3386667966842651,-0.9735867977142334,-0.10880020483355408,-0.7292222200076071,-0.0986381618494362,-0.6683322457431907,-1.6576353868977276,0.2947756479241854,3.139950741125578
2053,941452.5479465773,941452.5637852084,right,0.16435888409614563,0.3520590662956238,0.27003762125968933,-0.9497553706169128,-0.3085744082927704,0.05240802466869354,-0.9991281032562256,1.201913833618164,-0.7624837756156921,-0.12103307026977829,-0.7185640963334684,-0.09934590948519331,-0.6776038832624547,-1.6259208857214522,0.3136939141546055,3.1192483376173725
2054,941452.5679465773,941452.5965104167,right,0.2238749861717224,0.36860188841819763,0.2751805782318115,-0.9464738368988037,-0.3218388259410858,0.024641795083880424,-0.9075974225997925,1.106677532196045,-0.5794174671173096,-0.1311886360022292,-0.7088828428487178,-0.09902510475646549,-0.6859072415200974,-1.5968257284970822,0.32767100046636854,3.099784635209638
2055,941452.5879465773,941452.59865025,right,0.31107375025749207,0.384461909532547,0.2544792592525482,-0.9432421922683716,-0.33209940791130066,-0.002043345710262656,-0.873762309551239,1.101885199546814,-0.49126893281936646,-0.14007283420135141,-0.699539215855463,-0.0980977638356018,-0.6938309093850824,-1.5686299423483618,0.3385284305395003,3.0809909272413463
2056,941452.6079465774,941452.6233492917,right,0.3553140461444855,0.39096003770828247,0.25427576899528503,-0.9398483633995056,-0.3404107391834259,-0.02838733233511448,-0.8744118809700012,1.0594996213912964,-0.41017383337020874,-0.14829583569563873,-0.6902572621386084,-0.09670162939919869,-0.7015712318963596,-1.540601258428399,0.34735366797566686,3.06218988370521
2057,941452.6279465774,941452.6393034584,right,0.39364388585090637,0.3875254988670349,0.26145198941230774,-0.9366329312324524,-0.3462257385253906,-0.0533515065908432,-0.8433017730712891,0.9577882885932922,-0.2791169583797455,-0.1556831321710193,-0.6814573049312576,-0.09455235530062753,-0.7088289572455195,-1.5138967698994676,0.35354498723393946,3.043542396910928
2058,941452.6479465774,941452.6837884167,right,0.43546485900878906,0.3807348310947418,0.2515428066253662,-0.9341210126876831,-0.348838210105896,-0.07569525390863419,-0.7562187314033508,0.8229880928993225,-0.1035519391298294,-0.16165575822098596,-0.6736185340087957,-0.09159914862452001,-0.7153426152056032,-1.4899392461780054,0.3563311219974651,3.026233781133765
2059,941452.6679465774,941452.6849797918,right,0.48158538341522217,0.3737570643424988,0.23607267439365387,-0.9327622652053833,-0.3478423058986664,-0.09465835988521576,-0.6585426926612854,0.6764240860939026,0.07531121373176575,-0.16583546279206465,-0.667055272342841,-0.08779546774645894,-0.7209908317107881,-1.4696607139762548,0.35526869564749713,3.011093562553319
2060,941452.6879465774,941452.7061932083,right,0.5090898871421814,0.3692677617073059,0.23411253094673157,-0.9326357245445251,-0.34361782670021057,-0.11007919162511826,-0.5328812003135681,0.5260463356971741,0.24903301894664764,-0.16816532231700174,-0.6618222479021689,-0.08337670996903826,-0.7257823675236555,-1.453309587556295,0.35076656319399035,2.9986934716979308
2061,941452.7079465775,941452.737421125,right,0.5148887038230896,0.3479645848274231,0.2272762507200241,-0.9340130686759949,-0.3360598683357239,-0.12117497622966766,-0.37002530694007874,0.3182040750980377,0.4497431218624115,-0.16825767695342264,-0.6582160644766115,-0.07851168744715517,-0.7295731001875426,-1.441781013867267,0.34273029288341056,2.9900780573308303
2062,941452.7279465775,941452.7395023333,right,0.5228128433227539,0.3240104019641876,0.23258820176124573,-0.9371448755264282,-0.3250698745250702,-0.12684255838394165,-0.22886449098587036,0.08765619248151779,0.6206545829772949,-0.16603162456586412,-0.6566858903650982,-0.07309120987729045,-0.732021028574101,-1.4362637992775702,0.33108559457252457,2.9854306299378237
2063,941452.7479465775,941452.788073375,right,0.5574494004249573,0.3100969195365906,0.22254566848278046,-0.941149115562439,-0.3125823140144348,-0.1285705864429474,-0.151556596159935,-0.0024326269049197435,0.6227529644966125,-0.16248677828203392,-0.6566131672181158,-0.06762997515805474,-0.7334052459544602,-1.4350264546319718,0.31791031620399884,2.9835235488839182
2064,941452.7679465775,941452.788254,right,0.5919197797775269,0.3096316158771515,0.19561664760112762,-0.944616436958313,-0.30162352323532104,-0.12931716442108154,-0.10227847844362259,0.0012723143445327878,0.5037127137184143,-0.15919640287592302,-0.6567911490192337,-0.06298226425056223,-0.7343807448637976,-1.4347428576358927,0.30639500200196373,2.9824522220842704
2065,941452.7879465775,941452.803816625,right,0.563973605632782,0.295343279838562,0.19889980554580688,-0.9475011229515076,-0.29255807399749756,-0.12903982400894165,-0.04073900729417801,-0.11140675842761993,0.4538249969482422,-0.15634209330569487,-0.6572461842471066,-0.05922413476384129,-0.7348993347438125,-1.4354393597349588,0.2969008310472719,2.982022631952487
2066,941452.8079465776,941452.8200734584,right,0.5127073526382446,0.27980270981788635,0.21956251561641693,-0.9509150385856628,-0.283341646194458,-0.12441111356019974,0.049191877245903015,-0.38944903016090393,0.5332871675491333,-0.15289801006162565,-0.6593144080494461,-0.05566788768289562,-0.7340489272466383,-1.4407021230182886,0.2872767480081116,2.9834146292731187
2067,941452.8279465776,941452.8644290417,right,0.5052110552787781,0.2774321436882019,0.2231302559375763,-0.9552974700927734,-0.2728615403175354,-0.11381257325410843,0.13907723128795624,-0.6578713655471802,0.5766276717185974,-0.14837924347271192,-0.663625938672648,-0.05190651935597657,-0.731361686509751,-1.4522168136258857,0.27636615852797336,2.9869893948778627
2068,941452.8479465776,941452.8648034584,right,0.48661571741104126,0.26992693543434143,0.21511583030223846,-0.960013210773468,-0.262224406003952,-0.0980464369058609,0.22941608726978302,-0.8842529058456421,0.5778952240943909,-0.14331969851832752,-0.6698085323437708,-0.04830394088930505,-0.7269681996484464,-1.4690188285629873,0.2653265153823415,2.992158463989919
2069,941452.8679465776,941452.8838149584,right,0.4441194236278534,0.25497281551361084,0.21312884986400604,-0.9648024439811707,-0.2513851821422577,-0.07721240818500519,0.28851833939552307,-1.1345568895339966,0.5930728912353516,-0.13781611008471176,-0.6777816801710215,-0.04478560740782164,-0.7208418649906944,-1.4909372059279673,0.2541110975655924,2.9985499806559575
2070,941452.8879465776,941452.9062385417,right,0.4127868115901947,0.2582567632198334,0.21628211438655853,-0.9692803621292114,-0.24045813083648682,-0.05172546207904816,0.34385794401168823,-1.322819471359253,0.5748406052589417,-0.13196162944100326,-0.6873299165431528,-0.04141031968096299,-0.7130560636187131,-1.5174820065990067,0.24283778153873417,3.0059421996716615
2071,941452.9079465776,941452.9237487084,right,0.3770785331726074,0.25553926825523376,0.21167372167110443,-0.9729031920433044,-0.23007214069366455,-0.022934431210160255,0.40655234456062317,-1.4476182460784912,0.5242290496826172,-0.12601721187344284,-0.6978910817696303,-0.03848092375744302,-0.7039792711849716,-1.5472274184572825,0.23215179227562005,3.014121325908305
2072,941452.9279465777,941452.9408298334,right,0.33058878779411316,0.24287155270576477,0.2316293716430664,-0.9753385782241821,-0.22056372463703156,0.008127937093377113,0.4658823609352112,-1.5153639316558838,0.4585471749305725,-0.12014636492708446,-0.7090531458226594,-0.03616025622425345,-0.6939025731482884,-1.579129502240967,0.2223923716171757,3.022938444018766
2073,941452.9479465777,941452.9838966251,right,0.275240957736969,0.25531134009361267,0.25389575958251953,-0.9764633774757385,-0.21193718910217285,0.040018677711486816,0.5076515674591064,-1.532403588294983,0.40054798126220703,-0.11422650068195521,-0.7202826365069667,-0.034673061434869666,-0.6833321551818552,-1.611756604610394,0.21355672986584934,3.0327496878617213
2074,941452.9679465777,941452.9845249167,right,0.20729359984397888,0.26705652475357056,0.2614898681640625,-0.976380467414856,-0.20357219874858856,0.07238442450761795,0.6172453761100769,-1.5680041313171387,0.42126399278640747,-0.10798549285101891,-0.7314660770124097,-0.03390501229476683,-0.6724187338460793,-1.6447963405164732,0.20500512800991616,3.043769343714293
2075,941452.9879465777,941453.0037907084,right,0.12660931050777435,0.23732763528823853,0.2663998007774353,-0.9753833413124084,-0.1927405595779419,0.10713709145784378,0.7746288776397705,-1.721724033355713,0.5817105174064636,-0.10018902892772087,-0.7432828038312526,-0.033153880555716726,-0.6606009620930663,-1.6801986796683799,0.19395428755963323,3.056819005316924
2076,941453.0079465777,941453.026179,right,0.09387151896953583,0.21706126630306244,0.261517733335495,-0.9732517004013062,-0.1781151443719864,0.1451079398393631,0.8900607824325562,-1.819601058959961,0.6801161766052246,-0.0903363312283411,-0.7559931591418255,-0.032066697245178764,-0.6475225775546828,-1.718801973051186,0.17907060595624366,3.071917860393142
2077,941453.0279465778,941453.0435517083,right,0.08594953268766403,0.22047878801822662,0.24709546566009521,-0.9695969820022583,-0.16249880194664001,0.18296509981155396,0.8948114514350891,-1.7429872751235962,0.6087831258773804,-0.07985561942027385,-0.7684394712885002,-0.03135743351702823,-0.6341456528460832,-1.7573053330207382,0.16322256731758464,3.087763963366892
2078,941453.0479465778,941453.0867465417,right,0.013407698832452297,0.20852461457252502,0.25458410382270813,-0.9645549654960632,-0.14763832092285156,0.218716099858284,0.9375441074371338,-1.6918338537216187,0.5747330784797668,-0.06962519386237159,-0.7799814660683771,-0.031415318253508594,-0.6211234627938268,-1.793778951321613,0.14817998127383394,3.1036832924315285
2079,941453.0679465778,941453.087450625,right,-0.09814298897981644,0.16950637102127075,0.28238576650619507,-0.9579939842224121,-0.13090309500694275,0.25517013669013977,1.0159450769424438,-1.8395904302597046,0.7111559510231018,-0.058701001274075494,-0.7915858782888527,-0.031254152179769366,-0.6074282632190521,-1.8311111961281636,0.13127984138820295,3.1195687700204853
2080,941453.0879465778,941453.1038495001,right,-0.14096413552761078,0.15636375546455383,0.21946702897548676,-0.9492012858390808,-0.1096467599272728,0.2949485182762146,1.0544816255569458,-2.036831855773926,0.9013519287109375,-0.04611678587737489,-0.8040994914107422,-0.02997049411278151,-0.5919451533368182,-1.8720708571778522,0.10986764579344162,3.1351550978707983
2081,941453.1079465778,941453.121320875,right,-0.1369505673646927,0.13432028889656067,0.17770592868328094,-0.9381607174873352,-0.08579155802726746,0.33540090918540955,1.0140407085418701,-1.9893946647644043,0.8961684703826904,-0.032913689751059474,-0.8166553102106452,-0.02783014848296636,-0.575513770041022,-1.9141448666263077,0.08589713681467136,-3.1339938483368224
2082,941453.1279465778,941453.1460469584,right,-0.17737534642219543,0.10075091570615768,0.1870201677083969,-0.9260391592979431,-0.06348198652267456,0.37205031514167786,0.9580364227294922,-1.7793502807617188,0.761385977268219,-0.020691363967960702,-0.8278551829179117,-0.026094239623176366,-0.5599524256725029,-1.9528234158105813,0.06352468716914224,-3.12151867308284
2083,941453.1479465779,941453.1845215,right,-0.23526325821876526,0.09277559071779251,0.2123061716556549,-0.9135740995407104,-0.04298006370663643,0.4043952524662018,0.920156717300415,-1.6298260688781738,0.6977841258049011,-0.009419257418286016,-0.837601506369259,-0.02492605389721591,-0.5456316014244966,-1.987522663690133,0.042993297562301615,-3.11008102307246
2084,941453.1679465779,941453.1848426667,right,-0.2714187800884247,0.09480177611112595,0.22347313165664673,-0.900826096534729,-0.022460738196969032,0.4335983097553253,0.9647970199584961,-1.5370885133743286,0.7207069396972656,0.0018120452370033303,-0.8463000871243526,-0.02398493984615724,-0.5321630255507189,-2.019399914329084,0.02246261717149637,-3.0990435551229663
2085,941453.1879465779,941453.2063465001,right,-0.3273232877254486,0.04466667026281357,0.2177686095237732,-0.8869901299476624,0.00044275796972215176,0.46178779006004333,1.0139741897583008,-1.6036776304244995,0.8444120287895203,0.014025396053196571,-0.854622209060043,-0.022687683405815742,-0.5185646719042007,-2.0508060809385293,-0.0004427677271102246,-3.088242385305218
2086,941453.2079465779,941453.2238388334,right,-0.31717613339424133,0.029406173154711723,0.18273445963859558,-0.8714536428451538,0.02571764588356018,0.48980310559272766,1.005585789680481,-1.5913443565368652,0.8780335187911987,0.02701889116819788,-0.8628278461029841,-0.020727341743179653,-0.5043495043960596,-2.0828460651023315,-0.02572049004741771,-3.0785077777176
2087,941453.227946578,941453.2450047918,right,-0.27853041887283325,0.039157476276159286,0.14094212651252747,-0.8557637333869934,0.049719005823135376,0.5149721503257751,0.9461780190467834,-1.3986512422561646,0.7569950819015503,0.039256067069208145,-0.8701305818048203,-0.018941922125791374,-0.4908898919407581,-2.112515490913422,-0.04973951963493332,-3.0699380975732353
2088,941453.247946578,941453.3019057917,right,-0.31546229124069214,-0.012065730057656765,0.13419313728809357,-0.8403461575508118,0.07296710461378098,0.5371161699295044,0.9384558796882629,-1.3826099634170532,0.7882828116416931,0.05101682737192892,-0.8765054748958266,-0.017210422600537026,-0.4783713096424988,-2.139513735064505,-0.07303201640927634,-3.062318499480543
2089,941453.267946578,941453.3019867501,right,-0.35335859656333923,-0.06344456225633621,0.12831827998161316,-0.8239641785621643,0.09637103229761124,0.5583865642547607,0.9307337999343872,-1.366568684577942,0.8195705413818359,0.06276029434145612,-0.8825836075304611,-0.015473118375915083,-0.46569073487682205,-2.1663868489291116,-0.09652083751276364,-3.0553181735152615
2090,941453.287946578,941453.30379475,right,-0.30004507303237915,-0.058657821267843246,0.0844467282295227,-0.8079994320869446,0.118475042283535,0.5771486759185791,0.8344434499740601,-1.116557002067566,0.6463057994842529,0.07379593545818748,-0.8879090167886347,-0.01385161088442249,-0.4538500425954368,-2.1910508085201448,-0.11875396927394359,-3.0492292773617904
2091,941453.307946578,941453.3313186667,right,-0.29985952377319336,-0.05798150226473808,0.04351496323943138,-0.7954688668251038,0.13601550459861755,0.5905324220657349,0.7208695411682129,-0.8231420516967773,0.45679163932800293,0.08291214038044994,-0.8916775512188037,-0.013316001835499521,-0.44481372055980106,-2.209396381195107,-0.1364384244323235,-3.0430102743770737
2092,941453.327946578,941453.356521375,right,-0.3884862959384918,-0.09548668563365936,0.0451776348054409,-0.7843303084373474,0.1521529108285904,0.6013947129249573,0.7082055807113647,-0.8667954206466675,0.5625477433204651,0.09126721242293048,-0.8947257252746992,-0.012774838538919543,-0.4370046061901462,-2.2249390209934443,-0.15274619028222539,-3.037567834597383
2093,941453.347946578,941453.3622405,right,-0.4194992780685425,-0.13104180991649628,0.044279344379901886,-0.7702503204345703,0.17177200317382812,0.6141735315322876,0.7603275775909424,-1.0882242918014526,0.7855883836746216,0.10077014802448415,-0.8983145673459342,-0.010847382970509743,-0.427502900887003,-2.243930704469367,-0.17262813179886358,-3.0341442907507923
2094,941453.3679465781,941453.3863868751,right,-0.34933552145957947,-0.14279553294181824,0.02291310764849186,-0.7537145614624023,0.19330939650535583,0.6281285285949707,0.7252740263938904,-1.041003704071045,0.7471361756324768,0.11084530340370753,-0.9022192197264757,-0.008044076735054834,-0.41671209764569805,-2.265560391328975,-0.1945340533956813,-3.0324246643749113
2095,941453.3879465781,941453.4039422084,right,-0.28331825137138367,-0.13238154351711273,0.011697146110236645,-0.7402570247650146,0.21040627360343933,0.6385522484779358,0.5701633095741272,-0.668347179889679,0.43430790305137634,0.11908719252113659,-0.9051165552069843,-0.00633344843704781,-0.40809584720498665,-2.282564987445944,-0.21199051512737327,-3.030211293820262
2096,941453.4079465781,941453.4225190834,right,-0.3020178973674774,-0.1282595992088318,0.02839132770895958,-0.7325143218040466,0.2218082845211029,0.6436024308204651,0.4800764322280884,-0.3737884759902954,0.25583019852638245,0.12507741333109268,-0.9065116332848249,-0.006151065940580744,-0.403180501798731,-2.2916733768713713,-0.2236685557862377,-3.0264675512746404
2097,941453.4279465781,941453.4474806667,right,-0.31537744402885437,-0.12437760084867477,0.048310067504644394,-0.7264786958694458,0.2323032170534134,0.6467334032058716,0.49292388558387756,-0.38118961453437805,0.3523668646812439,0.13060117667817958,-0.9073764238864391,-0.005889847807772449,-0.3994705399179251,-2.298187463553881,-0.23444501204104967,-3.0230485813165116
2098,941453.4479465781,941453.463546875,right,-0.2975773513317108,-0.12318479269742966,0.062459759414196014,-0.7189321517944336,0.24546095728874207,0.6502965688705444,0.6139287948608398,-0.46084290742874146,0.5137284398078918,0.13715835118388653,-0.9083645177857325,-0.004706879503368689,-0.3950181855754366,-2.306109154947366,-0.24799516422304113,-3.020697569709025
2099,941453.4679465782,941453.4845443751,right,-0.2897070646286011,-0.19285200536251068,0.03837452828884125,-0.7088872790336609,0.26264500617980957,0.6545965671539307,0.7040819525718689,-0.5925400257110596,0.6693827509880066,0.145507607307639,-0.9095555534768233,-0.0026324966102955296,-0.38926772479253724,-2.31639775511723,-0.26576243542829897,-3.0189175544475115
2100,941453.4879465782,941453.5063584168,right,-0.2039647400379181,-0.21612505614757538,-0.02682771161198616,-0.6979922652244568,0.28135961294174194,0.6585162878036499,0.6977795362472534,-0.4787873327732086,0.5919082164764404,0.15460627070993477,-0.9106360567824765,-0.0002876896250034782,-0.38319553335716283,-2.3271014648842367,-0.28521065925874817,-3.0172494320784558
2101,941453.5079465782,941453.5238848334,right,-0.11557625234127045,-0.2001532018184662,-0.08724993467330933,-0.6915193796157837,0.2958367168903351,0.6590005159378052,0.5368894338607788,-0.09523087739944458,0.2630476951599121,0.16205174127518418,-0.9107686153277557,0.0008602687120848871,-0.37978813739723777,-2.3321202700132613,-0.30033132754563946,-3.0140288553585695
2102,941453.5279465782,941453.5663015418,right,-0.08436597138643265,-0.1692037582397461,-0.09452512860298157,-0.692398726940155,0.30280426144599915,0.6548995971679688,0.3370489180088043,0.2765064537525177,-0.04325992986559868,0.16634860532994175,-0.9096426290592241,0.0002215886131227563,-0.38062887479573887,-2.3283687468949283,-0.3076336725962548,-3.008753145881965
2103,941453.5479465782,941453.5835832084,right,-0.10980138182640076,-0.14357724785804749,-0.07073920220136642,-0.6972084045410156,0.30524617433547974,0.6486333608627319,0.2426469475030899,0.32700151205062866,-0.05080025643110275,0.16850712312268826,-0.9079183499963767,-0.0009578801468320159,-0.38378209657647555,-2.32011739281872,-0.31019694081358473,-3.003505335170052
2104,941453.5679465783,941453.5845133334,right,-0.16284385323524475,-0.158881276845932,-0.05351422727108002,-0.6989671587944031,0.3097274601459503,0.6446036696434021,0.2562931478023529,-0.004914550110697746,0.26251354813575745,0.17109055972398224,-0.906808279172067,-0.0007335345433370507,-0.3852612624246125,-2.3157545061088127,-0.3149063914535962,-3.001084583583541
2105,941453.5879465783,941453.6042732918,right,-0.14465847611427307,-0.16552037000656128,-0.04647495597600937,-0.6940546631813049,0.3190253973007202,0.6453766822814941,0.27356868982315063,-0.32410669326782227,0.5077893733978271,0.17519206869577697,-0.9070202673927569,0.0015929101817401296,-0.3829092212837406,-2.319868104720811,-0.3247009683046305,-3.0026322965771373
2106,941453.6079465783,941453.6352105001,right,-0.07935534417629242,-0.1477864384651184,-0.06425169110298157,-0.6864544153213501,0.3287246823310852,0.6486295461654663,0.17063917219638824,-0.3204171657562256,0.39944273233413696,0.17917575772126026,-0.9079068866461409,0.004453258906447873,-0.3789211846362219,-2.327870529510902,-0.33495288857223926,-3.00596202194774
2107,941453.6279465783,941453.6439264168,right,-0.05826283618807793,-0.11656992882490158,-0.0634528174996376,-0.6820163726806641,0.33300772309303284,0.6511221528053284,0.008274062536656857,-0.12520833313465118,0.07736235857009888,0.1808163890229271,-0.9085848241895442,0.005888180928491545,-0.376489756508089,-2.3330245318271725,-0.33949157993353346,-3.008152167250487
2108,941453.6479465783,941453.6626407084,right,-0.0975598394870758,-0.10275980085134506,-0.04229224473237991,-0.6815565824508667,0.33147579431533813,0.6523838639259338,-0.10199834406375885,-0.037677355110645294,-0.1337735801935196,0.18005204334920263,-0.9089341112036798,0.005538166139376521,-0.37601787414866755,-2.334328296747252,-0.33786736839545534,-3.008350081421987
2109,941453.6679465784,941453.6861082917,right,-0.11397688835859299,-0.0967564508318901,-0.010468930937349796,-0.6821313500404358,0.3274365961551666,0.6538212895393372,-0.10910355299711227,-0.07346346974372864,-0.18627870082855225,0.17826906437737294,-0.9093361409960612,0.004287696554659766,-0.375911676484558,-2.33500662853445,-0.3335893348888703,-3.007598542877823
2110,941453.6879465784,941453.7243188334,right,-0.10908756405115128,-0.09474074095487595,0.009539375081658363,-0.6819500923156738,0.3237401247024536,0.6558482050895691,-0.05213707685470581,-0.1349840760231018,-0.1492590308189392,0.17672971612013294,-0.9098989137516742,0.002834839637376522,-0.3752901044480933,-2.3366858196782507,-0.3296798411649048,-3.0064338656476925
2111,941453.7079465784,941453.7249044584,right,-0.0897267535328865,-0.09583304077386856,0.010042667388916016,-0.6807682514190674,0.3219637870788574,0.6579470038414001,0.03351602703332901,-0.15824997425079346,-0.09105416387319565,0.17619114088731355,-0.9104785466356442,0.001506494001161383,-0.3741434626560392,-2.3391488835823924,-0.32780300479834856,-3.004807416886729
2112,941453.7279465784,941453.7462497083,right,-0.0716659426689148,-0.09711140394210815,0.003494270145893097,-0.6794958114624023,0.3220255970954895,0.6592307090759277,0.11942711472511292,-0.10567288100719452,-0.06293196231126785,0.176663646391329,-0.9108321757134455,0.00027305268258789774,-0.3730612288593917,-2.3410579684169446,-0.3278682813603128,-3.0024400964667763
2113,941453.7479465784,941453.7638186667,right,-0.0626840814948082,-0.09437844157218933,0.005717131774872541,-0.6792112588882446,0.3229990005493164,0.6590476632118225,0.18482334911823273,-0.005593559239059687,-0.07724093645811081,0.17774967561408353,-0.9107813699956571,-0.0010507924287707943,-0.37266777203863816,-2.341128539838302,-0.32889662638687284,-2.999101953991632
2114,941453.7679465784,941453.7934552918,right,-0.059765126556158066,-0.08996354043483734,0.005786397960036993,-0.6804267764091492,0.3239746689796448,0.6573125720024109,0.19359038770198822,0.08620553463697433,-0.11995398253202438,0.17901225246615773,-0.9103018884731974,-0.0025932182986174585,-0.3732269524337035,-2.3389175599932406,-0.329927738419987,-2.994833840615778
2115,941453.7879465785,941453.8072691667,right,-0.07059763371944427,-0.09174490720033646,0.016614703461527824,-0.6830874681472778,0.3240869641304016,0.6544915437698364,0.15186673402786255,0.15514647960662842,-0.18683350086212158,0.17999486856923397,-0.909519642083895,-0.004445284808805793,-0.3746412970193184,-2.334818811486678,-0.3300464400966291,-2.9899026657157193
2116,941453.8079465785,941453.8240867084,right,-0.11413578689098358,-0.10244537889957428,0.03345576673746109,-0.6867726445198059,0.32280731201171875,0.6512596607208252,0.10627461224794388,0.18215277791023254,-0.21752752363681793,0.18034163112504586,-0.9086182900896147,-0.006526486867700173,-0.3766260967326945,-2.329659409568133,-0.3286941028724497,-2.9848947284988303
2117,941453.8279465785,941453.8427249584,right,-0.1887945979833603,-0.15312278270721436,0.01720995083451271,-0.6897101998329163,0.3217323422431946,0.6486821174621582,0.09041352570056915,0.07783568650484085,-0.09848888218402863,0.18060476768616401,-0.907895180021661,-0.008207211166746881,-0.37820759414877975,-2.3255492519593477,-0.32755853638624716,-2.9808786424592433
2118,941453.8479465785,941453.8662370833,right,-0.23084020614624023,-0.21737325191497803,-0.005928888916969299,-0.6903830170631409,0.3221999704837799,0.6477334499359131,0.056652747094631195,0.019581416621804237,0.00451112212613225,0.18115766830922017,-0.9076285635449324,-0.008780116193808224,-0.3785700001429322,-2.3243323692949147,-0.32805247228208206,-2.979154880382557
2119,941453.8679465785,941453.9035718751,right,-0.2584489583969116,-0.2743389904499054,-0.042666271328926086,-0.6911200284957886,0.32237130403518677,0.6468616127967834,-0.028594130650162697,0.11361856013536453,-0.012653411366045475,0.18126488438716182,-0.9073893025083152,-0.008684306048673946,-0.37909405553326714,-2.323127936096063,-0.3282334541049007,-2.9790451247765506
2120,941453.8879465786,941453.905823625,right,-0.3315853178501129,-0.3403107821941376,-0.0356910265982151,-0.6935877799987793,0.32114821672439575,0.6448251008987427,-0.09497354179620743,0.23415116965770721,-0.035875361412763596,0.18057973140895806,-0.9068311328179991,-0.008354891045889419,-0.3807601888119427,-2.319777280938545,-0.3269416881980499,-2.979678650846691
2121,941453.9079465786,941453.927966375,right,-0.4162120819091797,-0.40196895599365234,-0.014079238288104534,-0.6973212957382202,0.3194005787372589,0.6416589021682739,-0.1296243518590927,0.3077099323272705,-0.029045239090919495,0.17952137132198023,-0.9059639072857532,-0.007668538721715525,-0.38333095374061865,-2.3146475686215235,-0.32509687654246633,-2.9810004746327654
2122,941453.9279465786,941453.9463233334,right,-0.47415220737457275,-0.4438718557357788,0.0074067492969334126,-0.7025102376937866,0.3163336217403412,0.637505054473877,-0.20431149005889893,0.44375407695770264,-0.15806658565998077,0.17783148726632866,-0.904821727726722,-0.007080915052513082,-0.386812047234698,-2.3077216170885575,-0.3218621370099058,-2.9823915881873533
2123,941453.9479465786,941453.9637477917,right,-0.484037309885025,-0.4537716507911682,0.020965062081813812,-0.7117405533790588,0.30814772844314575,0.6312450766563416,-0.3915995657444,0.7156648635864258,-0.5051746368408203,0.17400104774469122,-0.9030844904844428,-0.007804688027521351,-0.39255713969553424,-2.296328345993741,-0.31324539497806897,-2.98250640695066
2124,941453.9679465786,941453.9863086668,right,-0.4834870398044586,-0.4283788204193115,0.01718844845890999,-0.7270304560661316,0.2912711501121521,0.6217617988586426,-0.6360114812850952,1.0263519287109375,-0.9208818674087524,0.1665330136371411,-0.9004251730554259,-0.010740950531445284,-0.40172857387720495,-2.2783056923938405,-0.2955553253691798,-2.98081462047667
2125,941453.9879465787,941454.0035237917,right,-0.5166749358177185,-0.4045509696006775,0.046618688851594925,-0.7466574907302856,0.26646536588668823,0.6095072627067566,-0.8203617930412292,1.1645146608352661,-1.1567342281341553,0.1556491098055961,-0.8969480785373964,-0.015419055600872316,-0.41354546034908857,-2.255406136494431,-0.26972395152081513,-2.9786092270642848
2126,941454.0079465787,941454.0235037918,right,-0.5511137247085571,-0.38292399048805237,0.07329161465167999,-0.7659597992897034,0.23823118209838867,0.5971193909645081,-0.9238914251327515,1.0387262105941772,-1.1330939531326294,0.1430509967278126,-0.8933884382134135,-0.020414282389021345,-0.4254136366172261,-2.2329552146934026,-0.24054419130389226,-2.9779868262211804
2127,941454.0279465787,941454.0479293334,right,-0.5395087599754333,-0.3462951183319092,0.08932989835739136,-0.7821574211120605,0.21024204790592194,0.5865387320518494,-0.9934365749359131,0.8936514258384705,-1.060746192932129,0.13014261119747317,-0.8903149978876707,-0.024668472730214438,-0.43565288888108483,-2.2142324450521333,-0.21182254133101092,-2.979973924811335
2128,941454.0479465787,941454.0838715418,right,-0.4810057282447815,-0.2952381670475006,0.10327376425266266,-0.7974576354026794,0.18014200031757355,0.5758562088012695,-1.1441181898117065,1.033997654914856,-1.2330654859542847,0.11600322612500107,-0.8871850489880422,-0.028822976908607207,-0.4456626950298377,-2.196210897126162,-0.18113081565206315,-2.9838295914176913
2129,941454.0679465787,941454.0847642918,right,-0.43583208322525024,-0.24277813732624054,0.12315728515386581,-0.8155885338783264,0.1433713734149933,0.5605888962745667,-1.3538845777511597,1.3730934858322144,-1.5686262845993042,0.09901025607827857,-0.8826770951694487,-0.034286484765232016,-0.4581512112797476,-2.1729768285117212,-0.14386715599712502,-2.98816134339314
2130,941454.0879465787,941454.1060905417,right,-0.42868825793266296,-0.1654033213853836,0.17483139038085938,-0.8367131948471069,0.09928549081087112,0.538565993309021,-1.4977136850357056,1.6853508949279785,-1.8231772184371948,0.0790063062651958,-0.8761140377672652,-0.04131761786617488,-0.4737879327588448,-2.14270766260514,-0.09944933791638971,-2.9930534193471674
2131,941454.1079465788,941454.1243048334,right,-0.44371020793914795,-0.0839705839753151,0.22687788307666779,-0.8578203916549683,0.05215911194682121,0.5112960338592529,-1.5308324098587036,1.7632873058319092,-1.8043071031570435,0.057646760549541765,-0.8679099374339552,-0.04878865358409845,-0.49094690264850566,-2.108299584705933,-0.05218279541224859,-2.9996324192559993
2132,941454.1279465788,941454.1665944167,right,-0.43620532751083374,-0.01011829636991024,0.27096545696258545,-0.8760097622871399,0.007378443609923124,0.4822371304035187,-1.497983694076538,1.6758171319961548,-1.6096030473709106,0.03688325658879461,-0.8591126973570499,-0.055171542446477186,-0.507465429860892,-2.0740177764472976,-0.007378514053815368,-3.0089695294257366
2133,941454.1479465788,941454.1674983334,right,-0.3759201765060425,0.06676024943590164,0.2939453125,-0.8909633755683899,-0.03377528116106987,0.4528175890445709,-1.506531000137329,1.6241464614868164,-1.4776057004928589,0.017078083744229,-0.850176175240024,-0.06007684955101529,-0.5227806981107276,-2.041009086346607,0.033781699791879616,-3.021225725552377
2134,941454.1679465788,941454.1837797083,right,-0.3057337999343872,0.1363326609134674,0.29518944025039673,-0.9038245677947998,-0.07341897487640381,0.42155808210372925,-1.5754283666610718,1.685849905014038,-1.4704999923706055,-0.002610680463336948,-0.8406307090371072,-0.06417949632350606,-0.5377864868048695,-2.0072174040157957,0.07348508747850004,-3.0360177317597903
2135,941454.1879465788,941454.203790375,right,-0.2506132423877716,0.2066163271665573,0.30495166778564453,-0.9151996970176697,-0.11379584670066833,0.38660117983818054,-1.6783368587493896,1.8175597190856934,-1.5334774255752563,-0.02315796720443632,-0.8298573299917258,-0.06809819379748026,-0.5533202659852022,-1.9704819218827383,0.1140428811177727,-3.0535113842791346
2136,941454.2079465789,941454.2457287917,right,-0.21236474812030792,0.26329392194747925,0.31366199254989624,-0.9247205257415771,-0.15446510910987854,0.3478977680206299,-1.7293013334274292,1.8570849895477295,-1.5016831159591675,-0.044480016608267316,-0.8178006561286858,-0.07176994913889667,-0.5692739263391049,-1.930635514605311,0.1550860276324773,-3.0739860036550404
2137,941454.2279465789,941454.2461087084,right,-0.18829278647899628,0.29957032203674316,0.3451301157474518,-0.9316975474357605,-0.1918468475341797,0.30843862891197205,-1.659860610961914,1.7334085702896118,-1.2930433750152588,-0.06512722554850116,-0.8054109155165311,-0.07438096333112647,-0.5844135042860066,-1.8904905309576452,0.19304359171384725,-3.0970589675560927
2138,941454.2479465789,941454.2894140834,right,-0.14455291628837585,0.3238319754600525,0.36157411336898804,-0.9363937377929688,-0.2225722372531891,0.2713455855846405,-1.5321128368377686,1.5414583683013916,-1.0097992420196533,-0.08348755084633498,-0.7937261181325276,-0.07531005858423395,-0.5977935155480749,-1.852848173688974,0.22445208940026307,-3.1213490314465226
2139,941454.2679465789,941454.2896730001,right,-0.042711712419986725,0.3580370545387268,0.34923669695854187,-0.9397647976875305,-0.24747540056705475,0.23579244315624237,-1.4207146167755127,1.540272831916809,-0.8767113089561462,-0.09957232912788418,-0.7824665536153134,-0.07511506104869976,-0.610073102923961,-1.8166272381117927,0.2500737244906713,3.1375233088562973
2140,941454.2879465789,941454.3062021667,right,0.05090287700295448,0.3795383870601654,0.327727735042572,-0.9422287344932556,-0.2698724865913391,0.19842861592769623,-1.3457393646240234,1.6789524555206299,-0.8713981509208679,-0.1144676348909663,-0.7704399914116711,-0.07507653166033382,-0.6226418878505229,-1.778358186589158,0.2732605890640808,3.1136932281103364
2141,941454.307946579,941454.324708375,right,0.10615449398756027,0.39388155937194824,0.3342706263065338,-0.9435657858848572,-0.2908279001712799,0.15843836963176727,-1.235498309135437,1.7713711261749268,-0.8420572876930237,-0.12851788695482694,-0.7572971997058385,-0.07563128641253322,-0.6358175856570253,-1.7371587624611604,0.29509200101351535,3.0904851228789507
2142,941454.327946579,941454.3489818751,right,0.13880230486392975,0.38421431183815,0.3285302519798279,-0.9437585473060608,-0.3086091876029968,0.11865867674350739,-1.0625498294830322,1.6867340803146362,-0.686866044998169,-0.14078417926801498,-0.7439702791691805,-0.07640367734399345,-0.6487298240209343,-1.6958698515014397,0.3137304923538617,3.069011614481511
2143,941454.347946579,941454.3839182084,right,0.20146866142749786,0.38260212540626526,0.29790666699409485,-0.9432498216629028,-0.3217483460903168,0.08220603317022324,-0.8774732947349548,1.533569097518921,-0.5138106942176819,-0.15054591567493483,-0.7315746945325294,-0.07682083186698838,-0.6604793487964196,-1.6577285035586635,0.3275754070275861,3.0501447198949982
2144,941454.367946579,941454.3874283334,right,0.2667621672153473,0.3791886568069458,0.27851223945617676,-0.9421088099479675,-0.3317011296749115,0.04904568940401077,-0.7434049844741821,1.435778021812439,-0.4477044343948364,-0.1583973637080697,-0.7201169470872418,-0.07716467566762668,-0.6711091561219069,-1.622808763371645,0.3381061854769681,3.0338260746226164
2145,941454.387946579,941454.4066354167,right,0.3190770149230957,0.3653906285762787,0.25733259320259094,-0.9400482773780823,-0.3405740261077881,0.01784699410200119,-0.6814602613449097,1.372330665588379,-0.45363593101501465,-0.16541363909178455,-0.709132474979819,-0.07781124094470261,-0.6809661015334703,-1.5897791485748678,0.34752732843708695,3.019053655412531
2146,941454.407946579,941454.4266570418,right,0.37127646803855896,0.3634355366230011,0.22879591584205627,-0.9369221329689026,-0.3493323028087616,-0.011992985382676125,-0.6292217373847961,1.3217419385910034,-0.4724418520927429,-0.17216736712680344,-0.6984168021861646,-0.07885072601119165,-0.690184677343997,-1.557996530729592,0.35685840375650013,3.0050822220651012
2147,941454.4279465791,941454.4465759167,right,0.40468448400497437,0.3647165894508362,0.20122136175632477,-0.933043897151947,-0.35754328966140747,-0.03989608213305473,-0.576181173324585,1.187637448310852,-0.42898237705230713,-0.1785425789074837,-0.6882229254474164,-0.08000701808437703,-0.6986204564859599,-1.528063208391545,0.3656359421573666,2.9918288014197545
2148,941454.4479465791,941454.4856367084,right,0.42495501041412354,0.3720654845237732,0.20824669301509857,-0.9291892051696777,-0.36401230096817017,-0.06405040621757507,-0.5160279870033264,0.9833585023880005,-0.32509297132492065,-0.18405274886057713,-0.6793067699990585,-0.08072836161618019,-0.7057972922385207,-1.5019736058330633,0.3725721026080668,2.979698745959989
2149,941454.4679465791,941454.4858258751,right,0.4527471959590912,0.38253000378608704,0.22873272001743317,-0.9258849024772644,-0.36833667755126953,-0.08405406773090363,-0.461542010307312,0.7894363403320312,-0.21965104341506958,-0.18854536140887662,-0.6718991258568364,-0.08077431769537224,-0.7116724272706206,-1.4802619932287417,0.3772192306694209,2.968827422132986
2150,941454.4879465791,941454.5289279583,right,0.48752644658088684,0.39340004324913025,0.22761045396327972,-0.9232970476150513,-0.3707394301891327,-0.10037349909543991,-0.42602404952049255,0.6232227087020874,-0.131717249751091,-0.19218589323660154,-0.6658787027056146,-0.08011718827563565,-0.7164156485812264,-1.462509462328084,0.3798050307701079,2.9589633263931576
2151,941454.5079465791,941454.5300152501,right,0.5182375311851501,0.40451014041900635,0.2215939313173294,-0.9214619398117065,-0.3715232312679291,-0.11348273605108261,-0.37265053391456604,0.47104623913764954,-0.043191537261009216,-0.1950525237319034,-0.6610865291399707,-0.07888722574309882,-0.7202054508849013,-1.4482581784776731,0.38064912623055563,2.9501532331432534
2152,941454.5279465792,941454.5447365834,right,0.5220578908920288,0.39123719930648804,0.22349140048027039,-0.9207361340522766,-0.3703423738479614,-0.1228470578789711,-0.2681414783000946,0.2705026865005493,0.0997999757528305,-0.1967223783331418,-0.6577419169551253,-0.07714922823936339,-0.7229964253756535,-1.438156956370717,0.37937753993243184,2.9433195534295
2153,941454.5479465792,941454.58431025,right,0.5279108881950378,0.37813130021095276,0.22930888831615448,-0.9217129349708557,-0.3663657307624817,-0.12736348807811737,-0.13410231471061707,0.05567393824458122,0.2674110531806946,-0.19657850204605123,-0.6562999706146452,-0.07475672456980834,-0.7245955437383266,-1.4334844938410998,0.37510014099459943,2.939510798697276
2154,941454.5679465792,941454.5850672917,right,0.5467146635055542,0.37027817964553833,0.2219289243221283,-0.9241042137145996,-0.3602167069911957,-0.1275751143693924,-0.018088337033987045,-0.07609674334526062,0.36170706152915955,-0.19477389038862886,-0.6565239935498829,-0.07203225759524193,-0.72515567038145,-1.4336106315009616,0.36850013951782484,2.9387824372766813
2155,941454.5879465792,941454.6213267084,right,0.5469197630882263,0.35229286551475525,0.20784683525562286,-0.9271044731140137,-0.353260338306427,-0.12523803114891052,0.06675329059362411,-0.1601414531469345,0.39227890968322754,-0.19197496730995495,-0.657689348894783,-0.06946698383821699,-0.725096355267494,-1.4365238970118617,0.36105381125284974,2.9403217135958215
2156,941454.6079465792,941454.6263174167,right,0.530411958694458,0.3307652175426483,0.20175029337406158,-0.9304465651512146,-0.3459753692150116,-0.12070752680301666,0.13677917420864105,-0.25706279277801514,0.414459764957428,-0.1885102236759725,-0.6596505492577504,-0.06713681089312198,-0.7244430691352656,-1.4417860337146964,0.3532781240826824,2.943597674950972
2157,941454.6279465792,941454.6460065834,right,0.5090326070785522,0.3170509338378906,0.19196628034114838,-0.9341451525688171,-0.3383070230484009,-0.1136721819639206,0.2158861756324768,-0.3677901327610016,0.4568215310573578,-0.18439411268024936,-0.6625262757680324,-0.06498309920877555,-0.7230733195251569,-1.4497057989951543,0.34511721173511173,2.9485272648670153
2158,941454.6479465793,941454.6664246251,right,0.48000162839889526,0.3034254312515259,0.18821404874324799,-0.9383189082145691,-0.3297919034957886,-0.10389964282512665,0.29072725772857666,-0.49716147780418396,0.5146283507347107,-0.17952931915239279,-0.6664154477952476,-0.06277410650644359,-0.7209155477726789,-1.4605159323378942,0.33608311519711165,2.9549454961489956
2159,941454.6679465793,941454.6966782084,right,0.44061389565467834,0.2891567349433899,0.1934405118227005,-0.9429754018783569,-0.32018527388572693,-0.09098666906356812,0.3513685166835785,-0.6589697003364563,0.5781582593917847,-0.17387323968942217,-0.6714615450011445,-0.0603822704876474,-0.7178170655815603,-1.4746051092692425,0.32592501128612533,2.9627457915306676
2160,941454.6879465793,941454.7100921667,right,0.3917158544063568,0.2756231427192688,0.19919975101947784,-0.9481847882270813,-0.30895307660102844,-0.07411804795265198,0.42415541410446167,-0.8712253570556641,0.6836641430854797,-0.1672017429353746,-0.6779523694436161,-0.05763262717027649,-0.7135142551510953,-1.4927865137039358,0.314092018057372,2.972070751656802
2161,941454.7079465793,941454.7262288334,right,0.34490013122558594,0.26494118571281433,0.19928301870822906,-0.953912615776062,-0.29542988538742065,-0.05264703184366226,0.4952678680419922,-1.083088755607605,0.7913015484809875,-0.1593041893531178,-0.6860979053458647,-0.054278057737340825,-0.7077751339139376,-1.5156615537746947,0.2999054313136898,2.9828478298785197
2162,941454.7279465793,941454.7461632917,right,0.3052167594432831,0.253655344247818,0.19432421028614044,-0.9595821499824524,-0.2800719439983368,-0.027596214786171913,0.5320999026298523,-1.2019938230514526,0.8397281169891357,-0.15050985529584193,-0.6954535389973211,-0.0504601519956215,-0.7008172521472256,-1.542045592527238,0.28386901957669,2.9944186624970617
2163,941454.7479465794,941454.7666906667,right,0.27255478501319885,0.2448575496673584,0.20083032548427582,-0.9644476771354675,-0.2642703652381897,-0.0013554113684222102,0.5501402020454407,-1.2002828121185303,0.8124075531959534,-0.1415172657705566,-0.7050847313232189,-0.046666640955119625,-0.6932896783009216,-1.569390867780154,0.2674472743595681,3.0059526450066083
2164,941454.7679465794,941454.7977648751,right,0.22851918637752533,0.23948508501052856,0.21062445640563965,-0.9682480096817017,-0.24879226088523865,0.024458741769194603,0.5652608871459961,-1.188292384147644,0.7983686327934265,-0.13266308962505002,-0.7143969954556729,-0.043200268816086934,-0.6856902828934639,-1.5960516957082906,0.25143308063969205,3.017162112427883
2165,941454.7879465794,941454.8314422917,right,0.17926986515522003,0.24676162004470825,0.22010761499404907,-0.9713073968887329,-0.23232169449329376,0.05087978392839432,0.5961498618125916,-1.2558172941207886,0.8703736066818237,-0.12338668530356806,-0.7237884917470613,-0.03962410668554823,-0.6777432613774677,-1.6231311922763676,0.23446398344765973,3.0283695860690956
2166,941454.8079465794,941454.8325408751,right,0.11796019226312637,0.25473448634147644,0.24744506180286407,-0.9737643003463745,-0.21332982182502747,0.07920554280281067,0.6423807740211487,-1.3820202350616455,1.012933373451233,-0.11312138165901066,-0.7337244343220529,-0.0353720884807698,-0.6690297845529666,-1.6519571081802884,0.21498196142685935,3.0396161828827712
2167,941454.8279465794,941454.8488990001,right,0.050304971635341644,0.2375868707895279,0.2524082660675049,-0.9754467010498047,-0.1903717815876007,0.11073552817106247,0.7041499614715576,-1.5911986827850342,1.2151345014572144,-0.10120000213959823,-0.7446223678121779,-0.030087382625091516,-0.6590833260892368,-1.6838351944188183,0.1915408127711447,3.0512284027389884
2168,941454.8479465795,941454.8890603334,right,0.007211329415440559,0.2177315205335617,0.2356692999601364,-0.9757639169692993,-0.16230006515979767,0.1467769742012024,0.7995866537094116,-1.8255552053451538,1.4423656463623047,-0.08718520309091446,-0.7568617694452371,-0.023424439483221177,-0.6473100606113241,-1.7200994843325244,0.16302115824580962,3.0630581762691533
2169,941454.8679465795,941454.8897572501,right,-0.003861085046082735,0.18907563388347626,0.21390143036842346,-0.973868191242218,-0.1303795874118805,0.18596257269382477,0.8590996265411377,-1.9072909355163574,1.5077331066131592,-0.07161689488855684,-0.769889466726979,-0.015857286371113097,-0.6339478322366342,-1.759477344233617,0.13075180859605595,3.0745849563693546
2170,941454.8879465795,941454.9065331251,right,-0.015429975464940071,0.16451166570186615,0.1918446272611618,-0.9695122838020325,-0.09887619316577911,0.22420822083950043,0.8198915123939514,-1.7952778339385986,1.3488584756851196,-0.05630875005254059,-0.782322602072558,-0.008684197705007956,-0.6202622125111636,-1.7980598291925858,0.09903799848612625,3.085020717608528
2171,941454.9079465795,941454.9269895834,right,-0.05127643048763275,0.14978325366973877,0.18123115599155426,-0.963349461555481,-0.07175759971141815,0.258473664522171,0.7309556007385254,-1.6140536069869995,1.0771620273590088,-0.04290341646010894,-0.7932386481115027,-0.00303946969769849,-0.6073898878397713,-1.8329296970332498,0.07181930735996407,3.094156469935468
2172,941454.9279465795,941454.9476701667,right,-0.12544706463813782,0.12719646096229553,0.1953505426645279,-0.955941379070282,-0.04914124310016632,0.2894151508808136,0.6775959730148315,-1.547959566116333,0.9035604596138,-0.03144367674560024,-0.8029360107884431,0.0011367764624697282,-0.5952341904129134,-1.8647777792141795,0.049161024025833784,3.1022768157979392
2173,941454.9479465795,941454.9907551251,right,-0.18734821677207947,0.10518456995487213,0.2112639844417572,-0.9469994306564331,-0.028283724561333656,0.31998786330223083,0.6604446768760681,-1.622225046157837,0.8799698948860168,-0.020806529679160694,-0.8123862660636046,0.0047381955421507155,-0.5827291128787917,-1.8966480934850505,0.02828748131114773,3.1096267943388383
2174,941454.9679465796,941454.9910040001,right,-0.19784671068191528,0.10278743505477905,0.18719862401485443,-0.9361790418624878,-0.0070407455787062645,0.3514530062675476,0.6580779552459717,-1.690367579460144,0.9110296368598938,-0.010151699796402444,-0.8219821612781731,0.008472941165089605,-0.5693596976066456,-1.9299282242544347,0.0070407880110623855,3.1161001096191434
2175,941454.9879465796,941455.0064695834,right,-0.23411166667938232,0.08202269673347473,0.18190842866897583,-0.923515260219574,0.015507755801081657,0.3832481801509857,0.7136226296424866,-1.7338656187057495,0.9890177845954895,0.0009462476918064992,-0.8315447361190155,0.01254609444277536,-0.5553153048294412,-1.9641565659045985,-0.015508392741272142,3.121774628816391
2176,941455.0079465796,941455.0501251251,right,-0.30913016200065613,0.03828924894332886,0.1985553652048111,-0.9086330533027649,0.04086459055542946,0.4155910909175873,0.8057765364646912,-1.8403077125549316,1.119611144065857,0.01329155929867989,-0.8411315986112039,0.017121429716266477,-0.540395952840934,-1.9997708700277614,-0.040875985656233585,3.127142738524813
2177,941455.0279465796,941455.0512886251,right,-0.3323271870613098,0.019702430814504623,0.18386003375053406,-0.8913600444793701,0.06861533224582672,0.4480727016925812,0.845235288143158,-1.8364161252975464,1.1113451719284058,0.026831508953718906,-0.850621626286982,0.021889834658704883,-0.5246367710385516,-2.036588986787205,-0.06866930323214776,3.1324847209898508
2178,941455.0479465796,941455.0748647084,right,-0.3022058606147766,0.030361050739884377,0.14404258131980896,-0.873963475227356,0.09384224563837051,0.4768451750278473,0.8035271167755127,-1.5512539148330688,0.8378188014030457,0.039514844279313247,-0.8589380378486584,0.025455733520148786,-0.5099175946023644,-2.070264508468207,-0.0939805420699793,3.138146270739391
2179,941455.0679465797,941455.0873068334,right,-0.3494054079055786,-0.002975647570565343,0.13913261890411377,-0.8588301539421082,0.11369236558675766,0.4994843602180481,0.7749127149581909,-1.290347695350647,0.6030291318893433,0.05020350718659688,-0.8654580546304929,0.02691640128346116,-0.49773226151744154,-2.0975666452897963,-0.11393874812408515,-3.1381847721253058
2180,941455.0879465797,941455.1289632918,right,-0.40966302156448364,-0.043989814817905426,0.1370139718055725,-0.8443974256515503,0.1319221407175064,0.5192202925682068,0.8164094686508179,-1.2811676263809204,0.6302968263626099,0.06034372909184449,-0.8711212976323703,0.027528253193965124,-0.48656815498759326,-2.1220999439952544,-0.13230783631654128,-3.1307357765497894
2181,941455.1079465797,941455.1296261251,right,-0.39275050163269043,-0.06915158033370972,0.08920697122812271,-0.8285279870033264,0.15212011337280273,0.5388885736465454,0.8411985039710999,-1.3257471323013306,0.7210912704467773,0.07125303787474661,-0.8767125786872937,0.02862323350965838,-0.47484603537777514,-2.1474644459858565,-0.1527130120347757,-3.1239061592383424
2182,941455.1279465797,941455.1477297917,right,-0.362901508808136,-0.09222236275672913,0.06370440870523453,-0.8122724890708923,0.17281508445739746,0.5570893883705139,0.8250482678413391,-1.2035154104232788,0.6612734794616699,0.08230096335287868,-0.8818467039364808,0.029850176877713828,-0.4633378670578342,-2.1719558206606577,-0.1736870600613509,-3.117609808018865
2183,941455.1479465797,941455.1932084584,right,-0.3581077754497528,-0.12240327149629593,0.056877847760915756,-0.797447144985199,0.19159765541553497,0.5721613168716431,0.7830256819725037,-1.029892921447754,0.539995014667511,0.09250284693263995,-0.886086230501096,0.030525733132206585,-0.45316957704940164,-2.193165065664589,-0.19278971150866317,-3.1112845133921163
2184,941455.1679465797,941455.1934070834,right,-0.32755088806152344,-0.13669827580451965,0.031176235526800156,-0.7847016453742981,0.20770655572414398,0.5840385556221008,0.7090283632278442,-0.8445941209793091,0.3905005156993866,0.10156242920782785,-0.8894349178390841,0.03040987551491102,-0.444596138540092,-2.210627161309901,-0.2092298097433101,-3.1045634882116797
2185,941455.1879465798,941455.2166283751,right,-0.28508225083351135,-0.12317916005849838,0.0070587689988315105,-0.7747603058815002,0.22034083306789398,0.5926177501678467,0.6191472411155701,-0.6309525966644287,0.2230130434036255,0.10907957571515106,-0.8918762330234434,0.029421610687800328,-0.43794134656733796,-2.223768277829019,-0.22216388645231996,-3.09743329051848
2186,941455.2079465798,941455.2376334168,right,-0.3009549081325531,-0.13112618029117584,0.0048232474364340305,-0.7670167684555054,0.23062552511692047,0.5987465381622314,0.5757421851158142,-0.5703338384628296,0.20712251961231232,0.11550610098658613,-0.8936400484384213,0.027941028472735878,-0.43276457476321467,-2.233606219709397,-0.23272049375228263,-3.0901483249154262
2187,941455.2279465798,941455.2475207917,right,-0.30475500226020813,-0.14106588065624237,0.014500566758215427,-0.7583149671554565,0.24170014262199402,0.6054252982139587,0.5848326086997986,-0.6739392280578613,0.3343011140823364,0.12201246455189119,-0.8955316433499453,0.02712361285932517,-0.42708364067831206,-2.244550057468277,-0.24411756613798113,-3.084222206149908
2188,941455.2479465798,941455.2674449168,right,-0.25769102573394775,-0.13357214629650116,0.008339685387909412,-0.747761070728302,0.25422415137290955,0.6133707761764526,0.5511665344238281,-0.7166373133659363,0.3731890916824341,0.12888649190861665,-0.897746786557763,0.027130612447070945,-0.4203605489255587,-2.257779163336376,-0.25704540833420664,-3.0798825739740154
2189,941455.2679465798,941455.2976267501,right,-0.2210388332605362,-0.1555057018995285,-0.011980511248111725,-0.7378275990486145,0.26565688848495483,0.6205137968063354,0.49365440011024475,-0.604846179485321,0.2716401517391205,0.13520420064710828,-0.899737675013488,0.026999857595885413,-0.4140810363288434,-2.27004273511609,-0.2688852258702184,-3.0757973245055528
2190,941455.2879465799,941455.31249475,right,-0.19874438643455505,-0.16768504679203033,-0.026089023798704147,-0.7299454212188721,0.27465373277664185,0.625895619392395,0.4398643374443054,-0.4688088297843933,0.17124833166599274,0.14042472375349607,-0.9012517635966968,0.02632557780060392,-0.40906382018130616,-2.279602650485816,-0.2782295780623025,-3.071404660952374
2191,941455.3079465799,941455.3275278751,right,-0.15908761322498322,-0.1586112082004547,-0.04705679789185524,-0.7242294549942017,0.2815033197402954,0.6294819712638855,0.36374545097351074,-0.32292312383651733,0.08218062669038773,0.14465012079850217,-0.9022766886381078,0.025253234998563502,-0.4053830059628057,-2.2863174496532443,-0.2853604349643937,-3.0667943276007708
2192,941455.3279465799,941455.3752137917,right,-0.12218087166547775,-0.1342533528804779,-0.04401278868317604,-0.7211326360702515,0.285687655210495,0.6311500072479248,0.24037548899650574,-0.14176785945892334,-0.03645879775285721,0.1475470690861607,-0.9027753970408111,0.023907387840789284,-0.4033049648043805,-2.2897510924046722,-0.2897239220190902,-3.0623643023288944
2193,941455.3479465799,941455.3757407084,right,-0.13317914307117462,-0.11996299773454666,-0.019848445430397987,-0.7206501364707947,0.28724977374076843,0.63099205493927,0.1552601009607315,-0.02959045208990574,-0.07808207720518112,0.1491097082870364,-0.9027709540477727,0.02237424572073441,-0.4028278698326937,-2.2899587586958177,-0.2913543569496255,-3.0582546079264197
2194,941455.3679465799,941455.3984306668,right,-0.15713053941726685,-0.11323429644107819,-0.0058539980091154575,-0.7201414704322815,0.28845348954200745,0.6310239434242249,0.11526734381914139,-0.10148432850837708,0.02989455871284008,0.15019297398701312,-0.902802177497238,0.02145150842923191,-0.40240555578610965,-2.2903337702750224,-0.2926112902961942,-3.055696421321796
2195,941455.38794658,941455.432901875,right,-0.14287254214286804,-0.10535460710525513,-0.002961365971714258,-0.7175482511520386,0.29097825288772583,0.6328157782554626,0.08445461839437485,-0.20923297107219696,0.14057809114456177,0.15146190819865063,-0.9032936709934872,0.02164235759367436,-0.4008133403713639,-2.2935286601225777,-0.29524918039013837,-3.0554460402295454
2196,941455.40794658,941455.4335592084,right,-0.11230561137199402,-0.10075032711029053,-0.007837791927158833,-0.7137890458106995,0.2938770651817322,0.6357215642929077,0.0363304503262043,-0.22058643400669098,0.1446027308702469,0.15264392119097517,-0.9040785243443555,0.0224226092445619,-0.39854638319227415,-2.298410068994396,-0.2982805127371796,-3.0566148418194254
2197,941455.42794658,941455.4486513333,right,-0.09470966458320618,-0.10441218316555023,-0.01033855602145195,-0.7108007073402405,0.2954951524734497,0.6383139491081238,-0.02162436954677105,-0.1374112367630005,0.06577114760875702,0.15317626765353953,-0.9047785060060717,0.023082214865192255,-0.39671148449339305,-2.3025168757439864,-0.2999737705986023,-3.0580018745510897
2198,941455.44794658,941455.4875425834,right,-0.07495111227035522,-0.10110440850257874,-0.02173357456922531,-0.7095943689346313,0.29529526829719543,0.6397472023963928,-0.0644582211971283,-0.0317157581448555,-0.008353304117918015,0.1529027517418785,-0.9051675485149162,0.023351156606280263,-0.39591307436013656,-2.304476671847497,-0.2997645602770509,-3.0590219027413217
2199,941455.46794658,941455.4887450418,right,-0.057631876319646835,-0.08510109782218933,-0.030769217759370804,-0.7099569439888,0.29387375712394714,0.6399993896484375,-0.09055689722299576,0.05050906166434288,-0.034667279571294785,0.1520715875272493,-0.9052354001673313,0.02342062347647297,-0.39607390547697346,-2.3044186055181184,-0.29827704221531104,-3.0598347104899215
2200,941455.48794658,941455.5306392084,right,-0.050531428307294846,-0.07161438465118408,-0.02812666818499565,-0.7110611796379089,0.292271226644516,0.6395073533058167,-0.09813641756772995,0.0853261947631836,0.0009887092746794224,0.15107152491722373,-0.905092330479675,0.02369639836129012,-0.39676664820664015,-2.3032633946414136,-0.2966009175297904,-3.0610050158932487
2201,941455.5079465801,941455.5310052917,right,-0.04440334066748619,-0.06331757456064224,-0.026578813791275024,-0.7120070457458496,0.2913087010383606,0.6388935446739197,-0.11269915103912354,0.08123916387557983,0.062313951551914215,0.15019418187833247,-0.9049010294138589,0.024512807343369917,-0.39748570422276763,-2.302125138163576,-0.29559460764928996,-3.0630732751886023
2202,941455.5279465801,941455.5524849584,right,-0.03615972399711609,-0.05085859075188637,-0.022932332009077072,-0.7125637531280518,0.2908141016960144,0.6384983062744141,-0.1302156001329422,0.07000544667243958,0.10250809043645859,0.14934636170137355,-0.9047549216572389,0.025838735341385158,-0.39805344048814684,-2.3014290553583185,-0.2950776098961271,-3.0661220303040384
2203,941455.5479465801,941455.5938220834,right,-0.03555893898010254,-0.046282730996608734,-0.02309502847492695,-0.7126255631446838,0.29068708419799805,0.6384873390197754,-0.13977763056755066,0.036753613501787186,0.14213067293167114,0.1485220697866355,-0.9047013750798752,0.027550937151662614,-0.39836872709588683,-2.3013773928291337,-0.29494487405346803,-3.0699584088708
2204,941455.5679465801,941455.5946717084,right,-0.05120660364627838,-0.04995327070355415,-0.02045268937945366,-0.7117090821266174,0.2911107838153839,0.6393160223960876,-0.13711565732955933,-0.043235838413238525,0.19193604588508606,0.14783822094508156,-0.904865816423237,0.029594443911971025,-0.39810295358078546,-2.3026617994550125,-0.29538769539635984,-3.0744864121906286
2205,941455.5879465801,941455.6087624168,right,-0.08435507863759995,-0.06699581444263458,-0.01987343654036522,-0.7091542482376099,0.29251858592033386,0.6415084004402161,-0.1171935424208641,-0.1579107642173767,0.2622086703777313,0.14751902296179967,-0.9053896733269649,0.03199531431716953,-0.39684246795660794,-2.3061527465250986,-0.2968595825931019,-3.0797005268273985
2206,941455.6079465802,941455.6291089167,right,-0.1031680703163147,-0.09264481067657471,-0.02433899976313114,-0.704586386680603,0.29514196515083313,0.64532870054245,-0.11910497397184372,-0.2635279893875122,0.33494025468826294,0.14764317641662125,-0.906337474156212,0.0348810048617363,-0.39438198420518616,-2.3123251849310806,-0.29960410125682496,-3.0858544364877774
2207,941455.6279465802,941455.6701731667,right,-0.09439777582883835,-0.11014372110366821,-0.04086533933877945,-0.6990474462509155,0.29825788736343384,0.6499033570289612,-0.147189199924469,-0.2715884745121002,0.3370212912559509,0.14790979954798386,-0.9074696583826963,0.0380848822269456,-0.3913705068673339,-2.3197791779186416,-0.3028669704286993,-3.092695169661385
2208,941455.6479465802,941455.6751939583,right,-0.07331914454698563,-0.11650355160236359,-0.050914548337459564,-0.6941644549369812,0.30035969614982605,0.6541555523872375,-0.19913053512573242,-0.19749458134174347,0.27441829442977905,0.14768482019107676,-0.9085054020070775,0.041178660327677065,-0.3887304548268452,-2.3265299606450105,-0.30506975764193234,-3.099647013792032
2209,941455.6679465802,941455.703696375,right,-0.05468188226222992,-0.1096024215221405,-0.03803366422653198,-0.6910595893859863,0.30042722821235657,0.6574040055274963,-0.25790897011756897,-0.08301744610071182,0.16548430919647217,0.14652381372096726,-0.9092726984561608,0.043876291312117344,-0.3870772171384828,-2.331241110081196,-0.3051405468832663,-3.1063149785901003
2210,941455.6879465802,941455.7085852084,right,-0.03805156424641609,-0.0867476537823677,-0.013258066028356552,-0.6901487708091736,0.29803404211997986,0.6594470143318176,-0.3027592599391937,0.016431020572781563,0.05472707003355026,0.14430201070435417,-0.9097349319961526,0.04588932622357301,-0.38659210371015884,-2.3334494650778326,-0.3026324570861139,-3.1121738845708444
2211,941455.7079465803,941455.7440080834,right,-0.026869427412748337,-0.061503130942583084,0.0007959734066389501,-0.6905120015144348,0.2941490709781647,0.6608096361160278,-0.3098715543746948,0.030044851824641228,0.008687007240951061,0.14149419884835301,-0.9100348383999072,0.04734310473112195,-0.3867487244159897,-2.3342176784207807,-0.29856508003851845,-3.1172351085651715
2212,941455.7279465803,941455.7486063334,right,-0.017183003947138786,-0.04119645431637764,0.006302881985902786,-0.6906483769416809,0.2901281714439392,0.6624428629875183,-0.29624029994010925,-0.020242366939783096,0.009746545925736427,0.13870467744720963,-0.9104184204199235,0.048576746540141484,-0.3867035424839291,-2.3353521943899556,-0.2943607830618069,-3.1219204443748514
2213,941455.7479465803,941455.790617875,right,-0.0014812825247645378,-0.023724369704723358,0.014338687993586063,-0.6902510523796082,0.2861190140247345,0.6645970940589905,-0.3036331236362457,-0.043757468461990356,-0.018556606024503708,0.13599119179204594,-0.9109519755455145,0.04964884016904342,-0.38627432193240324,-2.337261726019471,-0.2901740820000596,-3.1263504812622758
2214,941455.7679465803,941455.7909326667,right,0.02322266809642315,-0.004556260071694851,0.014644654467701912,-0.6904457211494446,0.2808772325515747,0.6666280627250671,-0.34181076288223267,0.01731225475668907,-0.11587491631507874,0.13279732516446122,-0.9114766899314776,0.05024193211304879,-0.38607116488763427,-2.3386454917331276,-0.284708038707312,-3.130183386981951
2215,941455.7879465803,941455.80881425,right,0.03635476529598236,0.012091530486941338,0.014542137272655964,-0.6922960877418518,0.2735358774662018,0.6677607893943787,-0.3819648325443268,0.10898080468177795,-0.21545134484767914,0.12872672716719533,-0.9117920805244607,0.05015551781939282,-0.38671581184526144,-2.3381564879775603,-0.2770672037894116,-3.1331729322457407
2216,941455.8079465803,941455.8644063334,right,0.025347663089632988,0.021552810445427895,0.020917491987347603,-0.6949825286865234,0.2655375301837921,0.6681987643241882,-0.367166131734848,0.08071476966142654,-0.16088780760765076,0.12435841143484683,-0.9119248954589999,0.04992319357271519,-0.38786050610201467,-2.3365489450987273,-0.2687614281957402,-3.13597596370666
2217,941455.8279465804,941455.8644689583,right,0.014308597892522812,0.031028229743242264,0.027360906824469566,-0.6976369023323059,0.2575250566005707,0.6685682535171509,-0.35236743092536926,0.05244874209165573,-0.10632428526878357,0.11998756738774895,-0.9120389326699649,0.04968983290412145,-0.3889972427570535,-2.3349206993531935,-0.26046001832424964,-3.138786460029103
2218,941455.8479465804,941455.8938938334,right,0.008254572749137878,0.034394271671772,0.02965000458061695,-0.6982496976852417,0.252082884311676,0.6700011491775513,-0.31529882550239563,-0.03761673346161842,0.02747623436152935,0.11662205959977245,-0.9123889560345568,0.050467163985847545,-0.3890999177580993,-2.3355515867437195,-0.254832061473908,3.1402119662060293
2219,941455.8679465804,941455.8950568334,right,0.013796595856547356,0.0355544239282608,0.026709837839007378,-0.6969285011291504,0.24922730028629303,0.6724405884742737,-0.2861608862876892,-0.09726622700691223,0.1393708437681198,0.11424663949746622,-0.9129529253880104,0.05231827968670088,-0.38823630247467494,-2.3383136579667756,-0.25188231513596687,3.134551547569754
2220,941455.8879465804,941455.9138647917,right,0.023134443908929825,0.03480035066604614,0.020207975059747696,-0.6948026418685913,0.24782755970954895,0.6751523017883301,-0.27299246191978455,-0.0846940204501152,0.17948898673057556,0.11242075727468502,-0.913549224714626,0.054808088000172776,-0.387021189588386,-2.341851602481189,-0.2504372309939773,3.1280483836626556
2221,941455.9079465804,941455.961638625,right,0.022588789463043213,0.03260628506541252,0.012791154906153679,-0.6938029527664185,0.24633875489234924,0.6767234206199646,-0.27824774384498596,-0.018875328823924065,0.1602741777896881,0.11051625499272491,-0.9138217518745271,0.05737152085336667,-0.3865545667151317,-2.343733061604195,-0.24890078018265152,3.121560476462483
2222,941455.9279465805,941455.961709,right,0.022047538310289383,0.030424220487475395,0.005382992327213287,-0.6928077340126038,0.2448378950357437,0.6782859563827515,-0.2835030257701874,0.046943385154008865,0.14105936884880066,0.10861057244144587,-0.9140846921838783,0.05993436809206622,-0.38608391958089666,-2.3456034265322794,-0.24735251578124237,3.115078058259388
2223,941455.9479465805,941455.9752234584,right,0.012018575333058834,0.0281148049980402,0.0024155506398528814,-0.6928982138633728,0.24305425584316254,0.6788349151611328,-0.28171396255493164,0.08674346655607224,0.14708921313285828,0.10656350431414915,-0.9140670215551199,0.06244116066095427,-0.3862989068081137,-2.3459425288150877,-0.2455133102003954,3.1087829923940187
2224,941455.9679465805,941456.0042161667,right,-0.0010099202627316117,0.023718079552054405,0.0007157568470574915,-0.6932229995727539,0.24171344935894012,0.6789822578430176,-0.26074743270874023,0.08089612424373627,0.18952588737010956,0.10468787127000913,-0.9139208854153533,0.06511311354327753,-0.38671627290541594,-2.345816790075792,-0.24413128979856544,3.1023724762121323
2225,941455.9879465805,941456.0376154584,right,-0.012715892866253853,0.014874519780278206,-0.0006950477254576981,-0.6928849816322327,0.24160140752792358,0.6793671250343323,-0.22944462299346924,0.031783293932676315,0.2655846178531647,0.1033135038564211,-0.9137989501188893,0.06822752813597927,-0.38683710453984976,-2.346343851628281,-0.24401582398125954,3.0954482835570425
2226,941456.0079465805,941456.038742,right,-0.017469093203544617,0.004695231560617685,-0.004718728829175234,-0.6914013028144836,0.24292705953121185,0.6804047226905823,-0.19868230819702148,-0.0273355171084404,0.3334420919418335,0.10254198896377215,-0.913805317165585,0.07184830856554682,-0.3863712857331468,-2.3481784705583366,-0.2453821821275064,3.087886649413463
2227,941456.0279465806,941456.0562280834,right,-0.014972728677093983,-0.007578635588288307,-0.015934089198708534,-0.6889990568161011,0.24522016942501068,0.6820167303085327,-0.18133212625980377,-0.060808904469013214,0.3559207022190094,0.10221436729008662,-0.9139316315830188,0.07574496818292893,-0.3854137174006602,-2.3511016152181528,-0.247746807067017,3.080012914676839
2228,941456.0479465806,941456.0889996667,right,-0.010683096013963223,-0.016554072499275208,-0.02399579994380474,-0.6864668726921082,0.24744734168052673,0.6837636232376099,-0.1872575432062149,-0.05305219441652298,0.31601056456565857,0.10190779374043814,-0.9140872838149473,0.07953749165325069,-0.3843603855980864,-2.3542215756102944,-0.2500447921555602,3.0723147246681335
2229,941456.0679465806,941456.0897732084,right,-0.008754370734095573,-0.023060983046889305,-0.024037769064307213,-0.6845651865005493,0.24863432347774506,0.685238242149353,-0.20363345742225647,-0.016515623778104782,0.23877458274364471,0.10124079316686553,-0.9142002474886896,0.08280689942312588,-0.38357686374203076,-2.356685724898663,-0.25127006164752347,3.0653914024119424
2230,941456.0879465806,941456.133725875,right,-0.011846743524074554,-0.022019602358341217,-0.017265910282731056,-0.6835647821426392,0.24856576323509216,0.6862611770629883,-0.21403071284294128,0.013272258453071117,0.16341860592365265,0.1001276437111985,-0.9142372807168556,0.08544434437443725,-0.3832022318671527,-2.3581627901164794,-0.2511992779390095,3.0594299361141455
2231,941456.1079465806,941456.1349722501,right,-0.012630089186131954,-0.020150313153862953,-0.009239700622856617,-0.6832734942436218,0.24750030040740967,0.6869363188743591,-0.20905423164367676,0.03151961788535118,0.1033582016825676,0.09869508183276124,-0.9142284446165203,0.08748988349885382,-0.38313355068312294,-2.3588675923627136,-0.2500994555391501,3.054429257256945
2232,941456.1279465806,941456.1534899167,right,-0.00782634038478136,-0.014189368113875389,-0.0029011068399995565,-0.6834321022033691,0.24571754038333893,0.6874175667762756,-0.20178714394569397,0.04490269348025322,0.049013812094926834,0.09706704873450878,-0.9142114783524901,0.08902883615260236,-0.3832349990226076,-2.359101718648576,-0.24825987016566153,3.050287015464875
2233,941456.1479465807,941456.1907276667,right,-0.003043188014999032,-0.007363610435277224,0.003152577904984355,-0.6840508580207825,0.2433129996061325,0.687657356262207,-0.19442598521709442,0.05962829291820526,-0.0014399265637621284,0.0952942682502023,-0.9141758659446777,0.09006174489908174,-0.38352339564623966,-2.3588235673947135,-0.24578005649555232,3.04704531329728
2234,941456.1679465807,941456.1910940834,right,0.0012607959797605872,-0.0016694017685949802,0.007131889462471008,-0.6850835680961609,0.24045175313949585,0.6876364350318909,-0.1809694617986679,0.0716175064444542,-0.03595160320401192,0.09343439057834269,-0.9141100809006633,0.09066940383128759,-0.38399470674754593,-2.358054137338571,-0.24283125849491022,3.0445921938173353
2235,941456.1879465807,941456.2112392917,right,0.008975114673376083,0.004782349336892366,0.007997764274477959,-0.6863351464271545,0.23738716542720795,0.6874530911445618,-0.16122104227542877,0.0750546008348465,-0.05598421022295952,0.09158083552477787,-0.9140294043763671,0.09097669289747458,-0.38456020183045586,-2.357008152585598,-0.2396752623202365,3.0427364940234436
2236,941456.2079465807,941456.2538955834,right,0.011940281838178635,0.010365557856857777,0.013667276129126549,-0.6875892877578735,0.23447276651859283,0.6871998310089111,-0.13670845329761505,0.06274175643920898,-0.05910341069102287,0.08989515273745562,-0.91394989877395,0.09107951375069627,-0.38512206219759,-2.3559111483187407,-0.2366762057849914,3.041393455808974
2237,941456.2279465807,941456.2549651667,right,0.00916323158890009,0.01475676242262125,0.01894393004477024,-0.6884793043136597,0.2320483922958374,0.6871312856674194,-0.10579781979322433,0.03170357644557953,-0.038816723972558975,0.08850895875915953,-0.9139250238651188,0.09114089244876689,-0.3854872790044125,-2.3552144549454517,-0.23418305149645793,3.0403058303211483
2238,941456.2479465808,941456.2843377084,right,0.011115580797195435,0.016230378299951553,0.020181085914373398,-0.688751757144928,0.2304043173789978,0.6874116063117981,-0.07766996324062347,-0.005072610918432474,-0.015176203101873398,0.08754327124415145,-0.9139883873428184,0.0912743270221676,-0.38552607544843265,-2.3552205830989243,-0.23249317458542615,3.039320693846226
2239,941456.2679465808,941456.3140301667,right,0.01742401160299778,0.018232347443699837,0.019341878592967987,-0.688656210899353,0.22929280996322632,0.6878785490989685,-0.05371752381324768,-0.013851099647581577,-0.014614014886319637,0.08690218962622147,-0.914107214101396,0.0913632742714559,-0.38536815600243196,-2.355629453830309,-0.2313510941066624,3.038619128020983
2240,941456.2879465808,941456.3150075,right,0.02123352698981762,0.018600651994347572,0.014665110036730766,-0.688617467880249,0.2283450812101364,0.6882327795028687,-0.040163666009902954,-0.003916813060641289,-0.030658241361379623,0.08640294303771034,-0.9142080949967012,0.0913230788557321,-0.3852507331001037,-2.3559149967101174,-0.23037754080097503,3.0382813549913585
2241,941456.3079465808,941456.3349505417,right,0.019352788105607033,0.018908949568867683,0.01121575478464365,-0.6888361573219299,0.22732751071453094,0.6883506178855896,-0.030541693791747093,0.00927706528455019,-0.04571292921900749,0.08592884760447198,-0.91426173117719,0.09110850625261367,-0.3852802132061322,-2.355841839766668,-0.22933247216038063,3.0383297456938654
2242,941456.3279465808,941456.3577238334,right,0.01648925244808197,0.017900660634040833,0.009783908724784851,-0.6891107559204102,0.22634351253509521,0.6884002089500427,-0.018298517912626266,0.00012347529991529882,-0.04572717472910881,0.08551533928554125,-0.9143071113452187,0.09078858187857408,-0.38534012158303743,-2.355678579100774,-0.2283221446539162,3.038631124867566
2243,941456.3479465808,941456.3913959584,right,0.013263455592095852,0.017236370593309402,0.007461949251592159,-0.6890711784362793,0.2256193906068802,0.6886777281761169,-0.003630872815847397,-0.02967764623463154,-0.032669976353645325,0.08526214332841668,-0.9144160887300394,0.09045471216515738,-0.3852162879259855,-2.355908849751888,-0.22757879136981352,3.039035472417451
2244,941456.3679465809,941456.3920070417,right,0.009676010347902775,0.015349894762039185,0.00446653738617897,-0.6885077953338623,0.2253483086824417,0.6893292665481567,0.010743689723312855,-0.06052077189087868,-0.021923737600445747,0.08525345633522019,-0.914621660712603,0.09017662826899435,-0.38479493213789256,-2.356790635957918,-0.22730055246511294,3.0394475178477025
2245,941456.3879465809,941456.4166483334,right,0.008209099993109703,0.011149443686008453,0.0001151349933934398,-0.6875337958335876,0.2253383845090866,0.690304160118103,0.022378474473953247,-0.08321069926023483,-0.017916364595294,0.0854109234550155,-0.9149172745952037,0.0898800407012151,-0.38412614686764185,-2.3582050737071536,-0.22729036165748429,3.0399598648313337
2246,941456.4079465809,941456.4362930834,right,0.007999556139111519,0.007847408764064312,-0.002471524989232421,-0.6864118576049805,0.2254081815481186,0.6913968324661255,0.023431122303009033,-0.08515680581331253,-0.03088844195008278,0.08563890274509091,-0.9152499615917463,0.08953149382893526,-0.38336339278952986,-2.3598124353202947,-0.22736199800470605,3.040600617642665
2247,941456.4279465809,941456.4838902501,right,0.0048479922115802765,0.005152780096977949,-0.0023137584794312716,-0.6859995126724243,0.22488118708133698,0.6919779181480408,0.024565506726503372,-0.04982823133468628,-0.06304217875003815,0.08567292576728784,-0.9154798078304037,0.08880110033025435,-0.38297692016762885,-2.3605328893628794,-0.226821122902518,3.0419088853474605
2248,941456.4479465809,941456.4839343334,right,0.0016951413126662374,0.002457305556163192,-0.002155864145606756,-0.6855856776237488,0.22435498237609863,0.6925582885742188,0.02569989487528801,-0.014499662443995476,-0.09519591927528381,0.08570687249818859,-0.9157088358948396,0.08807065259156034,-0.3825900918516948,-2.361253779933896,-0.2262811118810308,3.0432173061859085
2249,941456.467946581,941456.4939676668,right,-0.004732412751764059,5.9732650697696954E-05,-0.0024667794350534678,-0.6858345866203308,0.22342541813850403,0.6926120519638062,0.029553914442658424,-0.000484788091853261,-0.10406016558408737,0.08559922916869171,-0.9158171309609378,0.08709178169732429,-0.38257890933174793,-2.3611110950724696,-0.22532733935422863,3.0449805702306105
2250,941456.487946581,941456.5165270417,right,-0.005894714500755072,-0.002127193845808506,-0.006849587429314852,-0.6861868500709534,0.22265119850635529,0.6925125122070312,0.04212314635515213,-0.006342293694615364,-0.08760260045528412,0.08558617120418169,-0.9158855651333166,0.08608058901339041,-0.38264689378665817,-2.3607825178982917,-0.22453311138876822,3.0468962889471936
