index,source_timestamp,receipt_uptime,sensor_location,user_acceleration_x,user_acceleration_y,user_acceleration_z,gravity_x,gravity_y,gravity_z,rotation_rate_x,rotation_rate_y,rotation_rate_z,quaternion_w,quaternion_x,quaternion_y,quaternion_z,roll,pitch,yaw
9551,945710.5667921364,945710.6007326251,right,0.1100073903799057,-0.06747052818536758,0.05248824134469032,-0.26434561610221863,0.4200035631656647,0.8681696057319641,0.08206471055746078,0.17604875564575195,-0.1689954698085785,-0.09352181240316748,0.7773967761947354,-0.5742290070892379,0.2391000954895102,-2.8460253781564058,-0.4334492117474213,1.9347228201267117
9552,945710.5867921364,945710.6060862917,right,0.11351430416107178,-0.07502919435501099,0.06396108865737915,-0.26801612973213196,0.42178305983543396,0.8661791682243347,0.17397980391979218,0.1881875842809677,-0.08568229526281357,-0.09338345471056765,0.7774573327115363,-0.5732796618560198,0.2412258390681491,-2.841513233647516,-0.4354109435204482,1.9377037307125176
9553,945710.6067921364,945710.6388178334,right,0.12000644207000732,-0.08309128880500793,0.05353338271379471,-0.2707701027393341,0.4236674904823303,0.8644012212753296,0.1587689220905304,0.15919281542301178,-0.02937912940979004,-0.093438465715073,0.7772553481927186,-0.5727779998965592,0.24304038845077625,-2.838028590071108,-0.4374902986735574,1.93941292512044
9554,945710.6267921365,945710.6627331667,right,0.10729171335697174,-0.08575218915939331,0.032600414007902145,-0.2725592851638794,0.42545780539512634,0.8629583120346069,0.09715639054775238,0.10696931183338165,0.04730042442679405,-0.09360821193953872,0.7768064466275448,-0.5727571870179805,0.2444551236692152,-2.8356653169497554,-0.4394676751582759,1.939752482837797
9555,945710.6467921365,945710.6648904583,right,0.0854293704032898,-0.08186277747154236,0.01079648733139038,-0.27339932322502136,0.42678624391555786,0.8620360493659973,0.11081171035766602,0.10096438974142075,0.14011378586292267,-0.09373941300398694,0.776175750694259,-0.5732095133263064,0.2453463399950435,-2.834472440930326,-0.4409361159821043,1.9387328656279135
9556,945710.6667921365,945710.6840184584,right,0.07534798234701157,-0.08894434571266174,-0.02407282218337059,-0.27361682057380676,0.42819923162460327,0.8612662553787231,-0.01445228885859251,0.04484787955880165,0.15636903047561646,-0.09394909680972821,0.7752414665095314,-0.5741373536297611,0.24604978000625957,-2.8339854887460723,-0.4424991141553502,1.9364007599608306
9557,945710.6867921365,945710.7060637918,right,0.07683895528316498,-0.09364087879657745,-0.021524963900446892,-0.27290430665016174,0.43068841099739075,0.8602504134178162,-0.07829836010932922,0.004962756298482418,0.21900413930416107,-0.0946659408885035,0.7737116507157082,-0.5757563786889337,0.24680586056121145,-2.8343971235638765,-0.4452553853645715,1.9321676805960855
9558,945710.7067921365,945710.7234165,right,0.048926934599876404,-0.09547335654497147,0.011798243969678879,-0.270371675491333,0.4330349564552307,0.8598722219467163,0.003472294192761183,-0.023094743490219116,0.3583109974861145,-0.09567465118833379,0.7718532721962583,-0.5780817778647241,0.24680015779056053,-2.8369484383373913,-0.4478570604496076,1.9258266028525648
9559,945710.7267921366,945710.7447041668,right,0.0004463285149540752,-0.0967717319726944,0.027643820270895958,-0.26549670100212097,0.43577978014945984,0.8600044846534729,0.10713627189397812,-0.06907503306865692,0.5097787380218506,-0.09731290633561002,0.769492859596127,-0.5812769526584567,0.24602436690799234,-2.8421594753588773,-0.45090444580142647,1.916858466841062
9560,945710.7467921366,945710.7646634583,right,-0.04761948063969612,-0.0971851795911789,0.027924558147788048,-0.2582342028617859,0.4406004846096039,0.8597595691680908,0.21053114533424377,-0.0603724904358387,0.632060170173645,-0.10019692707116921,0.7661379056009681,-0.5855872379779639,0.24511389398492908,-2.849809167589518,-0.456267452881354,1.9045687939906495
9561,945710.7667921366,945710.7835202084,right,-0.10031387954950333,-0.09334082156419754,-0.009309238754212856,-0.24962298572063446,0.4447260797023773,0.8601784706115723,0.10821966826915741,-0.12958449125289917,0.6871531009674072,-0.10311589699696574,0.7626447461366118,-0.5903068199010303,0.2434703789242576,-2.859151793232157,-0.46086836980989193,1.8908703722354483
9562,945710.7867921366,945710.8249072917,right,-0.1291327178478241,-0.08626914769411087,-0.049050722271203995,-0.24123747646808624,0.4489842653274536,0.8603590726852417,0.003481561318039894,-0.09323722124099731,0.7086923122406006,-0.10589284802195004,0.7586969449690919,-0.5954480482467573,0.24208918595883966,-2.868220993160572,-0.46562821735103016,1.8759519449212292
9563,945710.8067921366,945710.8259480834,right,-0.11017140001058578,-0.0707303136587143,-0.07308810949325562,-0.23475080728530884,0.45227307081222534,0.8604307770729065,-0.09979297965765,0.014541042037308216,0.6407495737075806,-0.10766061737929407,0.7546207399520644,-0.6006353628913043,0.24123386030984428,-2.875245727545944,-0.4693122967877991,1.8610977356971814
9564,945710.8267921366,945710.8448027917,right,-0.0577133372426033,-0.056823622435331345,-0.07909353822469711,-0.23049888014793396,0.4537562429904938,0.8607993721961975,-0.1687057614326477,0.10685164481401443,0.6116589307785034,-0.10802387480190379,0.7506791237146032,-0.605706575265688,0.2406888726359527,-2.879957775342728,-0.4709759558591559,1.8468669837834246
9565,945710.8467921367,945710.8647177084,right,-0.024376939982175827,-0.02993852086365223,-0.055051080882549286,-0.22892150282859802,0.4533328413963318,0.8614429235458374,-0.1825612336397171,0.2818167805671692,0.557700514793396,-0.10684049212128392,0.7469927756283502,-0.6105105689004606,0.24054837447059274,-2.8818539721342145,-0.4705008846404687,1.8337892389739368
9566,945710.8667921367,945710.8845084168,right,0.014896679669618607,-0.009393708780407906,-0.026246260851621628,-0.23146960139274597,0.4513736069202423,0.8617908358573914,-0.21739985048770905,0.4551679193973541,0.40110915899276733,-0.10383110674103292,0.7435632715044608,-0.6148243450141285,0.24150277165207915,-2.87919434058852,-0.46830402990141734,1.8227083139630318
9567,945710.8867921367,945710.9303145417,right,0.04252731427550316,0.009097132831811905,0.003756467252969742,-0.23665553331375122,0.4486876130104065,0.8617850542068481,-0.2332574874162674,0.5035965442657471,0.3686683773994446,-0.09977075859964217,0.7403247996864769,-0.6187177254710159,0.24321433265779333,-2.873588423626564,-0.4652962441308295,1.8131423598705576
9568,945710.9067921367,945710.9308218751,right,0.037092141807079315,0.020111173391342163,0.02285648137331009,-0.24110914766788483,0.44698193669319153,0.861436665058136,-0.18070478737354279,0.39380404353141785,0.46780070662498474,-0.09628379662581582,0.7368622947285337,-0.6226975094614986,0.24497134995324762,-2.8686843515029286,-0.4633885797166394,1.8031143108381478
9569,945710.9267921367,945710.9534881667,right,0.0322565920650959,0.018657734617590904,0.025920547544956207,-0.24164557456970215,0.44769489765167236,0.860916256904602,-0.06606139242649078,0.1978083848953247,0.6176556944847107,-0.09485690375057644,0.7328353072528317,-0.6272243890486517,0.24605698234043064,-2.8679497872663346,-0.46418574841873156,1.7908482651647657
9570,945710.9467921368,945710.9647633334,right,0.0473998598754406,0.008505948819220066,0.01490127295255661,-0.23732319474220276,0.45126503705978394,0.8602542281150818,0.07325927168130875,0.01921772211790085,0.7429190874099731,-0.09598536764575397,0.7282199255393733,-0.6323153936175568,0.2462916991559449,-2.8724126981490095,-0.4681823510250172,1.7761013311959113
9571,945710.9667921368,945710.9848100834,right,0.07223507761955261,-0.005801530554890633,-0.0006141288904473186,-0.22957372665405273,0.45733726024627686,0.8591501116752625,0.20153774321079254,-0.07951752841472626,0.7953391671180725,-0.09917820807316764,0.7232294046890348,-0.6375846582590762,0.24614771939284208,-2.8804829878358325,-0.4749986109049953,1.7600497624001576
9572,945710.9867921368,945711.0059265834,right,0.09640026837587357,-0.02026337757706642,-0.012821136973798275,-0.22073045372962952,0.465094655752182,0.8573011755943298,0.3014267683029175,-0.08623035997152328,0.7588681578636169,-0.10348073533814486,0.7181842536753076,-0.6425432887945922,0.24625432618219478,-2.8895947959638524,-0.4837414677876073,1.7443379360726472
9573,945711.0067921368,945711.0271447084,right,0.11492202430963516,-0.03365156054496765,-0.01660032756626606,-0.2129075676202774,0.47390568256378174,0.854449450969696,0.3855210542678833,-0.031053630635142326,0.66011643409729,-0.10805202784037295,0.7133865760650893,-0.6467644324355777,0.24718420193530635,-2.8973906472448574,-0.49372082902033254,1.7305077898930517
9574,945711.0267921368,945711.0526159167,right,0.12117698788642883,-0.05064955726265907,-0.020990531891584396,-0.20703057944774628,0.4837570786476135,0.8503633141517639,0.47164276242256165,0.020313000306487083,0.5608579516410828,-0.11262206890754267,0.7089687523202124,-0.6500345160887037,0.24926827446919095,-2.902777622929949,-0.5049423888302559,1.7193567957643212
9575,945711.0467921369,945711.0648084584,right,0.11948713660240173,-0.06577759236097336,-0.018120156601071358,-0.2021608203649521,0.4948931038379669,0.8451105952262878,0.5893598198890686,0.010612057521939278,0.5176447629928589,-0.11755304791604765,0.7048227250792573,-0.652518297943085,0.2522418995959612,-2.906792815098337,-0.5177117242798898,1.7102682324659004
9576,945711.0667921369,945711.0858740418,right,0.11048874258995056,-0.08234439790248871,-0.019977688789367676,-0.1962938755750656,0.507978618144989,0.8387050628662109,0.7094522714614868,-0.08306650072336197,0.5411216020584106,-0.12369445270449274,0.7006602687005088,-0.6545438262586348,0.2556307045519793,-2.9116870413461364,-0.5328364064091591,1.7018277120069294
9577,945711.0867921369,945711.1250047084,right,0.11217834800481796,-0.08486156910657883,-0.01170584000647068,-0.18824559450149536,0.5226973295211792,0.8314750790596008,0.7947048544883728,-0.18918199837207794,0.554082453250885,-0.13130588752085476,0.6964380968532249,-0.656286088971648,0.258884355454794,-2.9189466638823625,-0.5500117512179553,1.6932038963524365
9578,945711.1067921369,945711.1256470834,right,0.12574662268161774,-0.07125470042228699,0.018515553325414658,-0.17890475690364838,0.5379529595375061,0.8237713575363159,0.8154751062393188,-0.2348148673772812,0.49321645498275757,-0.13973028379725225,0.6924126724235309,-0.6576095295570078,0.26189619631743866,-2.927736150050438,-0.56800680767175,1.6849858979012333
9579,945711.1267921369,945711.1553979584,right,0.13480816781520844,-0.05315743386745453,0.05740533769130707,-0.17045660316944122,0.552410364151001,0.8159579038619995,0.7612841129302979,-0.21343883872032166,0.34782618284225464,-0.14783859017929618,0.6890770831115818,-0.6581425740603806,0.26488629077040377,-2.9356509066338234,-0.5852529587956518,1.6789568862128177
9580,945711.146792137,945711.1648849584,right,0.13137097656726837,-0.029036246240139008,0.10020661354064941,-0.164375901222229,0.5649085640907288,0.8086154460906982,0.6693723797798157,-0.173863485455513,0.17261330783367157,-0.15473093749686243,0.6867796588585089,-0.6577547680494658,0.2678630094673597,-2.9410447749354214,-0.6003223176064486,1.6762250281695426
9581,945711.166792137,945711.1859698334,right,0.10653676837682724,-0.007649775594472885,0.1268950253725052,-0.1600703001022339,0.5754467844963074,0.8020216822624207,0.5954895615577698,-0.2159983366727829,0.0682595893740654,-0.16059779337990046,0.6855419956943041,-0.6565385900774583,0.2705504568238653,-2.9445977921277833,-0.613150231758063,1.6765529232537322
9582,945711.186792137,945711.2236264168,right,0.07442542910575867,-0.005388017278164625,0.12419179081916809,-0.15483689308166504,0.584700882434845,0.7963356971740723,0.5493836998939514,-0.3609754741191864,0.05638075992465019,-0.16651855191941867,0.6850153533722325,-0.6549211536377357,0.27221999018034554,-2.9495522754964894,-0.6245111816461207,1.6778724775171312
9583,945711.206792137,945711.22702075,right,0.04835503175854683,0.0018323673866689205,0.1114782765507698,-0.1466757208108902,0.5932950973510742,0.7915093898773193,0.5220709443092346,-0.5434191823005676,0.08555634319782257,-0.17333626954002643,0.6848917289448275,-0.6532058730801675,0.2723963851540699,-2.958359994238943,-0.6351459296187323,1.6785257811741392
9584,945711.226792137,945711.2512924584,right,0.010486719198524952,0.015636291354894638,0.11190394312143326,-0.13545213639736176,0.6013162136077881,0.7874460816383362,0.4612542688846588,-0.7184812426567078,0.0943978875875473,-0.18113012958669916,0.685148486931524,-0.6513789300013172,0.27105119935037403,-2.971245453537412,-0.6451473118619346,1.6783794886793213
9585,945711.246792137,945711.2675375,right,-0.023835593834519386,0.05174718797206879,0.18464982509613037,-0.12267158180475235,0.6081332564353943,0.7842996716499329,0.3891359567642212,-0.7832611203193665,0.003977624699473381,-0.18918526618450562,0.6860418647233121,-0.6492274598909329,0.26843837829614,-2.9864408343871376,-0.6537067922825713,1.6786158924838297
9586,945711.2667921371,945711.305136875,right,-0.0893215760588646,0.10704323649406433,0.28252270817756653,-0.1120489165186882,0.613103449344635,0.7820160984992981,0.2827584743499756,-0.7071523666381836,-0.21683385968208313,-0.19610149323905904,0.6880744085825866,-0.64619003421225,0.2655863826709869,-2.9992793610794224,-0.6599829536169884,1.682375501989864
9587,945711.2867921371,945711.3055695834,right,-0.24514026939868927,0.1353664994239807,0.3223411738872528,-0.1055620089173317,0.6162764430046082,0.7804230451583862,0.1758279651403427,-0.6414420008659363,-0.38844072818756104,-0.20124236600142187,0.6913655384057702,-0.6420476080810021,0.26322990779295347,-3.007146303030084,-0.6640056267503643,1.6911488830006614
9588,945711.3067921371,945711.3273041667,right,-0.4043773114681244,0.11974111199378967,0.27451688051223755,-0.10059995949268341,0.6175615191459656,0.7800623178482056,0.10676690191030502,-0.6481528878211975,-0.41454556584358215,-0.20523080228823304,0.6954098288337162,-0.6375235101376683,0.2604785522573389,-3.0133367713198513,-0.6656384781359866,1.7019858982512885
9589,945711.3267921371,945711.3520916668,right,-0.5593494176864624,0.06469734758138657,0.20069143176078796,-0.09473904967308044,0.6180394291877747,0.7804175019264221,0.08724112063646317,-0.6783574819564819,-0.32410869002342224,-0.20907148383315105,0.6993644814105543,-0.6333229550450676,0.2570608090919681,-3.0207886287776446,-0.6662462676681702,1.7116705405908332
9590,945711.3467921371,945711.3664316251,right,-0.7128552198410034,-0.010785219259560108,0.18783444166183472,-0.08787276595830917,0.618582546710968,0.7807905077934265,0.06893561780452728,-0.6127285361289978,-0.2736077606678009,-0.21303352998077785,0.7027411457652263,-0.6297221975707938,0.253419384031663,-3.029521120804695,-0.6669373114778971,1.71914448434459
9591,945711.3667921372,945711.4199137083,right,-0.8105916380882263,-0.028692511841654778,0.22750705480575562,-0.08974485099315643,0.6173004508018494,0.7815919518470764,-0.056287311017513275,-0.20303009450435638,-0.48758482933044434,-0.21315686173204867,0.7062216873252417,-0.6261364163782602,0.2525235460311312,-3.0272703819409488,-0.6653066013131584,1.7304029094880258
9592,945711.3867921372,945711.4200743334,right,-0.9083432555198669,-0.046582549810409546,0.2671717405319214,-0.09160173684358597,0.6160010695457458,0.7824015617370605,-0.18151025474071503,0.20666825771331787,-0.7015618085861206,-0.21327460728148429,0.7096840454670833,-0.6225345391420405,0.25162124073489334,-3.025045802212801,-0.6636560493573798,1.741642320413412
9593,945711.4067921372,945711.427051875,right,-0.9796120524406433,-0.045578066259622574,0.30534499883651733,-0.10700810700654984,0.6107915043830872,0.7845272421836853,-0.3687240481376648,0.6884613633155823,-0.9486666917800903,-0.20732903608126177,0.7140777672666389,-0.6183497813791963,0.25446223033696963,-3.006031206094924,-0.6570597612413308,1.7605125342941463
9594,945711.4267921372,945711.4460709167,right,-0.9929957389831543,-0.0245206356048584,0.3356967568397522,-0.13340818881988525,0.6010996699333191,0.7879600524902344,-0.5684066414833069,1.1231929063796997,-1.129049301147461,-0.19594066903974,0.7190771494561383,-0.61392832920761,0.2600521050411661,-2.9738750298115693,-0.6448763487346784,1.7843830969300467
9595,945711.4467921372,945711.4967195,right,-0.9522904753684998,-7.600368553539738E-05,0.37619107961654663,-0.16801844537258148,0.587411642074585,0.7916550040245056,-0.7298701405525208,1.49286949634552,-1.208343744277954,-0.18020462270453974,0.7240099214729673,-0.6096203973941688,0.2677664112689707,-2.9324591388474133,-0.6278567504606462,1.810043925347848
9596,945711.4667921372,945711.5010888334,right,-0.863951563835144,0.037849873304367065,0.41892051696777344,-0.20838409662246704,0.5704109072685242,0.7944855690002441,-0.8335069417953491,1.801952838897705,-1.2296652793884277,-0.16115853008192002,0.7282705283813391,-0.6056935881226013,0.27710119586696635,-2.8850827693460124,-0.6070059767534957,1.8347928720858167
9597,945711.4867921373,945711.5395732501,right,-0.752296507358551,0.10576963424682617,0.49153393507003784,-0.25515997409820557,0.5506953597068787,0.7947503328323364,-0.8604418635368347,2.037733554840088,-1.2154372930526733,-0.13867838801281446,0.7310815798998088,-0.6024074998232741,0.2887786883864007,-2.8309315737911662,-0.5831970271379802,1.8571235580917795
9598,945711.5067921373,945711.5396232083,right,-0.641173243522644,0.1748095005750656,0.5664425492286682,-0.3014039695262909,0.5298596024513245,0.792719841003418,-0.8873767852783203,2.2735142707824707,-1.201209306716919,-0.1161066807596167,0.7334098526111631,-0.5987234925449382,0.30026549333169494,-2.778257961789087,-0.558434980245437,1.877557779234645
9599,945711.5267921373,945711.5487823751,right,-0.5252560973167419,0.23844224214553833,0.6070727705955505,-0.3513405919075012,0.5076878666877747,0.7866464853286743,-0.9074642658233643,2.5017611980438232,-1.2335515022277832,-0.09167525631732892,0.7343782162900808,-0.5949888976955714,0.31348418341635825,-2.7215441687347046,-0.5324989124751257,1.895881859142242
9600,945711.5467921373,945711.5661545417,right,-0.4011097848415375,0.29674819111824036,0.6122850775718689,-0.40503430366516113,0.48308998346328735,0.7762548923492432,-1.0052741765975952,2.7568767070770264,-1.3543497323989868,-0.06505385981267124,0.7343754276463678,-0.590609936981333,0.3280862749319829,-2.6606733601404944,-0.5041803493545965,1.913104162084489
9601,945711.5667921373,945711.6181292917,right,-0.2717534899711609,0.3777032196521759,0.638384997844696,-0.46308931708335876,0.4544214904308319,0.7609526515007019,-1.1117222309112549,3.02280592918396,-1.5139219760894775,-0.035460115160497824,0.7336190062120945,-0.5850464996222481,0.343898347471182,-2.5948991171323406,-0.47172265556829596,1.9297466575566107
9602,945711.5867921374,945711.6198873334,right,-0.18448787927627563,0.44080761075019836,0.663895308971405,-0.5231137275695801,0.421853631734848,0.7405344843864441,-1.1937581300735474,3.127180337905884,-1.5565223693847656,-0.003582324953636566,0.7319634751209892,-0.5783568455355491,0.36016634443958184,-2.5265842564686376,-0.43548877202668734,1.9444864827555703
9603,945711.6067921374,945711.627261625,right,-0.10046771168708801,0.487782746553421,0.684410572052002,-0.5812060236930847,0.38743671774864197,0.7156064510345459,-1.192423701286316,3.1366617679595947,-1.5130807161331177,0.028845185682387166,0.7290917393507993,-0.5711640669765257,0.37598503110310916,-2.4594649298560705,-0.39784950441033834,1.955389607781725
9604,945711.6267921374,945711.6536566667,right,-0.0022392559330910444,0.529448926448822,0.6717334985733032,-0.6364758610725403,0.352428674697876,0.6860706210136414,-1.173952341079712,3.1799988746643066,-1.490344524383545,0.06115162296838912,0.7249730286821486,-0.5634264517888863,0.3914399243964997,-2.39367645662143,-0.3601650099408719,1.9629082243434441
9605,945711.6467921374,945711.6680342917,right,0.08811913430690765,0.5579261183738708,0.6436771750450134,-0.6892361044883728,0.31710952520370483,0.651456356048584,-1.1678282022476196,3.21679949760437,-1.4609054327011108,0.09343306250117862,0.719565431249338,-0.5549357895027737,0.406868629725356,-2.328022753701191,-0.3226801538159487,1.9677222323617953
9606,945711.6667921374,945711.6871571251,right,0.1601220667362213,0.5731931328773499,0.6219424605369568,-0.7383439540863037,0.282438725233078,0.6124346852302551,-1.1441270112991333,3.1810505390167236,-1.3597391843795776,0.1251791828348995,0.7127854976599387,-0.546034917360072,0.42203394745542333,-2.263250741181228,-0.28633539852425416,1.9694255142012553
9607,945711.6867921375,945711.7298759584,right,0.23577472567558289,0.5793765783309937,0.5798080563545227,-0.7824790477752686,0.2499854862689972,0.5702930688858032,-1.057651400566101,3.0879929065704346,-1.2058552503585815,0.15547479305247022,0.7047103034164156,-0.5371497869883038,0.43667043905548314,-2.200609542338145,-0.25266526876453227,1.9680408900758275
9608,945711.7067921375,945711.7305810001,right,0.2864522337913513,0.5485480427742004,0.4665391743183136,-0.8203541040420532,0.221698597073555,0.5271331667900085,-0.929875910282135,2.8370113372802734,-0.95067298412323,0.1831188708801586,0.6956023198455892,-0.5288704741870908,0.45044529094947344,-2.1419291552809754,-0.22355608114865969,1.9639024001729566
9609,945711.7267921375,945711.7565115418,right,0.32612502574920654,0.48926636576652527,0.3576979339122772,-0.8503625392913818,0.20021681487560272,0.4866182208061218,-0.7121750116348267,2.423182249069214,-0.6064411997795105,0.20626723103442327,0.686065525556186,-0.5221332995903363,0.4627577917928757,-2.0905599829955035,-0.20157922999440847,1.9576765721561133
9610,945711.7467921375,945711.776252625,right,0.4058090150356293,0.42724668979644775,0.22898036241531372,-0.8730204701423645,0.18559081852436066,0.45098885893821716,-0.57858806848526,2.0473618507385254,-0.4074806571006775,0.22450906448994226,0.6768810917828394,-0.5170361709873649,0.47339310557394315,-2.0476234056358913,-0.18667311021444327,1.9508639418230742
9611,945711.7667921375,945711.7873244584,right,0.5379835367202759,0.3928011655807495,0.12880830466747284,-0.8916974067687988,0.1727287471294403,0.4183782935142517,-0.604557991027832,1.9428516626358032,-0.5180580019950867,0.24068079624108607,0.668377655394584,-0.5123089445843982,0.4825799902618945,-2.009496203699551,-0.17359939910159564,1.9441134667532982
9612,945711.7867921375,945711.8328297083,right,0.6681241393089294,0.3721458315849304,0.09440212696790695,-0.9101730585098267,0.15520375967025757,0.3840530812740326,-0.6852127313613892,2.113898277282715,-0.8882566690444946,0.2585336141499859,0.6604765538572038,-0.5057640361865339,0.4910536597345195,-1.9700860194898093,-0.15583373041392923,1.9380752288306526
9613,945711.8067921376,945711.8332699167,right,0.7410014867782593,0.357144296169281,0.07413670420646667,-0.9297068119049072,0.12969982624053955,0.34470734000205994,-0.7530106902122498,2.366431713104248,-1.2953327894210815,0.2799906610578415,0.6529025857509003,-0.49605633612451594,0.4992508466612067,-1.9258533815513055,-0.13006625515502793,1.9327019641248053
9614,945711.8267921376,945711.8799044167,right,0.731311559677124,0.332433819770813,0.059677429497241974,-0.9484076499938965,0.09764299541711807,0.30164334177970886,-0.7032591700553894,2.2784650325775146,-1.3134033679962158,0.3037916048501618,0.6458445395144835,-0.4834320051022427,0.5068420226314984,-1.8787316519466994,-0.09779883905612835,1.9280248017026138
9615,945711.8467921376,945711.8800734584,right,0.718610405921936,0.3075706958770752,0.04651428759098053,-0.9640973806381226,0.06573864072561264,0.2572830319404602,-0.653507649898529,2.1904985904693604,-1.3314741849899292,0.32733942344816913,0.6382483195604776,-0.4704047337866596,0.5140109169531385,-1.8315831519906642,-0.06578610459912296,1.9218423282668067
9616,945711.8667921376,945711.8922793751,right,0.7162694931030273,0.2743890583515167,0.02646084688603878,-0.9753957390785217,0.03836745768785477,0.21709665656089783,-0.5193031430244446,1.9055365324020386,-1.094871997833252,0.34748686556324043,0.6311878969706953,-0.4584214016553074,0.5202925605978083,-1.7897994873520553,-0.03837690147103983,1.9160701037941228
9617,945711.8867921376,945711.930012375,right,0.7374774217605591,0.2339199185371399,-0.042712606489658356,-0.9829703569412231,0.0180341936647892,0.18287743628025055,-0.40681326389312744,1.574005365371704,-0.7441496849060059,0.3632920608250956,0.6246322479200865,-0.448634920547108,0.52590878842109,-1.754739094837857,-0.01803519950481986,1.9108580498345298
9618,945711.9067921377,945711.9307350001,right,0.7681863307952881,0.18764133751392365,-0.11582041531801224,-0.9878994226455688,0.005000116769224405,0.15501542389392853,-0.3180123269557953,1.2506048679351807,-0.4107398986816406,0.37506449097862465,0.6184337591794122,-0.44164172778454486,0.5308660860043162,-1.7264414086931488,-0.00500016554445942,1.9055773740633108
9619,945711.9267921377,945711.970390875,right,0.7976880073547363,0.145430788397789,-0.17724503576755524,-0.9910429120063782,-0.0010282789589837193,0.13353995978832245,-0.2673938572406769,0.914466142654419,-0.0915614441037178,0.38303742036442534,0.6126859100251848,-0.4374768258248342,0.5352683641764654,-1.704736531472085,0.0010282512718065321,1.9005317463120033
9620,945711.9467921377,945711.9706526668,right,0.8402568101882935,0.10176323354244232,-0.22799228131771088,-0.9929646253585815,-0.0007270458154380322,0.11840976774692535,-0.2791280150413513,0.6054109334945679,0.1546477973461151,0.38767042030551613,0.6073985260893044,-0.4362017135197277,0.5389867237087801,-1.6894846362661138,0.0007270189757205772,1.8953432789864222
9621,945711.9667921377,945711.9948518334,right,0.9065744280815125,0.06901682913303375,-0.2542552053928375,-0.9941348433494568,0.003113074228167534,0.10810356587171555,-0.2572248876094818,0.42445364594459534,0.25157445669174194,0.3902018194776597,0.6026923099494575,-0.43682237288097747,0.541932374499153,-1.6791121417604657,-0.003113104712940107,1.8900509903596372
9622,945711.9867921377,945712.0171690417,right,0.9672453999519348,0.04392344877123833,-0.26672643423080444,-0.9948826432228088,0.007738449145108461,0.10074115544557571,-0.193489670753479,0.3172406256198883,0.24566350877285004,0.3917764176793417,0.5986835419114613,-0.4381194077497598,0.5441880131931214,-1.6717117446196685,-0.007738550579238159,1.885079072691816
9623,945712.0067921377,945712.0287832917,right,0.9927060604095459,0.022276483476161957,-0.2890501320362091,-0.9953057169914246,0.01224139891564846,0.0960022509098053,-0.11228980869054794,0.1617610901594162,0.24713954329490662,0.39251725513082,0.595644801697974,-0.43955479607438835,0.5458285878262191,-1.6669539547787156,-0.012241727791247624,1.8812242410580378
9624,945712.0267921378,945712.0723182501,right,1.0114562511444092,0.010466594249010086,-0.28638002276420593,-0.9953170418739319,0.017364446073770523,0.0950922816991806,0.0037828951608389616,-0.062223467975854874,0.28935202956199646,0.39170747488069335,0.5939432081791172,-0.44133618744123904,0.5468262860869183,-1.6660469713233157,-0.017365340746312585,1.8792869526807199
9625,945712.0467921378,945712.0735491667,right,1.0282496213912964,0.01414113026112318,-0.26191622018814087,-0.9948245882987976,0.024031072854995728,0.09872443974018097,0.14483554661273956,-0.3050854206085205,0.36316978931427,0.3886461587757113,0.5938001189030734,-0.4435805014695424,0.5473497628942039,-1.6697105653445206,-0.02403340759117992,1.8801769010588245
9626,945712.0667921378,945712.0885526667,right,1.041344165802002,0.0186000969260931,-0.23821449279785156,-0.9937323331832886,0.032770220190286636,0.10687364637851715,0.3189379870891571,-0.5310735106468201,0.4640369415283203,0.3831036324349832,0.5951554489182477,-0.44634833496728304,0.5475349990203193,-1.677932305105721,-0.032776109711712034,1.8840701414569907
9627,945712.0867921378,945712.1338469167,right,1.0269042253494263,0.012087765149772167,-0.23961593210697174,-0.9918394088745117,0.04415522515773773,0.1196037232875824,0.4825817048549652,-0.7870752811431885,0.6003692150115967,0.3748698970624368,0.5979148914288488,-0.4497773514857243,0.5474217782335483,-1.6908047220416222,-0.044169608261808,1.890886924989656
9628,945712.1067921378,945712.1355963334,right,0.996339738368988,0.0064369379542768,-0.2420995682477951,-0.9886891841888428,0.05931476131081581,0.1377515196800232,0.616858184337616,-1.1009396314620972,0.7912906408309937,0.36354936102141777,0.6019384136593539,-0.45447323959049685,0.5467686440915065,-1.709232625489331,-0.05934961847480859,1.8998425937346115
9629,945712.1267921379,945712.1486464167,right,0.9538990259170532,0.007534237112849951,-0.22821828722953796,-0.9835777282714844,0.07913944870233536,0.1622086614370346,0.7126936912536621,-1.4624568223953247,1.0109822750091553,0.34873498884952986,0.6071688688087452,-0.4609233272638273,0.5452333370505804,-1.7342421747214467,-0.07922231315726311,1.9101854109683503
9630,945712.1467921379,945712.18992975,right,0.9133154153823853,0.007867157459259033,-0.20156124234199524,-0.9757792949676514,0.10339217633008957,0.1927817463874817,0.7801336050033569,-1.7839404344558716,1.1720197200775146,0.3305402814600641,0.6134974107132154,-0.4690541664381686,0.5425422523207754,-1.7658513859125151,-0.10357729552291148,1.9212269323044262
9631,945712.1667921379,945712.1905972917,right,0.8825069665908813,0.02476433292031288,-0.17450614273548126,-0.9650387763977051,0.1301284283399582,0.2275228500366211,0.777974009513855,-1.971788763999939,1.2127164602279663,0.3101773633832507,0.6205387067744842,-0.47821872302988194,0.538542865596031,-1.8023336519100293,-0.13049852317626395,1.9317821195808742
9632,945712.1867921379,945712.2307963751,right,0.8387337327003479,0.06167766824364662,-0.1179339662194252,-0.951654314994812,0.15696218609809875,0.2640392482280731,0.7497245073318481,-2.0663206577301025,1.1919350624084473,0.28918912645070965,0.6278499912280475,-0.4876720386054649,0.5332446148257968,-1.8414415971695126,-0.15761396426904759,1.9407505971733794
9633,945712.2067921379,945712.2318129167,right,0.7532979249954224,0.09021738916635513,-0.05962483212351799,-0.9356011152267456,0.18369242548942566,0.30150914192199707,0.7487114071846008,-2.1771066188812256,1.1971298456192017,0.26771027748779247,0.6352983753359217,-0.4971423844912968,0.5268553419162758,-1.8825503154552106,-0.18474149477387145,1.9483353812052986
9634,945712.226792138,945712.2578001667,right,0.6668749451637268,0.11680974811315536,-0.024233834818005562,-0.9164866805076599,0.2105947732925415,0.3401499390602112,0.7261271476745605,-2.2855184078216553,1.198361873626709,0.2455244128458965,0.6428719974798064,-0.5067450731914376,0.5192712754737646,-1.9261835394520643,-0.21218334639751502,1.9543812510916172
9635,945712.246792138,945712.28751375,right,0.5809483528137207,0.1630706638097763,0.036625877022743225,-0.8945230841636658,0.23710720241069794,0.3789573013782501,0.6712052226066589,-2.3337697982788086,1.1755300760269165,0.22304106842974483,0.650378488062375,-0.5162232738834172,0.5106602778120741,-1.9715160053413787,-0.23938706542696517,1.9587777489947047
9636,945712.266792138,945712.2885157501,right,0.4700847566127777,0.22136539220809937,0.12346960604190826,-0.8699806332588196,0.263128399848938,0.4170094132423401,0.6147945523262024,-2.3459885120391846,1.1908133029937744,0.2006176536427897,0.6574486502758162,-0.5256100979290307,0.5012460930955336,-2.0177731820690816,-0.266263450038705,1.9610002674073044
9637,945712.286792138,945712.3298820417,right,0.3561237156391144,0.2625728249549866,0.17609526216983795,-0.8426347374916077,0.28903135657310486,0.4543426036834717,0.5315952301025391,-2.389108180999756,1.2666094303131104,0.1782282509093265,0.6637956338038552,-0.5353005136645899,0.49098181873877306,-2.0653045087294597,-0.29321486834916466,1.960134468834892
9638,945712.306792138,945712.3309730834,right,0.24307046830654144,0.2897612154483795,0.22784481942653656,-0.8114683628082275,0.3155471980571747,0.4918832778930664,0.43917959928512573,-2.4930338859558105,1.398040771484375,0.1553808796938946,0.6692649227609689,-0.5459176462958989,0.47949459813228806,-2.115736255517204,-0.32103323939138223,1.9549885515838847
9639,945712.326792138,945712.3547287501,right,0.14743560552597046,0.31257274746894836,0.29946833848953247,-0.7758457660675049,0.3428768515586853,0.5296218395233154,0.35805609822273254,-2.5784835815429688,1.5322535037994385,0.13173501874531005,0.6737980401910565,-0.5575007722934271,0.46672800514299684,-2.169774784708161,-0.34997769187490135,1.945348373451563
9640,945712.3467921381,945712.3759257917,right,0.07529038190841675,0.3306432068347931,0.3631274402141571,-0.7363131046295166,0.3702901601791382,0.5663289427757263,0.3177122473716736,-2.5521962642669678,1.604652762413025,0.1076927262413972,0.6772312779010184,-0.5696685220627024,0.45303179472342225,-2.226435899172909,-0.3793213444871396,1.9314023730177399
9641,945712.3667921381,945712.3897970418,right,0.00893388781696558,0.32675835490226746,0.3751566708087921,-0.6945170164108276,0.3965570628643036,0.6003236770629883,0.25424936413764954,-2.448822021484375,1.6199820041656494,0.08416669804979485,0.6794054081346297,-0.581867770663949,0.4390376117873457,-2.283577369969336,-0.40776334866265596,1.9137408344669917
9642,945712.3867921381,945712.4323223333,right,-0.06238062307238579,0.3423577547073364,0.418270081281662,-0.6520140767097473,0.4210415482521057,0.6305568814277649,0.2358507513999939,-2.320889472961426,1.603735089302063,0.061630027487055795,0.6804452276164897,-0.5935256549111304,0.42535081752060155,-2.3394663289279833,-0.43459328503924527,1.8937399124922396
9643,945712.4067921381,945712.4335235001,right,-0.16769124567508698,0.3485313653945923,0.4946604073047638,-0.6082019805908203,0.44482937455177307,0.6574326753616333,0.2847457528114319,-2.287092924118042,1.669925570487976,0.03931163714748374,0.6804147644958077,-0.604774379759601,0.4119931310433335,-2.395073046229666,-0.46098370564090024,1.8716528202035185
9644,945712.4267921381,945712.4509157084,right,-0.2625444531440735,0.331950306892395,0.5209858417510986,-0.5617884993553162,0.46913522481918335,0.6814001202583313,0.3697440028190613,-2.2836763858795166,1.749929428100586,0.01620106051109742,0.6793407124490706,-0.615789091074083,0.39879502889414997,-2.4521129431998645,-0.48831124838528134,1.8472935823921608
9645,945712.4467921382,945712.4763327917,right,-0.31408795714378357,0.31517294049263,0.4928741455078125,-0.5137768983840942,0.493426114320755,0.7018290758132935,0.41855674982070923,-2.1958112716674805,1.73236882686615,-0.007307649889967008,0.6772880588807205,-0.6262550381837497,0.3860466427881333,-2.509676309988157,-0.5160243537184313,1.8211681701089115
9646,945712.4667921382,945712.4923267917,right,-0.34763064980506897,0.3050381541252136,0.49770674109458923,-0.4665457010269165,0.51567143201828,0.7186225056648254,0.3921026885509491,-2.048874616622925,1.6157276630401611,-0.029863785360479383,0.6746757337325385,-0.6357073635879079,0.3738942519192369,-2.565764520487766,-0.5417910915145722,1.7943765482425853
9647,945712.4867921382,945712.5310102918,right,-0.3731798231601715,0.3025340139865875,0.500289797782898,-0.42195332050323486,0.5344381928443909,0.73234623670578,0.3449704945087433,-1.8635191917419434,1.4488362073898315,-0.05045090365000979,0.6719442568689543,-0.6439440775781142,0.3623278371087463,-2.6188823678455613,-0.5638428234363243,1.7679774747935555
9648,945712.5067921382,945712.5321931667,right,-0.39407429099082947,0.28148579597473145,0.4491542875766754,-0.3809482753276825,0.5496649146080017,0.7434696555137634,0.27554401755332947,-1.6876040697097778,1.2650483846664429,-0.06881164827336267,0.6693734291720934,-0.6509024390339218,0.35146854907518477,-2.668080417887106,-0.581962992299007,1.743043000416246
9649,945712.5267921382,945712.5829501668,right,-0.3964075446128845,0.2576329708099365,0.4289163649082184,-0.34648463129997253,0.5609512329101562,0.7518525719642639,0.23664037883281708,-1.5286519527435303,1.1056543588638306,-0.08392639718611501,0.6673845110275826,-0.6561433808424368,0.3420965909371203,-2.709760010845025,-0.5955343342894043,1.722204018984588
9650,945712.5467921383,945712.5830807501,right,-0.3992120623588562,0.23449097573757172,0.4097737669944763,-0.3115497827529907,0.571526825428009,0.7591403722763062,0.1977367401123047,-1.3696999549865723,0.9462604522705078,-0.09901188976986916,0.6651635258935504,-0.6611562542563725,0.33260561404952305,-2.752154792499427,-0.6083652300581541,1.7005043176586117
9651,945712.5667921383,945712.6024010833,right,-0.3845897614955902,0.202915221452713,0.3783271014690399,-0.28106966614723206,0.5798614621162415,0.7646960616111755,0.16838347911834717,-1.2195639610290527,0.8106434941291809,-0.11201613096845757,0.6632959715850419,-0.6651213570626568,0.32419773755401443,-2.7893631259319265,-0.618558529077018,1.681652673541864
9652,945712.5867921383,945712.6172472084,right,-0.34299832582473755,0.1659754514694214,0.3163018822669983,-0.25472646951675415,0.5863745808601379,0.768946647644043,0.1457379311323166,-1.0447531938552856,0.6792665719985962,-0.12312188942072277,0.6617308635542143,-0.6682705405676458,0.3168083603799792,-2.8217033307443504,-0.6265758435262112,1.6653901565488778
9653,945712.6067921383,945712.6309950834,right,-0.30752700567245483,0.13083133101463318,0.26856324076652527,-0.2324577271938324,0.5915247201919556,0.772050142288208,0.12560993432998657,-0.8887332081794739,0.5743915438652039,-0.1324628465910481,0.6604088969883438,-0.6707347270864107,0.3105291269087266,-2.849134962047233,-0.6329484510183954,1.6516702505818492
9654,945712.6267921383,945712.6557555834,right,-0.2910739779472351,0.10920149087905884,0.24632494151592255,-0.21297669410705566,0.5960733890533447,0.7741691470146179,0.13791033625602722,-0.7926236987113953,0.5352461338043213,-0.14067673289153457,0.6591060344922218,-0.6728028998927724,0.30516479791290024,-2.873130358125661,-0.6386017021001161,1.6394647729278164
9655,945712.6467921383,945712.6724915834,right,-0.27096787095069885,0.09891032427549362,0.23127077519893646,-0.19476431608200073,0.6006172895431519,0.775452196598053,0.16927620768547058,-0.7236760258674622,0.5377723574638367,-0.14842503435849774,0.6575656463362443,-0.6747840020067407,0.3004063555975848,-2.89552060419197,-0.6442728484852439,1.6274508152564966
9656,945712.6667921384,945712.6899848334,right,-0.24902065098285675,0.08487579226493835,0.21450278162956238,-0.17744773626327515,0.6051258444786072,0.7761021852493286,0.15409018099308014,-0.6605693101882935,0.5336359739303589,-0.15580552085777075,0.6557625978719694,-0.6767765045252533,0.2960969252524989,-2.916816839756266,-0.6499238100403681,1.615271019127424
9657,945712.6867921384,945712.7323793333,right,-0.21227078139781952,0.08175070583820343,0.20653226971626282,-0.1614643782377243,0.6088166832923889,0.7767059206962585,0.10399986058473587,-0.5784935355186462,0.508813202381134,-0.16237256679816645,0.6538800954547145,-0.6788178689488517,0.292031354156169,-2.9366285865893653,-0.6545679901050606,1.6031764001219684
9658,945712.7067921384,945712.7334437084,right,-0.190373033285141,0.0766877681016922,0.17225797474384308,-0.14668895304203033,0.611579418182373,0.7774655818939209,0.0500347875058651,-0.5340798497200012,0.5200422406196594,-0.1680921814606599,0.6518791717490461,-0.6810185499594753,0.2881182348962552,-2.9551092632627367,-0.6580551906181222,1.5909158435421422
9659,945712.7267921384,945712.7750344584,right,-0.2069883793592453,0.06620696187019348,0.1472080796957016,-0.13128302991390228,0.6140180826187134,0.7782972455024719,0.048033103346824646,-0.587680995464325,0.611463189125061,-0.17380862220259974,0.6495306225492906,-0.6835630988624993,0.28397519058355125,-2.974486083297965,-0.6611411696541204,1.5772120922717545
9660,945712.7467921384,945712.7754722084,right,-0.22042216360569,0.055447690188884735,0.13600189983844757,-0.11318318545818329,0.6164905428886414,0.7791847586631775,0.06606253981590271,-0.6778339147567749,0.7139297127723694,-0.1803884924603656,0.6466551231715233,-0.6866072081183487,0.27904756544487025,-2.9973433041488318,-0.6642775012193557,1.560712847972639
9661,945712.7667921385,945712.7927310833,right,-0.20143242180347443,0.04143676534295082,0.10688396543264389,-0.0936216190457344,0.6189721822738647,0.7798130512237549,0.06257874518632889,-0.6658117771148682,0.709608256816864,-0.18748538158746664,0.6434429989298704,-0.6898460193959927,0.2737565873039807,-3.0221082453682593,-0.6674332844331515,1.542683996370743
9662,945712.7867921385,945712.8224695417,right,-0.16015033423900604,0.022255826741456985,0.0626622810959816,-0.07617154717445374,0.6207493543624878,0.780299723148346,0.0146096870303154,-0.5162706971168518,0.5731556415557861,-0.19367521081451244,0.6404683001778422,-0.6927843307112924,0.2689607498313142,-3.044282861064358,-0.6696980097626941,1.526240069109355
9663,945712.8067921385,945712.8385916251,right,-0.12268007546663284,0.023251352831721306,0.05210107937455177,-0.0639953464269638,0.6211309432983398,0.7810892462730408,-0.05722254514694214,-0.3026578426361084,0.3679109811782837,-0.1976349590966246,0.6383272730942163,-0.6950416088425647,0.2653217364968153,-3.0598445612982834,-0.6701848453381734,1.5142586615071603
9664,945712.8267921385,945712.8718937084,right,-0.12258917838335037,0.038627270609140396,0.07355695217847824,-0.056961510330438614,0.620458722114563,0.7821674942970276,-0.07995777577161789,-0.1645304411649704,0.2313496470451355,-0.19950820089627985,0.6370099350900388,-0.6966361979418998,0.2628927583896983,-3.0688959934657465,-0.6693273839183917,1.5067267568392364
9665,945712.8467921385,945712.8729732084,right,-0.14360785484313965,0.04444914683699608,0.09447557479143143,-0.05167050287127495,0.6197620034217834,0.7830868363380432,-0.02770831063389778,-0.15730516612529755,0.24038885533809662,-0.20080282173964087,0.635910568735009,-0.6979692430235979,0.26102625499191406,-3.0757052685217996,-0.6684392332288888,1.5006996806071475
9666,945712.8667921385,945712.9008511667,right,-0.15770943462848663,0.036059435456991196,0.09130440652370453,-0.04540036618709564,0.6200128197669983,0.7832767367362976,0.039049554616212845,-0.213542178273201,0.2960518002510071,-0.20281106428202655,0.6345293307372514,-0.6992930865258647,0.2592858355351302,-3.083695550057763,-0.6687589181778073,1.4938820961655872
9667,945712.8867921386,945712.9298156668,right,-0.15677975118160248,0.023398099467158318,0.07677875459194183,-0.037764985114336014,0.621388852596283,0.7825915813446045,0.10933867841959,-0.244216650724411,0.344241201877594,-0.20572365603998385,0.6327465856250528,-0.700662154176654,0.2576468787257303,-3.0933739621886187,-0.670513906431494,1.4858191732519421
9668,945712.9067921386,945712.9309780834,right,-0.2780100107192993,-0.008224889636039734,0.07476386427879333,-0.028408357873558998,0.6239843964576721,0.7809200286865234,0.14757242798805237,-0.34136831760406494,0.48220738768577576,-0.20962740044710576,0.6302730316689428,-0.7022932741784829,0.25611758015811575,-3.105230844723734,-0.6738310751942889,1.4755462773098664
9669,945712.9267921386,945712.9547397083,right,-0.5252506732940674,-0.05416332557797432,0.12262745201587677,-0.015058713033795357,0.6274012327194214,0.7785505056381226,0.2665889859199524,-0.4474928677082062,0.6519676446914673,-0.21515491538755638,0.6268286987189973,-0.7045288861149841,0.2538366890341618,-3.122253300615859,-0.6782112181815663,1.461026945531637
9670,945712.9467921386,945712.9756614168,right,-0.5627966523170471,-0.08114203810691833,0.13775187730789185,0.0002621892490424216,0.6321055889129639,0.7748820781707764,0.3174881935119629,-0.3781879246234894,0.6590399742126465,-0.22179539178667979,0.6224833033992849,-0.7070753057085905,0.2517254071408871,3.1412540691928728,-0.6842673901135686,1.443598559540222
9671,945712.9667921386,945712.9907931667,right,-0.33517757058143616,-0.07070616632699966,0.0784122496843338,0.011383925564587116,0.6357066035270691,0.7718468904495239,0.15993808209896088,-0.11722353845834732,0.427639365196228,-0.22652443138747944,0.6186680401959533,-0.7093470238243649,0.25052592409531366,3.12684455362608,-0.6889233991111245,1.429153475619052
9672,945712.9867921387,945713.0328680833,right,-0.10612037777900696,-0.030252255499362946,0.025588499382138252,0.013956766575574875,0.637200117111206,0.7705719470977783,0.024990389123558998,0.24072055518627167,0.1407722383737564,-0.22737906123053325,0.6162388602574307,-0.7110102225708219,0.2510233901368677,3.12348218891962,-0.6908597427527247,1.4217120438336166
9673,945713.0067921387,945713.033208125,right,0.025449780747294426,0.014827954582870007,0.0034554970916360617,0.0085561852902174,0.6366246342658997,0.7711261510848999,-0.07686690241098404,0.5225688815116882,-0.046540167182683945,-0.2244985771876072,0.6149947181780171,-0.7122811790855239,0.25305572270492055,3.130497182715428,-0.690113267832438,1.4204739087665657
9674,945713.0267921387,945713.0510960834,right,0.08715686947107315,0.051948338747024536,-0.0008413463947363198,-0.002144757192581892,0.6345229148864746,0.7729011178016663,-0.17413300275802612,0.6837058663368225,-0.14966991543769836,-0.21905856085633285,0.6144759182232318,-0.7133511197752274,0.2560522834200627,-3.1388179396114047,-0.687390934810413,1.4231357860530418
9675,945713.0467921387,945713.0925854167,right,0.12412095069885254,0.09245635569095612,0.017637016251683235,-0.015504477545619011,0.6311304569244385,0.7755218148231506,-0.24186424911022186,0.7599939107894897,-0.17480431497097015,-0.2121041723607733,0.6142515488255855,-0.7144619241144793,0.2593278064929443,-3.1216032193470613,-0.6830095540288509,1.4273480818705084
9676,945713.0667921387,945713.0930902917,right,0.13573116064071655,0.11499153077602386,0.028415536507964134,-0.029192745685577393,0.6269151568412781,0.7785405516624451,-0.27364468574523926,0.7435017824172974,-0.11204845458269119,-0.2046435782274794,0.6139005224473023,-0.7158186448278068,0.26239426130221705,-3.104113671409938,-0.6775871231904189,1.4310108578219958
9677,945713.0867921388,945713.1226459584,right,0.13631169497966766,0.11844326555728912,0.026304148137569427,-0.040781814604997635,0.622536301612854,0.7815276980400085,-0.27235689759254456,0.655081570148468,0.02354981191456318,-0.19776100111015102,0.6129515973320411,-0.7176726927688675,0.2648145290405561,-3.0894579800288233,-0.6719792584349366,1.431929193218795
9678,945713.1067921388,945713.1611488333,right,0.13907885551452637,0.09901440888643265,-0.0010894559090957046,-0.048848774284124374,0.6185653805732727,0.7842131853103638,-0.2510996460914612,0.5423437356948853,0.19075480103492737,-0.19213751272169716,0.6110832632963844,-0.7201970266233346,0.26641404447040107,-3.0793830706258865,-0.6669153765961677,1.4287936567651038
9679,945713.1267921388,945713.1622231667,right,0.1413976401090622,0.06638939678668976,-0.037241265177726746,-0.05320947617292404,0.6152133345603943,0.7865628600120544,-0.22134636342525482,0.4486648440361023,0.3479152023792267,-0.18790482562129587,0.6082380682742712,-0.7234139782250975,0.26722698843808457,-3.07404767830567,-0.6626563901669165,1.4214874351703508
9680,945713.1467921388,945713.1994446251,right,0.13160382211208344,0.03330547735095024,-0.05981316789984703,-0.05454286187887192,0.6126961708068848,0.7884340882301331,-0.17702065408229828,0.37513020634651184,0.48612186312675476,-0.18489676021602666,0.6044444771580946,-0.7272302570603077,0.2675743891527631,-3.0725241816218603,-0.659467424743207,1.41055341863562
9681,945713.1667921388,945713.1996209167,right,0.09548782557249069,-0.0006367855821736157,-0.06008137762546539,-0.052981045097112656,0.6113211512565613,0.789607048034668,-0.09196844696998596,0.2991470694541931,0.6270448565483093,-0.18318964789289321,0.5996791017198624,-0.7315657175401694,0.26765265244405473,-3.0745952895882964,-0.6577287679473782,1.3961711036180846
9682,945713.1867921388,945713.2174595834,right,0.004875756800174713,-0.0480036698281765,-0.036594849079847336,-0.048641905188560486,0.6113241314888,0.7898838520050049,-0.007851600646972656,0.23696401715278625,0.717557430267334,-0.1828663414775303,0.5939951785788259,-0.7362822656445345,0.2676151530050523,-3.0800894396221996,-0.6577325792765717,1.3786797649603861
9683,945713.2067921389,945713.2421892917,right,-0.13599847257137299,-0.10130307078361511,0.007655291352421045,-0.043621353805065155,0.6122483015060425,0.7894612550735474,0.024209050461649895,0.23888735473155975,0.6682080030441284,-0.1831603026718684,0.5881187761672318,-0.7408419833838341,0.2678088833306203,-3.086394403239007,-0.6589008409748482,1.3608385289686828
9684,945713.2267921389,945713.2622089584,right,-0.21752651035785675,-0.13729654252529144,0.04736083373427391,-0.04093377664685249,0.6128344535827637,0.7891501188278198,-0.017935508862137794,0.3265327215194702,0.44885578751564026,-0.18270077479781008,0.5831285121607312,-0.7446718095376861,0.2684123944678013,-3.0897685913293356,-0.659642447307358,1.3464055122620868
9685,945713.2467921389,945713.2723950418,right,-0.18656617403030396,-0.13017764687538147,0.05388055369257927,-0.043754346668720245,0.6121326088905334,0.7895435690879822,-0.10107805579900742,0.49969810247421265,0.14155174791812897,-0.1800924231916236,0.579909216239283,-0.7473131833212662,0.2698052154934601,-3.0862322127898056,-0.6587545753115225,1.338787207750012
9686,945713.2667921389,945713.2919015834,right,-0.10810966789722443,-0.09761979430913925,0.03948383033275604,-0.053068894892930984,0.6097822189331055,0.7907899618148804,-0.19134053587913513,0.6702931523323059,-0.11378562450408936,-0.17480480391033415,0.5785287178763409,-0.7487986518254697,0.2721178030427758,-3.0745846151906266,-0.6557856158231804,1.3384307930464716
9687,945713.2867921389,945713.3291170418,right,-0.032481029629707336,-0.05145515501499176,0.022931445389986038,-0.06691908091306686,0.6058475375175476,0.792761504650116,-0.2642061412334442,0.7721022963523865,-0.2510456442832947,-0.1674743891317828,0.578367981376765,-0.7495806426641507,0.27490286406046155,-3.05737986452909,-0.6508305442785467,1.3427797232865204
9688,945713.306792139,945713.3320291667,right,0.021222252398729324,-0.003172905882820487,0.007655723951756954,-0.08249418437480927,0.6007320880889893,0.7951825857162476,-0.326849102973938,0.7749267220497131,-0.24914883077144623,-0.15916111492797266,0.5786413506438799,-0.7501769189353921,0.2776262013082474,-3.0382201990788675,-0.6444163501087045,1.3485757508391185
9689,945713.326792139,945713.3523235834,right,0.05229182541370392,0.0368371419608593,0.006257848348468542,-0.097003273665905,0.5951655507087708,0.7977267503738403,-0.3386864960193634,0.6897661685943604,-0.15962260961532593,-0.15106713532028723,0.5787037048889003,-0.7509762335950844,0.2798485235764439,-3.0205872984748723,-0.6374714587440605,1.3530862866900242
9690,945713.346792139,945713.3748618334,right,0.06438266485929489,0.059306737035512924,-0.00018346104479860514,-0.10782553255558014,0.5897320508956909,0.8003684878349304,-0.3162654638290405,0.5262740254402161,0.005747765302658081,-0.14429790901104808,0.5780769337582462,-0.7523371668621568,0.2810583678955728,-3.0076792426334555,-0.630726826435593,1.3540629929314627
9691,945713.366792139,945713.3923213751,right,0.05978721007704735,0.06325484812259674,-0.016931265592575073,-0.11339190602302551,0.5850664377212524,0.8030190467834473,-0.28054556250572205,0.32182300090789795,0.2015933096408844,-0.13963298830633383,0.5765234326853695,-0.7544071629069528,0.2810570821324678,-3.001313296098959,-0.6249618464120336,1.3504497633132777
9692,945713.386792139,945713.4224069167,right,0.03477213904261589,0.059402838349342346,-0.03318792209029198,-0.11339738219976425,0.5815688967704773,0.8055548071861267,-0.23581326007843018,0.1275012344121933,0.38713476061820984,-0.13732819956155937,0.5739905498051544,-0.7571738137660109,0.27993478384777143,-3.0017424743668584,-0.620655770837968,1.342205463143838
9693,945713.406792139,945713.4387204584,right,-0.00463813217356801,0.05142853036522865,-0.03991924226284027,-0.10887470841407776,0.5791301131248474,0.8079321980476379,-0.19687189161777496,-0.0020767608657479286,0.5100581049919128,-0.13699725857782172,0.5706465742107804,-0.760479135422198,0.2779668369179137,-3.0076425439729335,-0.6176610993985479,1.3302781066045213
9694,945713.4267921391,945713.4697324584,right,-0.04957306385040283,0.03537404164671898,-0.05063471570611,-0.1020336002111435,0.5773956775665283,0.8100637793540955,-0.17581821978092194,-0.04235322028398514,0.5460227131843567,-0.13775392293586616,0.5668521229758771,-0.7640094849513767,0.2756662846622072,-3.016295197532772,-0.6155351300322096,1.3165251478342377
9695,945713.4467921391,945713.4719002501,right,-0.08129569888114929,0.01581651158630848,-0.060825493186712265,-0.09550880640745163,0.5757372379302979,0.8120374083518982,-0.17929579317569733,0.004635013174265623,0.4837985634803772,-0.1384727207210616,0.563124213272109,-0.767404549589289,0.2735078889656561,-3.0245144646490103,-0.6135053410251692,1.3032317494922157
9696,945713.4667921391,945713.4948130001,right,-0.08994574844837189,-0.00013089386629872024,-0.05845584347844124,-0.09153563529253006,0.573554277420044,0.8140372037887573,-0.201863095164299,0.10764273256063461,0.34129443764686584,-0.13818892027451596,0.5600040882266912,-0.7703336634417063,0.27181821170336135,-3.029616709010791,-0.610838041887984,1.2925246724101702
9697,945713.4867921391,945713.5304842917,right,-0.08034801483154297,-0.006535758730024099,-0.04287620261311531,-0.09118904173374176,0.5706651210784912,0.8161043524742126,-0.22632230818271637,0.20233191549777985,0.1736396700143814,-0.1365043744248962,0.5578656535261919,-0.7725529116105488,0.2707664246688658,-3.0303174117388796,-0.6073154149271875,1.2857186633999216
9698,945713.5067921391,945713.5333515834,right,-0.06009284034371376,-0.008536912500858307,-0.025104975327849388,-0.09399587661027908,0.5672614574432373,0.8181563019752502,-0.22570466995239258,0.2526093125343323,0.034983277320861816,-0.1336894261866947,0.5567501415763231,-0.7740202461316662,0.270275956734937,-3.0272069039699945,-0.6031765487156946,1.2827372319224049
9699,945713.5267921392,945713.5575382084,right,-0.03166517615318298,-0.00932296272367239,-0.015207529999315739,-0.0984727218747139,0.5636511445045471,0.820122480392456,-0.2138284295797348,0.24346424639225006,-0.05269609019160271,-0.1304110650721041,0.5564877951695295,-0.7748435359501438,0.2700588404971821,-3.022094161509779,-0.5987992270748519,1.2825913104385012
9700,945713.5467921392,945713.5774089583,right,-0.006361521314829588,-0.010713307186961174,-0.010456865653395653,-0.103070467710495,0.5601337552070618,0.8219650983810425,-0.19364801049232483,0.17976053059101105,-0.09931688010692596,-0.12733158537395636,0.5568201547178377,-0.7751991945181732,0.269822294522972,-3.0168487505785424,-0.5945471100436514,1.2840561632250809
9701,945713.5667921392,945713.5940632917,right,0.016169605776667595,-0.009003742597997189,-0.005900833755731583,-0.10661541670560837,0.5570244193077087,0.8236241936683655,-0.16243992745876312,0.0880630761384964,-0.10845726728439331,-0.12496263111375479,0.5574949689638976,-0.7752492301900291,0.2693922180475648,-3.0128619907450402,-0.5907984325992224,1.2861046794311526
9702,945713.5867921392,945713.617332875,right,0.03354121744632721,-0.0048170373775064945,-0.006023915950208902,-0.10850970447063446,0.5544524192810059,0.8251108527183533,-0.12516945600509644,-0.0059251911006867886,-0.09907901287078857,-0.12354268070665576,0.5583623702519708,-0.7751043825886916,0.2686664585159663,-3.0108339506195874,-0.5877046592332974,1.288154446437845
9703,945713.6067921392,945713.633996,right,0.04036926478147507,-0.0063426983542740345,-0.008608781732618809,-0.1089344322681427,0.5523864030838013,0.8264396786689758,-0.09452307224273682,-0.08206918090581894,-0.10599932819604874,-0.12298772397879026,0.5594401947410693,-0.7747557275578936,0.26768290116891263,-3.010536637982214,-0.5852241850127184,1.290324123076429
9704,945713.6267921393,945713.6543496667,right,0.040600426495075226,-0.010357437655329704,-0.0084822503849864,-0.10835014283657074,0.5507059097290039,0.8276371955871582,-0.07023002207279205,-0.13485555350780487,-0.12309901416301727,-0.12306763873530384,0.5607479568308616,-0.7741965099633429,0.2665253122327882,-3.0114181087879928,-0.5832095605579533,1.2928175762537224
9705,945713.6467921393,945713.6761037083,right,0.03275370970368385,-0.014170543290674686,-0.00783473625779152,-0.10720838606357574,0.5493093729019165,0.8287131786346436,-0.05353521555662155,-0.16743655502796173,-0.14770729839801788,-0.1235562402757741,0.562282569187082,-0.7734305468556885,0.2652870406855249,-3.0129400584086334,-0.5815373713217914,1.2957808914423206
9706,945713.6667921393,945713.69412875,right,0.022958140820264816,-0.016124509274959564,-0.0018626658711582422,-0.10604560375213623,0.5482279062271118,0.8295786380767822,-0.03423339128494263,-0.178462952375412,-0.17962807416915894,-0.12425602558507791,0.5640822395212007,-0.7723991665983628,0.26414227925913114,-3.0144516801508106,-0.5802437246723509,1.2995493479538427
9707,945713.6867921393,945713.7367144168,right,0.00924666877835989,-0.01705136150121689,0.005288174841552973,-0.104954294860363,0.5474242568016052,0.8302475810050964,-0.012119272723793983,-0.19456586241722107,-0.19781319797039032,-0.1250931486230918,0.5660820232097948,-0.7711516488691141,0.2631117806788009,-3.01584657824966,-0.5792830956944842,1.3039800422105041
9708,945713.7067921393,945713.7371661251,right,-0.004717718809843063,-0.013552992604672909,0.014369301497936249,-0.10368115454912186,0.5469737648963928,0.830704391002655,0.009090826846659184,-0.21158786118030548,-0.20698203146457672,-0.12616693017888417,0.5681862062644271,-0.7697509563080162,0.2621633606699494,-3.0174238048877267,-0.5787448436741188,1.3087504209456702
9709,945713.7267921394,945713.7703863333,right,-0.015491824597120285,-0.006828104145824909,0.023812612518668175,-0.10237076878547668,0.5467510223388672,0.8310137987136841,0.017685694620013237,-0.21125856041908264,-0.223149836063385,-0.12736789331383597,0.5703808061504682,-0.7682268961430926,0.26128638919319275,-3.0190225460667155,-0.5784787888429623,1.3138378197812215
9710,945713.7467921394,945713.7731005833,right,-0.022060871124267578,-0.0029233216773718596,0.0310708936303854,-0.10150372236967087,0.5465855002403259,0.8312289118766785,0.02286626771092415,-0.1934385746717453,-0.24715347588062286,-0.12844727140121054,0.5726942545143836,-0.7665739690123794,0.26055108796249393,-3.020081577813036,-0.5782811712776816,1.3194502867014297
9711,945713.7667921394,945713.79509525,right,-0.028111794963479042,-0.005373623687773943,0.031267374753952026,-0.10118982940912247,0.5464206337928772,0.8313755393028259,0.02606000378727913,-0.17784784734249115,-0.2599174380302429,-0.12933879699304937,0.5751211861295341,-0.7648027943384326,0.2599686880406319,-3.0204748414751226,-0.578084302520335,1.3255991051950982
9712,945713.7867921394,945713.8181582917,right,-0.02873595431447029,-0.0102744335308671,0.021834079176187515,-0.10101298242807388,0.5463128089904785,0.8314676880836487,0.029869310557842255,-0.18006053566932678,-0.25299060344696045,-0.1301838112188963,0.5775136527133652,-0.7630280171257864,0.2594575918963391,-3.020697722444117,-0.5779555426189449,1.3317497409749939
9713,945713.8067921394,945713.8571080834,right,-0.02405872941017151,-0.01621163822710514,0.00805090181529522,-0.10073082894086838,0.5463237762451172,0.8314949870109558,0.029480595141649246,-0.18338416516780853,-0.24199099838733673,-0.1310973123777685,0.5798512722908117,-0.7612620496570306,0.25897112531641614,-3.0210360635138422,-0.5779686585895701,1.3377728205017367
9714,945713.8267921394,945713.8573700418,right,-0.015066783875226974,-0.020575260743498802,-0.006055366713553667,-0.10050377994775772,0.5463702082633972,0.831492006778717,0.030810032039880753,-0.169539675116539,-0.24770349264144897,-0.1319813370202028,0.5821281335591886,-0.7595214062094483,0.2585246162843706,-3.0213047649700746,-0.5780240491884825,1.343686208333171
9715,945713.8467921395,945713.874405,right,-0.004112078808248043,-0.025710484012961388,-0.020937683060765266,-0.10081419348716736,0.5463507175445557,0.8314670920372009,0.028630942106246948,-0.1361454576253891,-0.2649896442890167,-0.13263335427047895,0.5844317275894911,-0.7577420502151059,0.2582147304959306,-3.020933244657717,-0.5780008151664526,1.3498789242731477
9716,945713.8667921395,945713.8942189168,right,0.008898083120584488,-0.027143066748976707,-0.027986859902739525,-0.10204409807920456,0.5461770296096802,0.8314311504364014,0.0232880637049675,-0.09448730200529099,-0.29261475801467896,-0.13289479742973295,0.5868412302026568,-0.7558656319264762,0.2581150784874279,-3.019470515651214,-0.5777934728495999,1.3566842509985193
9717,945713.8867921395,945713.9192712917,right,0.014023853465914726,-0.022321254014968872,-0.021517876535654068,-0.10418542474508286,0.5459856390953064,0.831291139125824,0.0375060997903347,-0.06408901512622833,-0.3063238263130188,-0.13280857249798034,0.5893120073228048,-0.7538944562440243,0.2582948762771805,-3.0169132801911673,-0.5775649951370506,1.3640370443135266
9718,945713.9067921395,945713.9351255001,right,0.012468945235013962,-0.023540537804365158,-0.02111867628991604,-0.10634221136569977,0.5461981296539307,0.830878496170044,0.06820005923509598,-0.08511953800916672,-0.281376451253891,-0.13283924948203474,0.5916746903959604,-0.7519043908476746,0.25867835123038063,-3.0142972104344814,-0.5778186538487811,1.3712876957558142
9719,945713.9267921395,945713.9716607501,right,0.009843056090176105,-0.026610642671585083,-0.018023855984210968,-0.10723989456892014,0.5470873713493347,0.8301777243614197,0.10781317949295044,-0.14504636824131012,-0.22206605970859528,-0.1335458425684961,0.593770379962966,-0.7500170011456518,0.25899155300505555,-3.0131272016755406,-0.5788806117526458,1.3775945580742606
9720,945713.9467921396,945713.9744492084,right,0.013092872686684132,-0.02143860049545765,-0.004751256667077541,-0.10638920217752457,0.5487223863601685,0.8292076587677002,0.14120198786258698,-0.20603850483894348,-0.17293843626976013,-0.1351195511321705,0.5955168510912756,-0.7483070462579959,0.25911176866950614,-3.0139877406162454,-0.5808350858539555,1.382556620728795
9721,945713.9667921396,945713.99958675,right,0.019828995689749718,-0.01202700287103653,0.0112729761749506,-0.10449257493019104,0.5509681701660156,0.8279585838317871,0.16698014736175537,-0.23064368963241577,-0.16398422420024872,-0.13729560820196202,0.5971069561895965,-0.7466207136509971,0.25917290691338185,-3.0160514815770325,-0.583523789852602,1.3869212207497768
9722,945713.9867921396,945714.0318184167,right,0.023938141763210297,-0.013392936438322067,0.018272722139954567,-0.10254237800836563,0.5536757707595825,0.82639479637146,0.19226722419261932,-0.2355712205171585,-0.183113694190979,-0.13969834932117667,0.5987535824151402,-0.7447761067909845,0.25939735214440085,-3.018139841819907,-0.5867717861091458,1.3916133124111392
9723,945714.0067921396,945714.034820375,right,0.021268943324685097,-0.023350492119789124,0.016190020367503166,-0.10058470815420151,0.5567288994789124,0.8245823383331299,0.2205428034067154,-0.2562711536884308,-0.1912323385477066,-0.14227331818435499,0.6004745739700077,-0.7427794904082757,0.25974450202882055,-3.0202099048900166,-0.5904426664546423,1.3966574752539151
9724,945714.0267921396,945714.0706258334,right,0.016973203048110008,-0.03660589084029198,0.0153250927105546,-0.09813398867845535,0.5601633191108704,0.822549045085907,0.24647283554077148,-0.2985021471977234,-0.18771806359291077,-0.14522751418892707,0.6022644265156447,-0.740642972307948,0.2600662383009508,-3.022849379078715,-0.5945827908058866,1.4018513265786687
9725,945714.0467921396,945714.0748790418,right,0.013537971302866936,-0.04617210850119591,0.019822459667921066,-0.09490013867616653,0.5640373826026917,0.8202778697013855,0.272555947303772,-0.3465021252632141,-0.1859574019908905,-0.14869915507940232,0.6041169761131805,-0.7383640836403342,0.26028749704115367,-3.026412237677978,-0.5992668735095157,1.4070791750235614
9726,945714.0667921397,945714.1066200001,right,0.010106772184371948,-0.05405270680785179,0.02422555349767208,-0.09091327339410782,0.5681840181350708,0.8178642392158508,0.2845613658428192,-0.3969373106956482,-0.19346202909946442,-0.152627728220793,0.6060762850687179,-0.7359372126658827,0.26033187088471116,-3.030887955811428,-0.6042972419521428,1.4124030931095277
9727,945714.0867921397,945714.1325565,right,0.008899458684027195,-0.0567036047577858,0.028724242001771927,-0.08623867481946945,0.5724226236343384,0.8154112696647644,0.28067538142204285,-0.44497448205947876,-0.20787084102630615,-0.1569366050593829,0.6081997661422703,-0.7333475236617503,0.26012558187811236,-3.0362235939536095,-0.6094572546729656,1.4179312691891304
9728,945714.1067921397,945714.1347109583,right,0.011092289350926876,-0.04833695665001869,0.03565558046102524,-0.08125675469636917,0.5764303803443909,0.8130963444709778,0.2632046341896057,-0.47182124853134155,-0.23844276368618011,-0.16138280233424873,0.6105951722824923,-0.7305625360314945,0.25962949595566287,-3.041988589930621,-0.6143534122091081,1.423989607887662
9729,945714.1267921397,945714.1562843334,right,0.01705041527748108,-0.03671715781092644,0.03939121961593628,-0.0765971764922142,0.5799581408500671,0.8110374212265015,0.2301994413137436,-0.47285062074661255,-0.29255080223083496,-0.16564900479020753,0.6133607987379569,-0.7275349862095568,0.25892418319031,-3.0474287056124636,-0.6186771530945449,1.431025272315227
9730,945714.1467921397,945714.1991048751,right,0.02033654972910881,-0.02172160893678665,0.03970654308795929,-0.07277826219797134,0.5827734470367432,0.8093689680099487,0.18950292468070984,-0.4654098153114319,-0.34836530685424805,-0.169463660690938,0.6165864944146485,-0.724227510095974,0.2580648257139382,-3.051914276672494,-0.622137259087204,1.43942845609406
9731,945714.1667921398,945714.1992524584,right,0.023656662553548813,-0.006743998266756535,0.04006892442703247,-0.06899353116750717,0.5856067538261414,0.8076538443565369,0.14880642294883728,-0.45796895027160645,-0.40417978167533875,-0.17327215063942447,0.6197896338003038,-0.7208936437699749,0.2571960860118031,-3.0563751119899703,-0.6256282102559416,1.4478336706696913
9732,945714.1867921398,945714.1997892917,right,0.006484051235020161,0.004940950311720371,0.03516553342342377,-0.06615933030843735,0.5871961116790771,0.8067364692687988,0.11676164716482162,-0.48457837104797363,-0.3882964551448822,-0.17641063509423058,0.6236104420452038,-0.7172713293831816,0.2559512417308008,-3.0597673606120903,-0.6275903711987575,1.4578892745660061
9733,945714.2067921398,945714.2173825834,right,0.0036445281002670527,0.012729492038488388,0.04627720266580582,-0.06247769296169281,0.5882523059844971,0.8062602877616882,0.08328983187675476,-0.5203890204429626,-0.3743848204612732,-0.17966535489018295,0.6274760602616674,-0.7137253405794317,0.2541459095323153,-3.064256684541388,-0.6288957935578061,1.467521917323552
9734,945714.2267921398,945714.2363106668,right,0.02369755133986473,0.02522030472755432,0.06755831092596054,-0.058500539511442184,0.5888856053352356,0.8060962557792664,0.06735971570014954,-0.5100609660148621,-0.3848431706428528,-0.1828438542485856,0.6313347014466373,-0.7102566717657306,0.2520315251545896,-3.0691472190486744,-0.629679165767362,1.4768799486531947
9735,945714.2467921398,945714.2776208334,right,0.02824028581380844,0.019642602652311325,0.05777541175484657,-0.05479658022522926,0.5893474221229553,0.8060191869735718,0.046948786824941635,-0.5095065832138062,-0.39428457617759705,-0.18586748848339557,0.6352869581577949,-0.7066965374117662,0.24988724892580488,-3.0737130987187893,-0.6302506727113664,1.4866080425359691
9736,945714.2667921399,945714.2777401251,right,0.030229544267058372,0.008086685091257095,0.028368521481752396,-0.05101031810045242,0.5894484519958496,0.8061938881874084,0.030361277982592583,-0.5292297601699829,-0.3964327871799469,-0.18876977009829587,0.6392799128409212,-0.7031486582917357,0.2475258111010079,-3.078404081675774,-0.6303757445607031,1.496323087408071
9737,945714.2867921399,945714.2999487501,right,0.03733012080192566,0.0017107524909079075,0.009264228865504265,-0.0470280796289444,0.589776337146759,0.8061962127685547,0.042435601353645325,-0.5439944267272949,-0.3880634605884552,-0.1918346888387425,0.6432727695846633,-0.6994985036829191,0.24515576373042883,-3.083325601383318,-0.6307817371479773,1.506115587969105
9738,945714.3067921399,945714.3264472084,right,0.04543157294392586,-0.005686669610440731,-0.012472379952669144,-0.04250422492623329,0.5904159545898438,0.8059794306755066,0.06902411580085754,-0.5639756917953491,-0.35545435547828674,-0.19517894954481074,0.6471140298928569,-0.6958685692901903,0.24272525485186042,-3.088905558586874,-0.6315739528060105,1.515439340043945
9739,945714.3267921399,945714.3363822084,right,0.049856387078762054,-0.0016014404827728868,-0.02746594324707985,-0.03690337389707565,0.5913359522819519,0.8055803179740906,0.0962369367480278,-0.5967217087745667,-0.3095099925994873,-0.19894230823758088,0.6506597291282914,-0.6924102589815347,0.2400660197515671,-3.0958151933112648,-0.6327143403275486,1.5236319417971294
9740,945714.3467921399,945714.3701270834,right,0.04751143604516983,0.011805186979472637,-0.028158146888017654,-0.0305152777582407,0.5927321314811707,0.8048213720321655,0.11860667914152145,-0.6087911128997803,-0.27439990639686584,-0.20310937954909053,0.6539254748581311,-0.6890515729610722,0.23735179575549017,-3.10369543266186,-0.634446791817177,1.5309407140478342
9741,945714.36679214,945714.4004496668,right,0.04271864518523216,0.024011055007576942,-0.03277624398469925,-0.02398465760052204,0.5944374203681946,0.8037844896316528,0.1188916340470314,-0.5909874439239502,-0.2755381166934967,-0.20739789765334038,0.6570047374231912,-0.6857382326959107,0.23472114833352,-3.1117620602395553,-0.6365657570985221,1.5378340955421974
9742,945714.38679214,945714.4008807084,right,0.02652742713689804,0.035904303193092346,-0.03373744338750839,-0.018509196117520332,0.5961992740631104,0.802623450756073,0.10875005275011063,-0.5305867791175842,-0.32418403029441833,-0.211326188573434,0.6601322014981473,-0.6823028002230438,0.23244277066497765,-3.118536088751969,-0.6387584642859885,1.5453940687303238
9743,945714.40679214,945714.4403098751,right,0.0008500467520207167,0.05451345071196556,-0.016044966876506805,-0.0147186778485775,0.5978570580482483,0.8014674186706543,0.10299704968929291,-0.44902536273002625,-0.36670926213264465,-0.21461573244333107,0.6633907574376041,-0.6787092972645471,0.23066486826094143,-3.123230276572213,-0.6408250010412905,1.5540630106458446
9744,945714.42679214,945714.4405964167,right,-0.03156740590929985,0.0782078430056572,-0.002295727375894785,-0.012548627331852913,0.5992075204849243,0.8004952073097229,0.09060857445001602,-0.37734290957450867,-0.3994012773036957,-0.21719515148437907,0.6667631759307598,-0.6750365801509346,0.2293001496117111,-3.1259180782572966,-0.6425107709759299,1.563680774687422
9745,945714.44679214,945714.4564756667,right,-0.06753277778625488,0.09193750470876694,0.0009622366051189601,-0.012197719886898994,0.6008098721504211,0.7992990612983704,0.10699853301048279,-0.2798866033554077,-0.4080910384654999,-0.21916576842244906,0.6699858496315475,-0.6713928779874591,0.2287288694498864,-3.126333538918683,-0.644513737261074,1.5737934452702442
9746,945714.46679214,945714.4765829584,right,-0.08581539243459702,0.08775847405195236,-0.012704959139227867,-0.013225877657532692,0.6027458906173706,0.7978233098983765,0.12160933017730713,-0.19742698967456818,-0.3839511573314667,-0.2206972096742169,0.6729334491077228,-0.667886320617019,0.2288688367023137,-3.1250169428757437,-0.6469377940147331,1.5838814366721325
9747,945714.4867921401,945714.5181181667,right,-0.09779137372970581,0.0783475786447525,-0.015205349773168564,-0.014994845725595951,0.6049647927284241,0.7961108684539795,0.1535438746213913,-0.12781047821044922,-0.33782076835632324,-0.2219376563449253,0.6753986066368253,-0.66474962762901,0.22953897908891807,-3.1227599813425377,-0.6497214956438593,1.5930308688988972
9748,945714.5067921401,945714.5182224168,right,-0.10319606214761734,0.07144023478031158,-0.009664570912718773,-0.017328975722193718,0.6075101494789124,0.7941226363182068,0.1803739070892334,-0.0608205609023571,-0.2948589026927948,-0.22295837326406592,0.6773332754561722,-0.6620278312077672,0.23071219328435127,-3.119774802637967,-0.6529220764085246,1.6010371318632497
9749,945714.5267921401,945714.5364065417,right,-0.11553769558668137,0.0800216868519783,0.012448446825146675,-0.020479336380958557,0.6105281710624695,0.7917293310165405,0.21636754274368286,0.009217736311256886,-0.28262996673583984,-0.22377898965053786,0.6788526994993871,-0.6595631772888053,0.2325039853466166,-3.1157320572115035,-0.656727188186829,1.608429449585128
9750,945714.5467921401,945714.5796218334,right,-0.18184329569339752,0.08662822842597961,0.025483662262558937,-0.023861363530158997,0.614196240901947,0.7887927293777466,0.2551550269126892,-0.011362253688275814,-0.22988271713256836,-0.22473010072008642,0.6800395463221587,-0.6572233200479916,0.23473407444934505,-3.1113516139647714,-0.6613669097741196,1.6152988682028138
9751,945714.5667921401,945714.5805280834,right,-0.2910095453262329,0.07918531447649002,0.04673754796385765,-0.025733597576618195,0.6181454062461853,0.7856422662734985,0.24078981578350067,-0.08090601861476898,-0.18401287496089935,-0.22628760521997035,0.680950068950435,-0.6550786582260629,0.23658546407496042,-3.1088497316270125,-0.666381027263572,1.6208530732276574
9752,945714.5867921402,945714.6052797501,right,-0.3859822154045105,0.06897196918725967,0.11230505257844925,-0.027811681851744652,0.6213774681091309,0.7830177545547485,0.15199334919452667,0.00490351440384984,-0.3259463310241699,-0.22753557290249327,0.6821244282160213,-0.6528514627266626,0.2381569608644061,-3.1060892189124485,-0.6704994453399857,1.6270152273772442
9753,945714.6067921402,945714.635156,right,-0.45870593190193176,0.07371202111244202,0.2560051679611206,-0.036593154072761536,0.622760534286499,0.7815563082695007,0.03750305622816086,0.3741079568862915,-0.6815449595451355,-0.22598616494015675,0.6846596301452762,-0.6496300766240752,0.24114740798865061,-3.094806162927156,-0.6722658662650827,1.6396402011920546
9754,945714.6267921402,945714.6382764167,right,-0.5493585467338562,0.07769548892974854,0.4009022116661072,-0.05744366720318794,0.6217502951622009,0.7811058163642883,-0.029470812529325485,0.8705834746360779,-1.072273850440979,-0.21968319604022274,0.6889056217107203,-0.6449510505877566,0.24735847983512643,-3.0681835603199867,-0.6709753606931599,1.6622836433324741
9755,945714.6467921402,945714.6575095,right,-0.7308191061019897,0.035028766840696335,0.47731757164001465,-0.08733460307121277,0.6194499135017395,0.7801628708839417,-0.028405435383319855,1.063721776008606,-1.1884695291519165,-0.21010443227072761,0.6939119297236028,-0.6391929185554072,0.2564655019949348,-3.030112930251815,-0.6680416620535959,1.6915639530781255
9756,945714.6667921402,945714.6872777501,right,-0.9123777747154236,-0.049676019698381424,0.5000727772712708,-0.11640280485153198,0.6170961856842041,0.7782303690910339,0.03360842540860176,0.873594343662262,-0.9982175230979919,-0.20089805325244434,0.6984092525081732,-0.633513688909179,0.26556488404669554,-2.9931198438881705,-0.66504697451182,1.7195232426572362
9757,945714.6867921402,945714.7012588334,right,-0.9764914512634277,-0.1050533801317215,0.513236403465271,-0.13935714960098267,0.6158270835876465,0.7754588723182678,0.08614034205675125,0.6671438813209534,-0.8538178205490112,-0.19415966598168302,0.7019846082048773,-0.6284480559935269,0.27307968789292636,-2.9637815485430545,-0.6634351767753726,1.7426178361192148
9758,945714.7067921403,945714.7173165417,right,-0.8997215032577515,-0.09157845377922058,0.5379538536071777,-0.16187255084514618,0.6141579151153564,0.7724036574363708,0.025172362104058266,0.8432912230491638,-1.0375289916992188,-0.1875982582557787,0.7056284447620658,-0.6231293958663886,0.28036591610186795,-2.935012640256267,-0.6613183717351501,1.7659459320710418
9759,945714.7267921403,945714.7423651251,right,-0.7513948082923889,-0.03521052747964859,0.5703787207603455,-0.19410447776317596,0.608364462852478,0.7695558667182922,-0.23751327395439148,1.3853002786636353,-1.5210622549057007,-0.17662987637614175,0.7104547242330298,-0.6164673094416797,0.2898688354051936,-2.894517200330742,-0.6539980991503095,1.796403394926383
9760,945714.7467921403,945714.7573910417,right,-0.6140584349632263,0.053450584411621094,0.6376869678497314,-0.24308118224143982,0.5943418741226196,0.7665961980819702,-0.5522375702857971,2.1571242809295654,-2.1018550395965576,-0.1576036783895279,0.7169786738276521,-0.6076508712527733,0.3030892092533166,-2.834530387621406,-0.636446956591535,1.8373585669060968
9761,945714.7667921403,945714.7897593334,right,-0.5385571718215942,0.10548606514930725,0.6729999780654907,-0.30821675062179565,0.5703195929527283,0.761405348777771,-0.8963738083839417,2.739736557006836,-2.547426223754883,-0.13014629808839806,0.7243861447426081,-0.5966299600688229,0.3199363321877565,-2.7569555343940295,-0.6068948257451715,1.8854106677360896
9762,945714.7867921403,945714.8045410834,right,-0.5281448364257812,0.16597744822502136,0.7165494561195374,-0.38085830211639404,0.5363042950630188,0.7532097101211548,-1.1437277793884277,2.9445180892944336,-2.6833748817443848,-0.09692640895298417,0.7316931128648377,-0.58414891640948,0.3376395097971257,-2.6734377070417445,-0.5660522992325819,1.9325975963238526
9763,945714.8067921404,945714.81736025,right,-0.5122734308242798,0.2311437875032425,0.7476012706756592,-0.451592355966568,0.49511978030204773,0.742240309715271,-1.3540301322937012,2.837312698364258,-2.594503402709961,-0.0616470335976593,0.7380339965474803,-0.571336945890385,0.3536656804611928,-2.5950065709357086,-0.5179726591327016,1.9723100860994573
9764,945714.8267921404,945714.837206125,right,-0.43025824427604675,0.3239349126815796,0.764805257320404,-0.5154997706413269,0.44983208179473877,0.7293224930763245,-1.5028884410858154,2.6528875827789307,-2.3914222717285156,-0.02650751217139,0.7428585931057179,-0.5593051832313065,0.36692793493037035,-2.5263042182168105,-0.4665772891928301,2.001581429644487
9765,945714.8467921404,945714.8623222084,right,-0.31176307797431946,0.40014925599098206,0.7325015068054199,-0.5724220871925354,0.4024263918399811,0.714413046836853,-1.626634120941162,2.5247302055358887,-2.2033488750457764,0.007944335678286545,0.7460499470322625,-0.5482845400646051,0.3777966516256148,-2.466091256118472,-0.41416578271154375,2.021344155575966
9766,945714.8667921404,945714.8795579583,right,-0.19662879407405853,0.46715569496154785,0.6829147338867188,-0.6241937875747681,0.3525649309158325,0.6971942782402039,-1.7805390357971191,2.4994943141937256,-2.16038179397583,0.04249081327671692,0.7478187814674514,-0.5379258003602266,0.38677804775044283,-2.411383796883232,-0.360310620889412,2.033444975249015
9767,945714.8867921404,945714.8996434167,right,-0.05938886106014252,0.5367467999458313,0.6665410399436951,-0.673622727394104,0.29857632517814636,0.6760805249214172,-1.9188729524612427,2.6093266010284424,-2.269838809967041,0.07852077213034818,0.7484563729972126,-0.5271179017755611,0.3947077898080905,-2.358015569210943,-0.3032006016246097,2.040483929829009
9768,945714.9067921404,945714.9312759584,right,0.05409740284085274,0.5959718823432922,0.6426759362220764,-0.7215701341629028,0.2394208461046219,0.6496265530586243,-2.027587413787842,2.715634346008301,-2.4075241088867188,0.11664535965969762,0.7481238252205417,-0.5149019017392504,0.4019709470146116,-2.303774894354468,-0.24176932373342763,2.0440628873974793
9769,945714.9267921405,945714.9373415001,right,0.1470482051372528,0.6513059735298157,0.6264891028404236,-0.7661604285240173,0.1772313117980957,0.6177276372909546,-2.0349483489990234,2.709704875946045,-2.418978214263916,0.15565565419882085,0.7466468660927496,-0.5013803421623655,0.4085431034565184,-2.2493452633310893,-0.17817254885674758,2.04428829622547
9770,945714.9467921405,945714.9695034584,right,0.23005296289920807,0.6869779825210571,0.5935564637184143,-0.8049151301383972,0.1163518950343132,0.5818706750869751,-1.901787281036377,2.577388286590576,-2.2699718475341797,0.19326184054137976,0.7439277307416282,-0.4873467327270482,0.41438424580757566,-2.196724717777331,-0.11661606825507682,2.0413332709874545
9771,945714.9667921405,945714.9946408333,right,0.29595208168029785,0.6843582987785339,0.5346641540527344,-0.8366578817367554,0.0608050562441349,0.5443400144577026,-1.682180404663086,2.3682472705841064,-2.0377604961395264,0.2274242777257437,0.7401944615925466,-0.47358435506915286,0.4196522501957377,-2.147602011186569,-0.06084263010326947,2.0362433459559504
9772,945714.9867921405,945714.9989159583,right,0.38244590163230896,0.6745995879173279,0.46573585271835327,-0.8621989488601685,0.011672433465719223,0.5064351558685303,-1.4373059272766113,2.239672899246216,-1.8321644067764282,0.25774216333740735,0.735766376802831,-0.46028839095041074,0.42467779577844106,-2.1018820020464655,-0.011672748319070217,2.0302261310524177
9773,945715.0067921405,945715.0264065834,right,0.4915710389614105,0.6573734879493713,0.36159583926200867,-0.883560836315155,-0.03292933478951454,0.4671575129032135,-1.2812445163726807,2.249518394470215,-1.7555502653121948,0.28550155698306606,0.7306903042883751,-0.4468449720562263,0.4300117305822412,-2.057156229215632,0.03293523360271223,2.024029212829296
9774,945715.0267921406,945715.0424178333,right,0.5971811413764954,0.6378001570701599,0.24016152322292328,-0.901977002620697,-0.07619576156139374,0.4250076413154602,-1.2494049072265625,2.323568105697632,-1.776010513305664,0.3125471329856982,0.7248466100165512,-0.4325519635778946,0.4356722312557819,-2.0111361351565558,0.07626962402077445,2.0171517074326384
9775,945715.0467921406,945715.0623783334,right,0.6892893314361572,0.5970941781997681,0.12693633139133453,-0.9174672961235046,-0.11774473637342453,0.3799867331981659,-1.28421151638031,2.331294059753418,-1.7007129192352295,0.33911398331772796,0.7178557495836732,-0.4179431565733813,0.44159733955784997,-1.9634576328222755,0.1180184497206748,2.008208652334986
9776,945715.0667921406,945715.0862043333,right,0.7671633958816528,0.5609220266342163,0.013884609565138817,-0.9295153021812439,-0.15635553002357483,0.3339970111846924,-1.2848049402236938,2.2461495399475098,-1.4966576099395752,0.3647877369420672,0.7096922256970093,-0.40414780184428756,0.447136640317865,-1.9157532520458505,0.1569996446115381,1.9957285481458191
9777,945715.0867921406,945715.1034019584,right,0.8139969110488892,0.5256254076957703,-0.0631936639547348,-0.938268780708313,-0.1896243393421173,0.2892994284629822,-1.2757441997528076,2.0448319911956787,-1.1844500303268433,0.38850303225202953,0.7005523945133438,-0.39227038645020196,0.45212333540897487,-1.8698806701400676,0.19077945743638577,1.9796873873623781
9778,945715.1067921406,945715.1512994167,right,0.8679486513137817,0.49300047755241394,-0.09784924983978271,-0.9443833231925964,-0.21245115995407104,0.25100675225257874,-1.1571598052978516,1.7865123748779297,-0.8793610334396362,0.4076014553390309,0.6911552416465438,-0.3844578221354742,0.4564618680663287,-1.8305792541607209,0.2140826336152602,1.9614567141074966
9779,945715.1267921407,945715.1513490834,right,0.9201310276985168,0.4595548212528229,-0.1317894011735916,-0.948728621006012,-0.23445746302604675,0.2119988352060318,-1.0385754108428955,1.5281928777694702,-0.574272096157074,0.426482706848194,0.6813898263199517,-0.3764403430288444,0.4605571112967427,-1.7906404711828958,0.2366603738269478,1.9422024764301222
9780,945715.1467921407,945715.1621126251,right,0.9949068427085876,0.4281403422355652,-0.1809363216161728,-0.9522019028663635,-0.2463058978319168,0.1806795597076416,-0.8321793675422668,1.254164457321167,-0.24061192572116852,0.4402108729401925,0.6723150219850167,-0.37193051112473646,0.4646229845533175,-1.7583162720689889,0.24886680836254585,1.9245665718304465
9781,945715.1667921407,945715.1785350417,right,1.016983985900879,0.4038843810558319,-0.21140199899673462,-0.9555141925811768,-0.2504173517227173,0.1558321714401245,-0.6009330153465271,0.9635211229324341,0.08022529631853104,0.44958798609895523,0.664221228492711,-0.3697651496707956,0.46899292597951386,-1.7324603743666833,0.25311125433970977,1.9101685594993336
9782,945715.1867921407,945715.2224371667,right,1.0353360176086426,0.3787475526332855,-0.22121085226535797,-0.9590467810630798,-0.24738970398902893,0.137940913438797,-0.3288153409957886,0.6519635319709778,0.383700966835022,0.454567059450509,0.65745184544638,-0.36976688102615013,0.4737069133226292,-1.7136479488635583,0.24998523012282514,1.9000457108864737
9783,945715.2067921407,945715.2232070417,right,1.0563167333602905,0.358273983001709,-0.24187587201595306,-0.9629428386688232,-0.23773688077926636,0.12736603617668152,-0.05799270421266556,0.35610291361808777,0.6479663848876953,0.45512777099115664,0.6522591575488602,-0.3718077837629509,0.4787227539279575,-1.7023005484057725,0.2400352033369551,1.8947980777650262
9784,945715.2267921407,945715.2388265834,right,1.0888307094573975,0.32798153162002563,-0.25047987699508667,-0.9669636487960815,-0.22322428226470947,0.12309328466653824,0.2091130018234253,0.13561305403709412,0.810810387134552,0.45196926778995367,0.6486689174211098,-0.3752003442825102,0.48391826996000387,-1.6974141401176464,0.22512091558752834,1.8943297187020427
9785,945715.2467921408,945715.2763118334,right,1.1108627319335938,0.30016934871673584,-0.25384730100631714,-0.9707605242729187,-0.20587573945522308,0.12344713509082794,0.4437800943851471,-0.02387358993291855,0.8793516755104065,0.4458516989726822,0.6466931123329586,-0.3788292576926083,0.4893797830134868,-1.6972828774269084,0.20735847845320104,1.8989689435121657
9786,945715.2667921408,945715.2786788751,right,1.11455500125885,0.2726702094078064,-0.25680139660835266,-0.9740707874298096,-0.18683019280433655,0.1275949627161026,0.6996102333068848,-0.1888124793767929,0.9339513778686523,0.437256161363098,0.6463081334304218,-0.38220845270367865,0.49498419251785497,-1.7010462670234892,0.18793447809957628,1.9084565031645284
9787,945715.2867921408,945715.3001982918,right,1.0832479000091553,0.23753485083580017,-0.2526024281978607,-0.9767323136329651,-0.16522835195064545,0.13672415912151337,0.9658329486846924,-0.4576428532600403,1.0634350776672363,0.42570311684714096,0.6476600865337424,-0.3858736947032181,0.5004144340974455,-1.7098738790348802,0.1659894903377456,1.9224932687958631
9788,945715.3067921408,945715.3299199167,right,1.034802794456482,0.20338906347751617,-0.22448109090328217,-0.9784190654754639,-0.1394406408071518,0.1524876356124878,1.2149814367294312,-0.8075558543205261,1.25527024269104,0.41041926034751836,0.6508564159794452,-0.39067858759549834,0.5052841876673515,-1.725403648973741,0.1398964652521294,1.9405469988716226
9789,945715.3267921408,945715.3460889584,right,0.9873866438865662,0.168836310505867,-0.2077663093805313,-0.9785075783729553,-0.10869528353214264,0.17523831129074097,1.3836402893066406,-1.175473928451538,1.430523157119751,0.3911292263686781,0.6558009835192782,-0.3969184307692198,0.5093119874726681,-1.7480051597416075,0.10891041174058044,1.9618966568898342
9790,945715.3467921409,945715.3588448334,right,0.9504902362823486,0.14131487905979156,-0.19482451677322388,-0.9762360453605652,-0.07385513186454773,0.20373669266700745,1.502038836479187,-1.472412109375,1.5386414527893066,0.3685179658741353,0.6621219049049887,-0.4043055067297619,0.5121777342469727,-1.776539464138578,0.07392238500547597,1.9851106563633807
9791,945715.3667921409,945715.388572375,right,0.8873181939125061,0.13402672111988068,-0.15645237267017365,-0.9709797501564026,-0.036524392664432526,0.23635688424110413,1.5638868808746338,-1.7085027694702148,1.60124671459198,0.34366998849726194,0.6693950802045976,-0.4124180847925897,0.5135294432118802,-1.8095735415834737,0.03653246574404676,2.0085293903684853
9792,945715.3867921409,945715.4248592501,right,0.8181880116462708,0.13795627653598785,-0.0977834016084671,-0.9623552560806274,0.002760626608505845,0.27178114652633667,1.5854202508926392,-1.889298915863037,1.6240308284759521,0.31721511358409415,0.6771423424807385,-0.4211517892075594,0.5133069102323604,-1.8460407842396174,-0.0027606806553590584,2.0308689366524977
9793,945715.4067921409,945715.4256209168,right,0.747715175151825,0.1400732547044754,-0.07021128386259079,-0.950318455696106,0.04237540811300278,0.3083817660808563,1.4971778392791748,-1.9975396394729614,1.5544275045394897,0.29013052885488877,0.6850520342423223,-0.42999371870438213,0.5115010462430216,-1.8845792542640742,-0.042388148394918085,2.0513548388239156
9794,945715.4267921409,945715.4451146667,right,0.6812686920166016,0.16248278319835663,-0.01262589916586876,-0.935332179069519,0.0795256569981575,0.34471678733825684,1.3471239805221558,-2.0225157737731934,1.3949211835861206,0.26403279793489226,0.6928703569827668,-0.43850776271385195,0.5078663831458188,-1.923900411313151,-0.07960976897331941,2.068612108253132
9795,945715.446792141,945715.4633497917,right,0.588871419429779,0.1938333511352539,0.07580658793449402,-0.9180634021759033,0.11314801871776581,0.3799440562725067,1.1901345252990723,-2.032027006149292,1.2539154291152954,0.23955762388440743,0.7004909086167789,-0.44641293459793263,0.5026332157530489,-1.9631883693419956,-0.11339089347295643,2.082657511415039
9796,945715.466792141,945715.4849599584,right,0.48817408084869385,0.22014079988002777,0.1343403160572052,-0.898658812046051,0.14393509924411774,0.41436147689819336,1.050755500793457,-2.07328462600708,1.1792539358139038,0.21645932622726624,0.7078291384292578,-0.45404694776910676,0.49594824846032426,-2.002833349773508,-0.1444368232977209,2.0934384647329143
9797,945715.486792141,945715.5362913334,right,0.3816041052341461,0.2260921597480774,0.1830509901046753,-0.8754068613052368,0.17329265177249908,0.45125672221183777,0.9337928295135498,-2.257481575012207,1.2333061695098877,0.19371379611594353,0.7152051765545783,-0.46272010514394,0.48666883311168263,-2.046752953273035,-0.17417196275797772,2.099437933381127
9798,945715.506792141,945715.5363447918,right,0.272705614566803,0.23197001218795776,0.2333974391222,-0.8498265147209167,0.20272380113601685,0.4865161180496216,0.8168300986289978,-2.441678524017334,1.2873584032058716,0.1708262991943749,0.722056822129878,-0.47105411580575013,0.4770326942397074,-2.0907413594552757,-0.20413871965804353,2.1041327864077184
9799,945715.526792141,945715.5394484167,right,0.19550922513008118,0.25412294268608093,0.3257018029689789,-0.818660318851471,0.23293279111385345,0.5249167680740356,0.7663608193397522,-2.6132607460021973,1.363413691520691,0.14679923843576576,0.7288767695711884,-0.48082951273155355,0.4647488602538807,-2.1409533215474896,-0.23509238130602575,2.1042300446952025
9800,945715.546792141,945715.5706277083,right,0.10376466810703278,0.25530946254730225,0.36992067098617554,-0.7827308177947998,0.2632846534252167,0.5639268755912781,0.7143784165382385,-2.7157669067382812,1.405626654624939,0.12201721234041256,0.7353514887513621,-0.49114315448999873,0.45071967017687975,-2.19512288125321,-0.26642544067682183,2.1008960341651433
9801,945715.5667921411,945715.5950163751,right,0.01457522064447403,0.24026258289813995,0.37680378556251526,-0.7429916858673096,0.2924376428127289,0.6020327806472778,0.595528781414032,-2.742604970932007,1.3736696243286133,0.09728316529689325,0.7412761057719307,-0.5015237633350775,0.4353383358406829,-2.2517754942906127,-0.29677495204809873,2.0942469510389574
9802,945715.5867921411,945715.5996382084,right,-0.0011321218917146325,0.27016401290893555,0.4427177608013153,-0.7021986842155457,0.31789910793304443,0.6370691657066345,0.5322204232215881,-2.5413894653320312,1.1821542978286743,0.07418627025948495,0.7466247288686295,-0.5109658019264811,0.4194779147408521,-2.307602167455584,-0.32351284562379223,2.085597758389567
9803,945715.6067921411,945715.6260419583,right,-0.08585794270038605,0.2738370895385742,0.48194965720176697,-0.6631096005439758,0.3397082984447479,0.6669960618019104,0.5109426975250244,-2.3545374870300293,1.0461571216583252,0.05323701263254093,0.7512876219726249,-0.5187146502234014,0.4045585984205692,-2.35911649639511,-0.3466067643293062,2.077213211583558
9804,945715.6267921411,945715.6425736668,right,-0.20937351882457733,0.24519148468971252,0.4785767197608948,-0.6237228512763977,0.36004605889320374,0.6937842965126038,0.4649861454963684,-2.3529984951019287,1.0634154081344604,0.03305131067493042,0.7552985439835803,-0.5257529869590831,0.3898915261626946,-2.4093218075288374,-0.368317259004002,2.06800146922846
9805,945715.6467921411,945715.6650515418,right,-0.20507897436618805,0.2864593267440796,0.5422330498695374,-0.5831550359725952,0.3794020414352417,0.7183203101158142,0.49813368916511536,-2.2296555042266846,1.0417590141296387,0.013239937824282854,0.7586299176098297,-0.5325793279997004,0.37505254496030466,-2.45967903460153,-0.3891499283029354,2.0570389851243465
9806,945715.6667921412,945715.6901191251,right,-0.23863720893859863,0.28766679763793945,0.5804653167724609,-0.5440877676010132,0.3984990119934082,0.7383540868759155,0.5654792785644531,-2.048544406890869,1.0147391557693481,-0.0059147722629203404,0.7610450753329134,-0.5385047594518436,0.36164599763288363,-2.506533217350617,-0.40987970334018065,2.046407574028406
9807,945715.6867921412,945715.7240460834,right,-0.3241429328918457,0.2395062893629074,0.5252021551132202,-0.5054365992546082,0.41776371002197266,0.7549883127212524,0.5674341320991516,-1.985323190689087,1.0758899450302124,-0.02478608485813307,0.7624843701895682,-0.5441614518752664,0.3491295532871784,-2.5516568759604104,-0.430982537304325,2.034726150284454
9808,945715.7067921412,945715.7244270417,right,-0.32356223464012146,0.24048523604869843,0.4864240288734436,-0.46668699383735657,0.4364434778690338,0.7692336440086365,0.5157598257064819,-1.8493866920471191,1.0731040239334106,-0.043168098978886515,0.763021816395195,-0.5499222404876065,0.336926773413742,-2.596268100371059,-0.45164197065621003,2.0209094926053206
9809,945715.7267921412,945715.7499819167,right,-0.3215858042240143,0.24709691107273102,0.492557168006897,-0.4304819703102112,0.4540122449398041,0.7801015973091125,0.48932355642318726,-1.649916410446167,1.0229440927505493,-0.060244998285880376,0.7627060994867633,-0.5552748113985793,0.3260671604682422,-2.6373471130991426,-0.47126327246412647,2.0065464973593614
9810,945715.7467921412,945715.762086375,right,-0.3835030496120453,0.1958359181880951,0.4921131134033203,-0.39611873030662537,0.4704248607158661,0.7885370850563049,0.5107961893081665,-1.5589032173156738,1.026148796081543,-0.07627216996421483,0.7617888338607829,-0.5603090604000908,0.3160918576867715,-2.6760698632189306,-0.48977215223548815,1.991601232164641
9811,945715.7667921413,945715.7801429167,right,-0.41224566102027893,0.1592680811882019,0.44366830587387085,-0.36201709508895874,0.4867701530456543,0.7949831485748291,0.5210014581680298,-1.4817975759506226,1.0396300554275513,-0.09213602308692746,0.7601954324251486,-0.5653268061266762,0.3066256273898899,-2.714276314609088,-0.508388448721562,1.9753549581847116
9812,945715.7867921413,945715.8050939584,right,-0.38884422183036804,0.14715582132339478,0.4033949077129364,-0.32967042922973633,0.5021764039993286,0.7994598746299744,0.5353165864944458,-1.3154733180999756,0.9633448719978333,-0.10716401930564809,0.7581877087593598,-0.5699835554300912,0.29796953541553123,-2.7504713611398124,-0.5261136421986101,1.9589157370977341
9813,945715.8067921413,945715.8260774168,right,-0.3983970880508423,0.12204071879386902,0.38677090406417847,-0.30044713616371155,0.5159111022949219,0.8022263646125793,0.5059219598770142,-1.174303412437439,0.849980890750885,-0.12076559173101133,0.7561109444071096,-0.5739419286893099,0.29034878528999336,-2.7832459757761074,-0.5420708276846959,1.9435992820757002
9814,945715.8267921413,945715.84102475,right,-0.4188491404056549,0.0796954482793808,0.37585943937301636,-0.2739330232143402,0.527986466884613,0.803860068321228,0.4657468795776367,-1.076757788658142,0.749782145023346,-0.1330979471359939,0.7541835332504383,-0.5771803392549067,0.28346937077134526,-2.813162435068169,-0.5562278526804966,1.9296963625628203
9815,945715.8467921413,945715.8821600417,right,-0.41354912519454956,0.03973837196826935,0.3022564649581909,-0.2501148283481598,0.5388612151145935,0.8044073581695557,0.4110446572303772,-0.9581786394119263,0.6395516395568848,-0.14432452786791286,0.7523795772099292,-0.5797659632595623,0.2774287875025148,-2.8401384279380375,-0.5690846526671681,1.9172959628943276
9816,945715.8667921413,945715.8831127917,right,-0.3805745244026184,0.0162150040268898,0.23797698318958282,-0.22938919067382812,0.5478658080101013,0.8045020699501038,0.36712679266929626,-0.8305103778839111,0.5313988924026489,-0.15401565963741423,0.7508640806194634,-0.5817680549310371,0.2720810485449076,-2.863831689692782,-0.5798109313580124,1.9065720789554443
9817,945715.8867921414,945715.9023215834,right,-0.40375593304634094,-0.018907204270362854,0.24059458076953888,-0.21070367097854614,0.5560051798820496,0.8040286898612976,0.35980987548828125,-0.8044206500053406,0.5273743271827698,-0.16284358749963673,0.7494473504459747,-0.5833891734843341,0.26733421268236146,-2.8852962947823464,-0.5895717976179896,1.8969076395532731
9818,945715.9067921414,945715.9429717917,right,-0.41981324553489685,-0.04441830888390541,0.23229947686195374,-0.19140374660491943,0.5643554329872131,0.8030364513397217,0.37977463006973267,-0.8335590958595276,0.5848536491394043,-0.17192175333018048,0.7477279552333331,-0.585167514222067,0.26253505027990104,-2.907608560319865,-0.5996521759782851,1.8861532838715325
9819,945715.9267921414,945715.9432932084,right,-0.3919287323951721,-0.0479900985956192,0.18586711585521698,-0.17156605422496796,0.572719156742096,0.8015968799591064,0.36718642711639404,-0.7664665579795837,0.5942959189414978,-0.18111083899568772,0.7456300445519505,-0.5872258438613864,0.25768260140760535,-2.9307436960177857,-0.6098190458579632,1.8739593565684347
9820,945715.9467921414,945715.9610977917,right,-0.3325693905353546,-0.05186965689063072,0.13989727199077606,-0.15473876893520355,0.5798276662826538,0.7999097108840942,0.2980835437774658,-0.5399086475372314,0.46048587560653687,-0.1888936339150548,0.7435804087626069,-0.589103492212031,0.2537011183015989,-2.9505077643989743,-0.6185171230836447,1.862815292557372
9821,945715.9667921414,945715.99915575,right,-0.2958086133003235,-0.0505257211625576,0.12481369078159332,-0.14407026767730713,0.5848714709281921,0.7982288599014282,0.211423859000206,-0.2514871060848236,0.28892549872398376,-0.1940025382914998,0.7419251030885589,-0.5904756190157456,0.2514927768976214,-2.9630278203731244,-0.6247215192967306,1.854959925205104
9822,945715.9867921415,945716.0007835834,right,-0.2944236993789673,-0.05251665040850639,0.11396034806966782,-0.1387968212366104,0.5883298516273499,0.7966198921203613,0.1450468748807907,-0.07152661681175232,0.21918687224388123,-0.1967916461256251,0.7405146519699779,-0.591563943426312,0.25092434831727617,-2.9690922809979714,-0.6289917794018114,1.8497452107332553
9823,945716.0067921415,945716.0210882918,right,-0.3246311843395233,-0.05755963549017906,0.11640096455812454,-0.13530650734901428,0.5915250778198242,0.7948523163795471,0.18744157254695892,-0.02033773623406887,0.29724371433258057,-0.19880545210716596,0.7388510511155804,-0.5928955931272142,0.25109801012869315,-2.972980642577129,-0.632948970204797,1.8444532121651418
9824,945716.0267921415,945716.044861875,right,-0.45486173033714294,-0.08981585502624512,0.13100038468837738,-0.12981821596622467,0.5952091813087463,0.7930154800415039,0.20120784640312195,-0.08118421584367752,0.48783624172210693,-0.20136411162551066,0.7364002717459545,-0.5951657539554813,0.2508880571610199,-2.9793300992456384,-0.6375258775172452,1.8357933894725238
9825,945716.0467921415,945716.0623284167,right,-0.546707272529602,-0.1189846470952034,0.13314974308013916,-0.12080684304237366,0.5995299816131592,0.7911825776100159,0.1664775162935257,-0.12043691426515579,0.7008438110351562,-0.204859276241592,0.7327294255977144,-0.5989146572828642,0.2498828920289327,-2.990071688614112,-0.64291360431811,1.8216441773502268
9826,945716.0667921415,945716.0833737084,right,-0.5074347853660583,-0.12275174260139465,0.11295557767152786,-0.11029649525880814,0.6035061478614807,0.7896930575370789,0.08810514211654663,-0.044162239879369736,0.7956502437591553,-0.20828948798599073,0.7280611009609738,-0.6039647944779545,0.24853362796357348,-3.002820515344334,-0.647890938044991,1.803249625988786
9827,945716.0867921415,945716.122537625,right,-0.3815758526325226,-0.10024324804544449,0.09232551604509354,-0.10140031576156616,0.6063922047615051,0.7886738777160645,0.028942445293068886,0.11780654639005661,0.7680450677871704,-0.2105578621061569,0.7230150255093305,-0.6095786245526582,0.24764579718513768,-3.0137237048050904,-0.6515154869705266,1.7838810725167507
9828,945716.1067921416,945716.1235229584,right,-0.2231229990720749,-0.07077339291572571,0.06117052584886551,-0.09584061056375504,0.6081476211547852,0.7880170345306396,-0.009757336229085922,0.2820572257041931,0.6771339774131775,-0.21123577425230264,0.7180072705055722,-0.6152023884398595,0.24773142321657474,-3.020564765313502,-0.6537249465298081,1.7657887770651772
9829,945716.1267921416,945716.1422067917,right,-0.09468573331832886,-0.04066910967230797,0.036013323813676834,-0.09339950978755951,0.6091662049293518,0.7875232696533203,-0.021543776616454124,0.3791150152683258,0.6051446795463562,-0.21062564412398616,0.7132024237495084,-0.6205673611521179,0.24874713204601928,-3.0235452389095205,-0.6550086995191082,1.7496270804964142
9830,945716.1467921416,945716.1738420834,right,-0.014772678725421429,-0.010473466478288174,0.0286911278963089,-0.0925365760922432,0.6099371910095215,0.7870281934738159,-0.004546909127384424,0.3871835172176361,0.5537527799606323,-0.20950070932692869,0.7087045988727849,-0.6255012276434531,0.25019047719611476,-3.0245530219865473,-0.6559812567851704,1.7352248744974241
9831,945716.1667921416,945716.1991023751,right,0.03105279989540577,0.010085083544254303,0.013755861669778824,-0.0915912464261055,0.6106836795806885,0.7865601181983948,-0.013212454505264759,0.33218327164649963,0.520734429359436,-0.20849151181930306,0.7044477078956405,-0.630105860915192,0.2514980886268738,-3.0256696156660396,-0.6569235396021076,1.72163860966586
9832,945716.1867921416,945716.2006939168,right,0.06492123007774353,0.02487834356725216,0.0008695937576703727,-0.09014483541250229,0.6112882494926453,0.7862574458122253,-0.04137028753757477,0.26733362674713135,0.48025187849998474,-0.20773308633024062,0.700560025222982,-0.6343061384986998,0.25242475761841127,-3.0274407565208974,-0.6576872242044106,1.7089713876312036
9833,945716.2067921417,945716.2250229167,right,0.09676545113325119,0.03582995757460594,-0.011007864028215408,-0.08852997422218323,0.611280083656311,0.7864470481872559,-0.07666970044374466,0.22773395478725433,0.4138237535953522,-0.20693276659179918,0.6971693963975036,-0.638105220732759,0.2528937299468613,-3.029495250342354,-0.6576769435414448,1.6974921165966639
9834,945716.2267921417,945716.2423796668,right,0.12264290452003479,0.03856689855456352,-0.02772161364555359,-0.08738843351602554,0.6103503704071045,0.7872964143753052,-0.1216992437839508,0.21134914457798004,0.31833207607269287,-0.20579057746605584,0.6944518793054896,-0.6413927697600298,0.2529861553512955,-3.0310472382979796,-0.6565027253538793,1.6878760771688377
9835,945716.2467921417,945716.2848379167,right,0.137785866856575,0.03182784467935562,-0.04593382403254509,-0.08726247400045395,0.6083800792694092,0.7888338565826416,-0.17287932336330414,0.1896832287311554,0.2178013026714325,-0.20412491628460863,0.6925679500158618,-0.6440236555684073,0.2528162282343313,-3.031418697096358,-0.6540177932956937,1.6808061481782999
9836,945716.2667921417,945716.2860188334,right,0.14354653656482697,0.023729387670755386,-0.05624277517199516,-0.08790311962366104,0.605582594871521,0.790912389755249,-0.2142193466424942,0.1585376113653183,0.1303127259016037,-0.20208449131899092,0.6914119301582761,-0.6460693858459478,0.2523995586694625,-3.03090571957989,-0.650497662852017,1.6759331816213319
9837,945716.2867921417,945716.303273,right,0.14737550914287567,0.022992296144366264,-0.05148959904909134,-0.08896646648645401,0.6023686528205872,0.7932443618774414,-0.22515210509300232,0.1321410834789276,0.060185693204402924,-0.1999353944893609,0.6908480444758978,-0.6475732157659873,0.25180058755725865,-3.0299044257011847,-0.6464651389858356,1.672887005420986
9838,945716.3067921418,945716.32258925,right,0.14605091512203217,0.022024648264050484,-0.042616162449121475,-0.09017233550548553,0.5991690158843994,0.7955281734466553,-0.1965189278125763,0.09162803739309311,0.015235920436680317,-0.197920836072928,0.6907189323864398,-0.6485918126571021,0.2511237161680377,-3.0287255759225467,-0.6424626501550806,1.6712767000942508
9839,945716.3267921418,945716.3460629584,right,0.12787793576717377,0.020666619762778282,-0.033912528306245804,-0.09038789570331573,0.596666157245636,0.7973830699920654,-0.13035276532173157,-0.005900414660573006,0.03314445912837982,-0.19665622315916914,0.690758341609284,-0.6492644680137309,0.25026950614462745,-3.0287190037581473,-0.6393401502272116,1.6701057273023634
9840,945716.3467921418,945716.3621657084,right,0.10721955448389053,0.020367175340652466,-0.03024233877658844,-0.08812454342842102,0.5952827334403992,0.798669159412384,-0.06137006729841232,-0.14081063866615295,0.09107669442892075,-0.19675469117135702,0.6906998817370756,-0.6498216346011922,0.24890351782473005,-3.0316981729142753,-0.6376173884558147,1.6680710131896588
9841,945716.3667921418,945716.3827323751,right,0.1087597981095314,0.025275105610489845,-0.023901818320155144,-0.08367320895195007,0.5949909090995789,0.7993649244308472,-0.01732613891363144,-0.21880310773849487,0.09403389692306519,-0.198100516393486,0.6905388829463044,-0.6502602575674044,0.24713076442670479,-3.037298059043904,-0.6372542613567563,1.6652906174017637
9842,945716.3867921418,945716.4301497084,right,0.11480765044689178,0.03164837881922722,-0.01513226144015789,-0.07912658154964447,0.5950226187705994,0.7998040914535522,-0.009362241253256798,-0.22113670408725739,0.010163976810872555,-0.19975975794659837,0.6906983498989127,-0.6502597465456261,0.24534433185202706,-3.0429813004851174,-0.6372937138812461,1.6636449919456084
9843,945716.4067921418,945716.4307315834,right,0.08654095977544785,0.03721972927451134,0.00798986665904522,-0.07599104940891266,0.595130443572998,0.8000279664993286,0.011752383783459663,-0.2110579013824463,-0.07700973004102707,-0.20117909486964827,0.691427349767487,-0.6495707079135008,0.24395257018566413,-3.046891493064748,-0.6374278334362009,1.6644705598073675
9844,945716.4267921419,945716.4624620418,right,-0.003055126406252384,0.029942965134978294,0.025649549439549446,-0.07287038862705231,0.5954544544219971,0.8000771403312683,0.04080377146601677,-0.2762005925178528,-0.06871642917394638,-0.20279909549711814,0.6924319935234281,-0.6485186270261507,0.24255680209565925,-3.050764265579409,-0.6378310998824449,1.6662771652622603
9845,945716.4467921419,945716.46301575,right,-0.10737573355436325,0.01658334583044052,0.04583072289824486,-0.06793949007987976,0.5963901281356812,0.7998141646385193,0.08196436613798141,-0.36121881008148193,-0.0029179821722209454,-0.20529809501126553,0.693316608190113,-0.6474712865754114,0.24071869904414112,-3.056852198758902,-0.6389962653342375,1.6672049198966814
9846,945716.4667921419,945716.4847167501,right,-0.2076926827430725,-0.006863882299512625,0.05214063078165054,-0.06138076260685921,0.5979644656181335,0.7991686463356018,0.10713902860879898,-0.3932815194129944,0.052839767187833786,-0.20854284507622653,0.6938468223610754,-0.646653540790208,0.23859049383908423,-3.0649375953797877,-0.6409589745269128,1.6666329614268258
9847,945716.4867921419,945716.5036157084,right,-0.27386894822120667,-0.02991313859820366,0.045933797955513,-0.05457818880677223,0.599705159664154,0.7983576655387878,0.09587062895298004,-0.3414023518562317,0.0626489445567131,-0.21185894392859173,0.6941059392841085,-0.646061673762075,0.23650992724815242,-3.0733359912527294,-0.6431325365534559,1.6652104967397383
9848,945716.5067921419,945716.5258362084,right,-0.27870887517929077,-0.03916581720113754,0.0362776443362236,-0.049668122082948685,0.6009755730628967,0.7977226376533508,0.05795766040682793,-0.20058225095272064,0.0025245160795748234,-0.21428524101763696,0.6943520989208705,-0.6455512248804791,0.23499038493229976,-3.0794107466208374,-0.6447210113980265,1.6643817592195018
9849,945716.526792142,945716.5602896668,right,-0.22526457905769348,-0.04078281670808792,0.020621994510293007,-0.04854263365268707,0.6014683246612549,0.7974205017089844,0.01142855267971754,-0.013823949731886387,-0.11292872577905655,-0.2151084079423788,0.6948728443325651,-0.6448735340131841,0.23455938022787237,-3.080793321642154,-0.6453376940430788,1.6657355724447789
9850,945716.546792142,945716.5620527917,right,-0.15075676143169403,-0.03546816110610962,0.0073391771875321865,-0.05181417986750603,0.6010099649429321,0.7975603342056274,-0.03677178546786308,0.1531979739665985,-0.24103102087974548,-0.21411341431263464,0.6958966641629495,-0.6438228680492498,0.23531957820916424,-3.0767181902497573,-0.6447640485689333,1.670172559844405
9851,945716.566792142,945716.5847860418,right,-0.07861360162496567,-0.023612793534994125,0.00576247600838542,-0.05875466391444206,0.599880576133728,0.797929048538208,-0.05614452809095383,0.25811803340911865,-0.32870715856552124,-0.21168761227639935,0.6973740998406598,-0.6423657757190048,0.23711536528165125,-3.0680915751906483,-0.6433517511899035,1.6773719226140305
9852,945716.586792142,945716.6037227918,right,-0.03238785266876221,-0.012689338065683842,0.009971830062568188,-0.0673900917172432,0.5984854102134705,0.7982944250106812,-0.05509370192885399,0.2575986683368683,-0.3479391634464264,-0.20866458819808584,0.6991166475904709,-0.6406114485370501,0.2393990678946329,-3.057374958156238,-0.6416091275971785,1.6860785046755171
9853,945716.606792142,945716.6462861667,right,-0.020160533487796783,-0.0010792649118229747,0.031351663172245026,-0.07534126192331314,0.5972263216972351,0.7985262274742126,-0.03913858160376549,0.1836727410554886,-0.3361433744430542,-0.20598651922201808,0.7009005676837826,-0.6387498703023198,0.2414670606471497,-3.0475209515532256,-0.6400384030644964,1.6947128749605855
9854,945716.626792142,945716.64694875,right,-0.0714312195777893,0.012975920923054218,0.055295370519161224,-0.08118902891874313,0.5964058041572571,0.7985666394233704,-0.013762653805315495,0.04918231442570686,-0.2844879925251007,-0.20425900806217193,0.7026693497919456,-0.6368194509764943,0.24288881700163448,-3.040272565832453,-0.6390158066559686,1.7025847488144108
9855,945716.6467921421,945716.6636749584,right,-0.190573051571846,0.00801821518689394,0.07965035736560822,-0.083755262196064,0.5963325500488281,0.7983558773994446,0.03046872653067112,-0.1127111092209816,-0.1986074298620224,-0.20396303463050677,0.7042708900892605,-0.6349648473835675,0.24335365101049497,-3.037065541587793,-0.6389245516784402,1.7088095449890481
9856,945716.6667921421,945716.7060510834,right,-0.3286784887313843,-0.01619529537856579,0.13200148940086365,-0.08309801667928696,0.5966896414756775,0.7981577515602112,0.06276485323905945,-0.1952887922525406,-0.16410063207149506,-0.20491457657833176,0.7057153010623672,-0.6332808878685838,0.24275709728845993,-3.037854333317024,-0.6393694540166369,1.7132517259980944
9857,945716.6867921421,945716.7235662501,right,-0.4381348192691803,-0.0448857918381691,0.19999071955680847,-0.08303982019424438,0.5971671938896179,0.7978067994117737,0.04458615928888321,-0.07800179719924927,-0.2815367579460144,-0.2057857238345966,0.7073224569922947,-0.6313463665033865,0.2423815071327943,-3.037881190858079,-0.6399646604234632,1.71857870763015
9858,945716.7067921421,945716.7398329584,right,-0.5169603228569031,-0.04944927617907524,0.26337289810180664,-0.08893740177154541,0.5968584418296814,0.7974022030830383,-0.01177804172039032,0.2373799979686737,-0.5312701463699341,-0.20454098758357517,0.7096283721851899,-0.6285925429445439,0.24384811813033808,-3.0305180050786746,-0.6395798566484784,1.7285751016222757
9859,945716.7267921421,945716.7431719584,right,-0.6122608780860901,-0.049877144396305084,0.35158678889274597,-0.10383116453886032,0.5947649478912354,0.7971663475036621,-0.09610700607299805,0.6182007789611816,-0.8085082173347473,-0.19982826074632082,0.7128842289099101,-0.6248032792502268,0.24796289467295046,-3.012071712041187,-0.6369731559374057,1.7450555721952354
9860,945716.7467921422,945716.771576875,right,-0.7220042943954468,-0.06508582085371017,0.4409814178943634,-0.12699848413467407,0.5909286141395569,0.7966646552085876,-0.14198076725006104,0.9109362363815308,-0.969883143901825,-0.19189944026625702,0.716737038020221,-0.6201775879422464,0.2546413376322712,-2.983510253016392,-0.632209399290048,1.7667975723135327
9861,945716.7667921422,945716.7999165417,right,-0.7995036244392395,-0.07746722549200058,0.4630192518234253,-0.15467573702335358,0.5858587026596069,0.7955157160758972,-0.15602773427963257,1.0864592790603638,-0.983955442905426,-0.18206547085493202,0.7204576647474092,-0.6153848491363973,0.26285805783876565,-2.9495543659167995,-0.6259391865836085,1.7901022779070974
9862,945716.7867921422,945716.8049052918,right,-0.8262519240379333,-0.08289116621017456,0.4706960916519165,-0.18481621146202087,0.5796005129814148,0.793666422367096,-0.24333864450454712,1.2577118873596191,-0.9950175881385803,-0.17091395180719024,0.7236920040471265,-0.610821589923805,0.27194709269619904,-2.912806214639132,-0.6182382775703685,1.8129024211690794
9863,945716.8067921422,945716.8247589167,right,-0.793449342250824,-0.0592932291328907,0.5059025287628174,-0.21875984966754913,0.5706237554550171,0.791537880897522,-0.3849968910217285,1.5164575576782227,-1.0904732942581177,-0.15740021180815778,0.726656658602326,-0.6064148419419163,0.2818795428396049,-2.8719504358318697,-0.6072651434563856,1.8356563990785295
9864,945716.8267921422,945716.8436092084,right,-0.7419829368591309,-0.017616208642721176,0.53412264585495,-0.2583377957344055,0.5576117038726807,0.7888796925544739,-0.5660706758499146,1.8383119106292725,-1.2406529188156128,-0.1405024036297902,0.7295626400017642,-0.6018123536381159,0.2929493137103701,-2.8251246712661287,-0.5915058226961374,1.8592785154043086
9865,945716.8467921423,945716.8649997917,right,-0.6788646578788757,0.02443159744143486,0.5430009365081787,-0.3049827814102173,0.538585901260376,0.7854362726211548,-0.876099705696106,2.2069263458251953,-1.487838864326477,-0.11906135156338063,0.7325807722615297,-0.5966937873817483,0.3051328336950536,-2.7712155304774098,-0.5687578271366754,1.883948374418434
9866,945716.8667921423,945716.8898207084,right,-0.5924543142318726,0.10232643783092499,0.5876485109329224,-0.359610915184021,0.5117241144180298,0.7802681922912598,-1.1923613548278809,2.5542590618133545,-1.7599198818206787,-0.09223371308918346,0.7358386647442651,-0.5904874975285176,0.31836898042315237,-2.709727036814241,-0.5371903096693714,1.9097092862102194
9867,945716.8867921423,945716.9049057501,right,-0.5271754264831543,0.1877841055393219,0.6399746537208557,-0.4192493259906769,0.4772976338863373,0.7722803354263306,-1.415952444076538,2.744359016418457,-1.8812693357467651,-0.06100741555596759,0.7388694227092981,-0.5832770189898611,0.3318702573426449,-2.644238639808972,-0.4975768472960297,1.933927738890891
9868,945716.9067921423,945716.9322462918,right,-0.4647376537322998,0.26282715797424316,0.6784414052963257,-0.47903066873550415,0.43772485852241516,0.7608720064163208,-1.5467182397842407,2.7953011989593506,-1.8576834201812744,-0.02758756454817901,0.7409719875491837,-0.5756704426428079,0.344677768893906,-2.5797059475431197,-0.4530666411441422,1.9534165882103796
9869,945716.9267921423,945716.9497619168,right,-0.3678129315376282,0.342021644115448,0.7074033617973328,-0.5364903807640076,0.3952682912349701,0.745614230632782,-1.5978107452392578,2.8034753799438477,-1.7925578355789185,0.006605048773492813,0.7417514464646523,-0.5679893047478555,0.35657966982042305,-2.517880584447655,-0.40635988425054753,1.967232262781331
9870,945716.9467921423,945716.9633902084,right,-0.26856017112731934,0.4042432904243469,0.7371072769165039,-0.5907701253890991,0.35204949975013733,0.7259831428527832,-1.5622960329055786,2.783146619796753,-1.7252635955810547,0.040528856936221234,0.7411535849534383,-0.560073980839372,0.3679207734977584,-2.4585225822143193,-0.3597598732603233,1.9764410593925537
9871,945716.9667921424,945717.0012457917,right,-0.15834742784500122,0.4526885747909546,0.7266436219215393,-0.6417264938354492,0.30929750204086304,0.7017989158630371,-1.490585207939148,2.780027151107788,-1.6858859062194824,0.07362502070797144,0.7393510504324753,-0.5515971608139848,0.3790510566681958,-2.400877335055175,-0.31445422111893195,1.9826038975535738
9872,945716.9867921424,945717.0264993334,right,-0.03046533279120922,0.4996079206466675,0.6754869818687439,-0.6900034546852112,0.2666529715061188,0.6728976964950562,-1.4366523027420044,2.830343008041382,-1.706687331199646,0.10623821433085817,0.7365223326797288,-0.5422026040806338,0.39021079913951495,-2.3436442813452056,-0.2699186032538093,1.9867805180000793
9873,945717.0067921424,945717.0268795834,right,0.09844449907541275,0.5360647439956665,0.6236982345581055,-0.7363752126693726,0.2235032171010971,0.6385907530784607,-1.3915935754776,2.9301016330718994,-1.7684781551361084,0.13890672111510183,0.7326832259484303,-0.5314796504071079,0.40175807984381395,-2.285196361046501,-0.2254071577285081,1.9896989870303292
9874,945717.0267921424,945717.0734692084,right,0.2070167511701584,0.5657881498336792,0.5726764798164368,-0.7805149555206299,0.1793593019247055,0.5988545417785645,-1.3366923332214355,3.012991189956665,-1.815920114517212,0.17183457406521768,0.7278719517128867,-0.5192587497804722,0.41357652589981303,-2.225249996400175,-0.1803351778342471,1.9913956021611066
9875,945717.0467921424,945717.0735156251,right,0.2915816605091095,0.5761897563934326,0.518374502658844,-0.8208360075950623,0.1354389786720276,0.5548735857009888,-1.248276948928833,2.9661784172058105,-1.7661327123641968,0.20421974241541285,0.7220878392059809,-0.505990054630355,0.42527337090490985,-2.165223116993767,-0.1358565391402203,1.9913860056121266
9876,945717.0667921425,945717.0995888334,right,0.35887354612350464,0.5674180388450623,0.4604751169681549,-0.8553404808044434,0.0940980538725853,0.5094491839408875,-1.1347846984863281,2.775320529937744,-1.6114258766174316,0.2345703215027834,0.7155403591423434,-0.49267288173286783,0.43617902004576375,-2.1079815788549836,-0.09423750602990015,1.989200837683131
9877,945717.0867921425,945717.1173057084,right,0.42288488149642944,0.5508112907409668,0.40354570746421814,-0.883474588394165,0.05740352347493172,0.4649490416049957,-0.9931021332740784,2.528378486633301,-1.4153552055358887,0.2617202164061911,0.7085621583912435,-0.4800147632839382,0.4461254909445539,-2.055240994677829,-0.05743513357500025,1.9854149240695955
9878,945717.1067921425,945717.1248805834,right,0.49347591400146484,0.5293066501617432,0.3458494246006012,-0.9060779809951782,0.025510359555482864,0.42234092950820923,-0.8400225639343262,2.319216728210449,-1.256286859512329,0.2856071701101376,0.7014717246197001,-0.46808959904002223,0.4552559032217301,-2.0069744259646667,-0.025513165792662745,1.980972505312124
9879,945717.1267921425,945717.1447494167,right,0.5441954135894775,0.5008049011230469,0.2962254285812378,-0.9243453741073608,-0.0023926137946546078,0.38154906034469604,-0.7009158134460449,2.15164852142334,-1.130507230758667,0.30671558011470473,0.6944538834927518,-0.45662711797454825,0.4638435416618311,-1.9622691612010408,0.0023925745191595055,1.9766849010704584
9880,945717.1467921425,945717.1876049167,right,0.5894343852996826,0.47133997082710266,0.2367771416902542,-0.9390720129013062,-0.027000730857253075,0.34265807271003723,-0.5891222953796387,1.9968080520629883,-1.0110527276992798,0.32549564311978046,0.68757282453107,-0.44561490903341383,0.47193577112777063,-1.9206742485528336,0.027003967810237537,1.9726252165307379
9881,945717.1667921426,945717.1880788334,right,0.6219020485877991,0.43841153383255005,0.15674923360347748,-0.9507092237472534,-0.0483705960214138,0.3062880039215088,-0.5180050134658813,1.7984260320663452,-0.8620440363883972,0.34214936288684156,0.6808094034566923,-0.43547968669259896,0.47936387090937177,-1.8824646191200982,0.048389432714756986,1.9682105866511923
9882,945717.1867921426,945717.2172389167,right,0.6180844306945801,0.3877395987510681,0.11499108374118805,-0.959594190120697,-0.06595870852470398,0.27354735136032104,-0.4289090931415558,1.568976879119873,-0.6998415589332581,0.3563562623989286,0.6743833719940809,-0.4265920113844059,0.4860414700910433,-1.848496253357222,0.06600657894098817,1.9637216144903855
9883,945717.2067921426,945717.250322,right,0.6484153270721436,0.34903684258461,0.07271755486726761,-0.9663772583007812,-0.08032957464456558,0.24425801634788513,-0.304555743932724,1.430457353591919,-0.6118804812431335,0.36825797328906823,0.6685206938895126,-0.4185798565804888,0.4921959546621239,-1.8183675923662153,0.08041617144504115,1.9601389501192235
9884,945717.2267921426,945717.2507111668,right,0.7021320462226868,0.31978854537010193,0.009983758442103863,-0.9718180894851685,-0.09325618296861649,0.216501384973526,-0.17978669703006744,1.4025765657424927,-0.6112365126609802,0.37873490800114257,0.6631567666587997,-0.4104556073525192,0.4983061409572345,-1.7899965541068281,0.09339183650656349,1.9582352110195445
9885,945717.2467921426,945717.264829125,right,0.7561009526252747,0.292115718126297,-0.04995286464691162,-0.9763050675392151,-0.10587402433156967,0.18873025476932526,-0.05876584351062775,1.4236273765563965,-0.6302915811538696,0.3883920331130881,0.6581338075509272,-0.4015283727119568,0.5047636845190329,-1.7617517658218818,0.10607277336832513,1.9584070080371667
9886,945717.2667921426,945717.3265247084,right,0.8129577040672302,0.273843377828598,-0.08343147486448288,-0.9799409508705139,-0.11783445626497269,0.1607191115617752,0.05765100568532944,1.4214539527893066,-0.6034073829650879,0.3968005591439935,0.653571788578891,-0.3914121721676256,0.5120445034905003,-1.7333580855583532,0.11810880498446927,1.9620505489036284
9887,945717.2867921427,945717.32670075,right,0.8688567876815796,0.25565105676651,-0.11683652549982071,-0.9826192259788513,-0.12987489998340607,0.13263455033302307,0.17406785488128662,1.4192804098129272,-0.5765231251716614,0.4051111480189103,0.6488484488205577,-0.3811994064143916,0.5191989124890836,-1.7049660833758156,0.13024275507576966,1.9653535094028802
9888,945717.3067921427,945717.3272847917,right,0.9035537838935852,0.23175813257694244,-0.16288277506828308,-0.984479546546936,-0.13957035541534424,0.10639601200819016,0.3045170307159424,1.278796672821045,-0.42774417996406555,0.4114795162407859,0.6446083160613433,-0.37105005602466407,0.5267698170114664,-1.6784519043572383,0.1400274498649268,1.9712414562220615
9889,945717.3267921427,945717.3448082918,right,0.923014223575592,0.2027762085199356,-0.20214878022670746,-0.9858023524284363,-0.14484842121601105,0.08492904156446457,0.43802422285079956,0.9788458347320557,-0.14631284773349762,0.4149542578861929,0.641154033423341,-0.3624721333230012,0.5341801379999515,-1.6567363798901196,0.14535971842524056,1.979086990665423
9890,945717.3467921427,945717.3673005417,right,0.9334337711334229,0.17314574122428894,-0.21149195730686188,-0.9871052503585815,-0.14323684573173523,0.07145848870277405,0.5871405005455017,0.5292137265205383,0.25519582629203796,0.41425674940367013,0.6390059033111186,-0.3569323764695245,0.5409823460514039,-1.643062281885811,0.14373115882972626,1.989054317727178
9891,945717.3667921427,945717.3944141667,right,0.9445539116859436,0.1440849006175995,-0.21539804339408875,-0.9887843728065491,-0.13292747735977173,0.0680847018957138,0.7192461490631104,0.010686155408620834,0.6918275952339172,0.40842823004411033,0.6385748417412781,-0.35533722525661565,0.5469403993813816,-1.639544838031068,0.13332202730258774,2.001542358974118
9892,945717.3867921428,945717.4176330834,right,0.9759816527366638,0.1138259544968605,-0.23096755146980286,-0.9906250238418579,-0.11481515318155289,0.0740218386054039,0.7870712280273438,-0.38509058952331543,0.9958051443099976,0.39806924489574186,0.6397269856069906,-0.3574357618056503,0.5518420705568324,-1.6453801317167385,0.11506886114942087,2.015740036692651
9893,945717.4067921428,945717.4257202917,right,1.0218944549560547,0.08420555293560028,-0.24032504856586456,-0.9920364618301392,-0.09250658750534058,0.0854753777384758,0.7925967574119568,-0.574321985244751,1.0924997329711914,0.38527676976827824,0.6417920137776418,-0.36171911812311575,0.5557192914951761,-1.656745634677704,0.0926389712136115,2.030121102084586
9894,945717.4267921428,945717.4460312917,right,1.043896198272705,0.06032397225499153,-0.25065499544143677,-0.9926764369010925,-0.0695064589381218,0.09880531579256058,0.7622849345207214,-0.6402186751365662,1.07180655002594,0.37196884717305645,0.6441928579795594,-0.3666309319621716,0.5587812082997782,-1.6700038856130268,0.06956248702928923,2.0437789990746147
9895,945717.4467921428,945717.484946375,right,1.0362412929534912,0.04405258223414421,-0.2524096965789795,-0.9924691915512085,-0.04680268093943596,0.11319912225008011,0.7481850385665894,-0.7334011197090149,1.073193073272705,0.3586687502852695,0.6468125042890115,-0.3717972070450124,0.5610319800716804,-1.684363668624579,0.04681972226189284,2.05641802798828
9896,945717.4667921428,945717.486009625,right,0.9975261092185974,0.03384149819612503,-0.22369225323200226,-0.9911968111991882,-0.022606907412409782,0.13045230507850647,0.7502155900001526,-0.970500648021698,1.1979814767837524,0.3443267433571256,0.6499493743486084,-0.3778782584677349,0.5623280056990637,-1.701655182695549,0.02260877392551722,2.0685079681648393
9897,945717.4867921429,945717.5415942083,right,0.9688282608985901,0.03719954937696457,-0.1798262745141983,-0.9876797199249268,0.007100799586623907,0.1563263088464737,0.7845911979675293,-1.2588034868240356,1.3420535326004028,0.3263524446066751,0.6546460511117803,-0.3867838117398283,0.5615430678427797,-1.7277705305634012,-0.007100917882564021,2.080360289267804
9898,945717.5067921429,945717.5417020001,right,0.9386375546455383,0.040266551077365875,-0.1353718340396881,-0.9826700091362,0.03709954023361206,0.18161223828792572,0.8189667463302612,-1.547106385231018,1.4861253499984741,0.308239429059637,0.6590645495026893,-0.3955250311622306,0.5605194642605507,-1.7535493426808366,-0.037108112032526924,2.091440361047745
9899,945717.5267921429,945717.5463491251,right,0.88046795129776,0.0516764335334301,-0.09128161519765854,-0.9745478630065918,0.07022901624441147,0.21289528906345367,0.8534240126609802,-1.8067833185195923,1.5956056118011475,0.28761193128426027,0.6646306924329203,-0.40584934993951843,0.5575227621477133,-1.7858729551861416,-0.07028692533093342,2.1017797009771564
9900,945717.5467921429,945717.5661217084,right,0.806675136089325,0.07908865064382553,-0.06328274309635162,-0.9627265930175781,0.10594423115253448,0.24886369705200195,0.8331153988838196,-2.057809591293335,1.7067536115646362,0.26496906447137497,0.6708828695130938,-0.41755003211736247,0.5525932908057787,-1.8237578067282092,-0.10614347760801196,2.110378997463861
9901,945717.5667921429,945717.61799125,right,0.7400240898132324,0.11962874233722687,-0.024465778842568398,-0.9462168216705322,0.14318424463272095,0.29012352228164673,0.7500981092453003,-2.2185888290405273,1.7203993797302246,0.24082813211976337,0.6777681161713556,-0.43092011945117764,0.5449218159443289,-1.8683101706481384,-0.14367811332807578,2.1152560491620873
9902,945717.586792143,945717.6180428334,right,0.6702442169189453,0.16019490361213684,0.015720926225185394,-0.9265782237052917,0.18039807677268982,0.3300137221813202,0.6670807600021362,-2.3793678283691406,1.7340452671051025,0.21647817824057286,0.6840652303526491,-0.44391623248543843,0.5367775125903841,-1.912951859712623,-0.1813911891577807,2.118459419685208
9903,945717.606792143,945717.6258084584,right,0.6050027012825012,0.1891058385372162,0.09988795965909958,-0.9029013514518738,0.2161923348903656,0.37152403593063354,0.6162093877792358,-2.4617021083831787,1.6531686782836914,0.1920367140145499,0.690552698515713,-0.4570546757565733,0.5266495958062488,-1.9611582516330608,-0.2179129252499609,2.1185388302227115
9904,945717.626792143,945717.6704145,right,0.5465153455734253,0.20775800943374634,0.1676918864250183,-0.8763720989227295,0.24903596937656403,0.41225358843803406,0.5862451791763306,-2.45147967338562,1.48562753200531,0.16821282743091712,0.6971382370852203,-0.46917487577771533,0.5153421605051633,-2.0104924730958245,-0.251684768341994,2.1170932772853712
9905,945717.646792143,945717.6708190833,right,0.44505077600479126,0.22429457306861877,0.2116161584854126,-0.8478906154632568,0.27825915813446045,0.45128002762794495,0.5649766325950623,-2.4437172412872314,1.3249562978744507,0.14537434652795003,0.7038566876297982,-0.4798184624664768,0.5032159353551862,-2.0599009565202793,-0.28198123411804904,2.1149897481800375
9906,945717.666792143,945717.6948485001,right,0.3348003029823303,0.24738779664039612,0.24240776896476746,-0.8174949884414673,0.3041754961013794,0.4890596270561218,0.4853433072566986,-2.4472408294677734,1.1971526145935059,0.12349581208215914,0.7106647391201169,-0.4893724694619318,0.49012131624010435,-2.1099220521384403,-0.30907281870908226,2.111717501741296
9907,945717.686792143,945717.7173698334,right,0.25860121846199036,0.30365461111068726,0.31878262758255005,-0.7858281135559082,0.3267901539802551,0.5250546932220459,0.3990497887134552,-2.387316942214966,1.0738965272903442,0.10292485874367197,0.7172813833785615,-0.4980308501137241,0.47631821473096836,-2.1598284226991766,-0.3329052650014644,2.1068964502539114
9908,945717.706792143,945717.7260105418,right,0.14033116400241852,0.3607214093208313,0.4025447368621826,-0.7528159618377686,0.3467707931995392,0.5594800710678101,0.30111223459243774,-2.4087307453155518,1.065006136894226,0.08348244621167204,0.7235239826988762,-0.5062144384641886,0.4618338343031042,-2.209920393535302,-0.35412608177735405,2.1000428327276914
9909,945717.7267921431,945717.7461052501,right,-0.004645457956939936,0.40964600443840027,0.4787558317184448,-0.7159361839294434,0.3663100302219391,0.5943503379821777,0.20531216263771057,-2.5891804695129395,1.2295111417770386,0.06378914365493082,0.7292309124886097,-0.5151673505936458,0.44582024300917955,-2.263666199015537,-0.37504030832852564,2.089216247501566
9910,945717.7467921431,945717.7897753334,right,-0.10236967355012894,0.44157674908638,0.5511246919631958,-0.6731327176094055,0.38665106892585754,0.6303911805152893,0.12619945406913757,-2.7648091316223145,1.3894768953323364,0.042848572109580055,0.7341918589136417,-0.525507226671667,0.4277478839878094,-2.3234170793888227,-0.3969974537143169,2.073112426986874
9911,945717.7667921431,945717.7909843334,right,-0.16749675571918488,0.44725263118743896,0.607140064239502,-0.6255340576171875,0.4064805507659912,0.6659435033798218,0.08083463460206985,-2.834202289581299,1.4223549365997314,0.021210023260264537,0.7384501000696272,-0.5363423913005209,0.4081400655858289,-2.3874737318879653,-0.41859870911395725,2.053098894149878
9912,945717.7867921431,945717.8299799584,right,-0.2464957982301712,0.40776121616363525,0.6545854806900024,-0.5752981901168823,0.42448219656944275,0.6991757154464722,0.08070177584886551,-2.818688154220581,1.3448947668075562,-0.00035318682759310366,0.7421866022567851,-0.5465773879412469,0.3878297451616079,-2.4530891409854667,-0.43838992902535295,2.0314609363360647
9913,945717.8067921432,945717.8307990833,right,-0.28348827362060547,0.35921820998191833,0.6501800417900085,-0.52507483959198,0.44050443172454834,0.7281839847564697,0.16893844306468964,-2.6566989421844482,1.1678268909454346,-0.02133231347960001,0.7455234145353369,-0.5552357695619765,0.36803910377302707,-2.5168624788151006,-0.4561604764135087,2.010954778403135
9914,945717.8267921432,945717.8536233751,right,-0.26367515325546265,0.33205029368400574,0.6190419793128967,-0.4788892865180969,0.454423725605011,0.7511083483695984,0.31124112010002136,-2.325834274291992,0.8591974377632141,-0.04078275544658625,0.7486678397018842,-0.561293664326922,0.35040324081586743,-2.574000525214751,-0.471725164787042,1.994912546102068
9915,945717.8467921432,945717.8800057084,right,-0.299948513507843,0.29063937067985535,0.6336361169815063,-0.4391717314720154,0.46731120347976685,0.7672993540763855,0.49754172563552856,-2.0547311305999756,0.6067677736282349,-0.058575717992795116,0.7518240989265843,-0.5642784032897942,0.3360344145427766,-2.621744514592342,-0.48624701383317337,1.985623237539233
9916,945717.8667921432,945717.8922915,right,-0.3643934726715088,0.2436884492635727,0.6528922319412231,-0.4029749929904938,0.48173514008522034,0.7781659364700317,0.7359650135040283,-1.941819429397583,0.5392776727676392,-0.07638451282277729,0.7547406679251819,-0.565198567067233,0.3241640646945859,-2.663765593866635,-0.5026336586742515,1.9809501925663857
9917,945717.8867921432,945717.9223598334,right,-0.36947116255760193,0.21445134282112122,0.5762112140655518,-0.3680717945098877,0.4984060227870941,0.7849293947219849,0.8654497861862183,-1.83092200756073,0.5069303512573242,-0.09488556802776922,0.7570940032887677,-0.5650427384714195,0.3138978594195325,-2.703114067702473,-0.5217591603083124,1.9781248177339217
9918,945717.9067921432,945717.9269730417,right,-0.34812116622924805,0.18691015243530273,0.4812272787094116,-0.33575376868247986,0.5154836177825928,0.7883818745613098,0.893507182598114,-1.6471195220947266,0.4293384253978729,-0.11283588495321592,0.75890768652823,-0.5641364866881999,0.3050853517027405,-2.7389794972644617,-0.5415719111108642,1.9763062050065368
9919,945717.9267921433,945717.9526155001,right,-0.3672772943973541,0.13681642711162567,0.4193674325942993,-0.30656448006629944,0.531503438949585,0.7896342873573303,0.8244129419326782,-1.508471131324768,0.36889880895614624,-0.1294285298175476,0.7603705341731071,-0.5627199264713614,0.29737362887355073,-2.771268755183615,-0.5603744482379842,1.9750680255892565
9920,945717.9467921433,945717.967358125,right,-0.36763906478881836,0.10077053308486938,0.37706688046455383,-0.2800287902355194,0.5455688238143921,0.7898974418640137,0.6926045417785645,-1.3847941160202026,0.303304523229599,-0.1443913753334776,0.7616915617983147,-0.5610477753593073,0.29017619189548205,-2.8009033097350176,-0.5770676682675041,1.9739002762828242
9921,945717.9667921433,945717.9873722084,right,-0.32960987091064453,0.09664824604988098,0.3214723467826843,-0.2567753195762634,0.5565403699874878,0.7901449799537659,0.5139178037643433,-1.2000901699066162,0.19377577304840088,-0.15701530825612342,0.7630817603320246,-0.5592661516087777,0.28332600934774266,-2.8273858636870575,-0.5902158029950028,1.9728856572519637
9922,945717.9867921433,945718.0298514584,right,-0.313676118850708,0.09600534290075302,0.279762864112854,-0.23742103576660156,0.5639749765396118,0.7909255623817444,0.3458975553512573,-1.054128646850586,0.12114892154932022,-0.1669087272987845,0.7646867575454698,-0.5574198060979906,0.2769090035017701,-2.849969729637381,-0.5991913885533444,1.9724672635368414
9923,945718.0067921433,945718.0309770834,right,-0.356876939535141,0.07212823629379272,0.2879006564617157,-0.2188672423362732,0.5695630311965942,0.7922724485397339,0.24414220452308655,-1.1076651811599731,0.22348670661449432,-0.17558566782663027,0.7661723746272495,-0.5559820231972167,0.2702472697907549,-2.872062553254964,-0.6059741221393707,1.9708305020438355
9924,945718.0267921434,945718.0548120834,right,-0.3996336758136749,0.04568549245595932,0.3176814317703247,-0.19666558504104614,0.5748032331466675,0.7943069934844971,0.2598920166492462,-1.2436941862106323,0.3903692662715912,-0.1848615140005822,0.7671443138980616,-0.5555564739764864,0.2620546069582551,-2.8988799929953943,-0.612363608982179,1.965109018267952
9925,945718.0467921434,945718.0901774167,right,-0.4002077281475067,0.004358445759862661,0.2949787974357605,-0.17113874852657318,0.5806259512901306,0.7959803342819214,0.29288023710250854,-1.2848010063171387,0.45633864402770996,-0.19516588135363522,0.7675068482115811,-0.5558087028403832,0.25282401972097746,-2.9298131198123163,-0.6194972157545954,1.9560673020865855
9926,945718.0667921434,945718.0906826251,right,-0.3673987090587616,-0.029886765405535698,0.23939570784568787,-0.14670445024967194,0.586600124835968,0.796478807926178,0.3090085983276367,-1.142554759979248,0.3415280878543854,-0.2052848443912844,0.7676876128407983,-0.5557832628201302,0.24416963633980499,-2.9594431592145387,-0.6268543290605285,1.9475094439455798
9927,945718.0867921434,945718.1198665417,right,-0.3449469208717346,-0.051010340452194214,0.18479055166244507,-0.12748222053050995,0.5922972559928894,0.7955701351165771,0.3226419687271118,-0.9047592878341675,0.14619973301887512,-0.21400039074013505,0.7681477433486271,-0.5547377705583261,0.2375260699708966,-2.982703501991312,-0.6339069784148796,1.9428987635810842
9928,945718.1067921434,945718.1501901251,right,-0.3450756371021271,-0.06973540037870407,0.16494248807430267,-0.11401373893022537,0.5978334546089172,0.7934707403182983,0.34549546241760254,-0.7041773200035095,-0.01043550856411457,-0.22117955999912056,0.7689335989126765,-0.5526991756813172,0.23311834938991513,-2.998879786699489,-0.6407956368830757,1.9425737023304053
9929,945718.1267921434,945718.1505915833,right,-0.329354465007782,-0.07357360422611237,0.15289001166820526,-0.10485751926898956,0.6035326719284058,0.7904132008552551,0.38075119256973267,-0.548755407333374,-0.10096395015716553,-0.2273102955356544,0.7698830772828859,-0.5499877667034689,0.23048505501353886,-3.009701339631875,-0.6479242359501199,1.945316017520703
9930,945718.1467921435,945718.1748279583,right,-0.3022180497646332,-0.0768561065196991,0.11967486143112183,-0.09870239347219467,0.609327495098114,0.7867513298988342,0.38577526807785034,-0.42628321051597595,-0.1425374448299408,-0.23265058799169624,0.7708163498556743,-0.5470079565596819,0.2291243857228007,-3.016789257840889,-0.655212154265027,1.9497128376608965
9931,945718.1667921435,945718.1936381251,right,-0.2745554745197296,-0.08037704229354858,0.08720466494560242,-0.09475886076688766,0.6147246360778809,0.7830288410186768,0.3400742709636688,-0.3209307789802551,-0.17219604551792145,-0.2371328287308759,0.7716804498655513,-0.5440804992933042,0.22859032188926764,-3.0211626755911483,-0.6620367664984654,1.9547971076374882
9932,945718.1867921435,945718.2262467501,right,-0.26749974489212036,-0.09316559880971909,0.08435653150081635,-0.092765673995018,0.6195791363716125,0.7794333100318909,0.29615965485572815,-0.20896486937999725,-0.16833513975143433,-0.24072041684827936,0.7724083446187326,-0.5413888490269942,0.22877289296405262,-3.0231332675394684,-0.6682063712253181,1.960080920958901
9933,945718.2067921435,945718.2284911667,right,-0.29476848244667053,-0.1183382123708725,0.0842318907380104,-0.09241479635238647,0.6231661438941956,0.7766100764274597,0.14791062474250793,-0.04353678226470947,-0.30063289403915405,-0.2431096217291077,0.7730487832666849,-0.5391664932028934,0.2293307614441329,-3.023152143520909,-0.6727844886988362,1.9650202868843054
9934,945718.2267921435,945718.287516125,right,-0.28417614102363586,-0.12344702333211899,0.09221245348453522,-0.09161175787448883,0.6225165724754333,0.7772263884544373,0.17505182325839996,-0.014562598429620266,-0.08672624081373215,-0.24330927422579482,0.7738445577867805,-0.5383100202008991,0.22844588561841916,-3.0242641146386324,-0.6719541864823281,1.9670320636150276
9935,945718.2467921436,945718.2876884583,right,-0.273586630821228,-0.12855669856071472,0.10019539296627045,-0.09080591052770615,0.6218677163124084,0.7778396010398865,0.202193021774292,0.014411586336791515,0.12718038260936737,-0.24350842935393108,0.7746384311958942,-0.5374523073556654,0.2275603934320712,-3.0253777267148956,-0.6711253820144034,1.9690429501702358
9936,945718.2667921436,945718.2883760834,right,-0.2752692997455597,-0.12690752744674683,0.07948037981987,-0.08708513528108597,0.6229860186576843,0.7773705124855042,0.19806094467639923,-0.012181823141872883,0.34245094656944275,-0.2447755378038197,0.7736400447043282,-0.5386707892406492,0.22671513003201926,-3.0300327319914957,-0.6725541431749477,1.9641731810067113
9937,945718.2867921436,945718.3263051667,right,-0.22050705552101135,-0.12162692844867706,0.05907053127884865,-0.08102578669786453,0.6253271102905273,0.7761447429656982,0.05186481028795242,-0.1057724803686142,0.4103364050388336,-0.24691043845562632,0.7714420048681306,-0.5412480843289844,0.2257494418080361,-3.0375744436405783,-0.6755505922251551,1.9545507064521204
9938,945718.3067921436,945718.3282469584,right,-0.14304985105991364,-0.0941195860505104,0.06519555300474167,-0.07368186116218567,0.6260252594947815,0.7763140797615051,-0.03306225314736366,-0.1755359023809433,0.4191731810569763,-0.24862235794723903,0.7694916874155472,-0.5440950901045224,0.22367368373870955,-3.0469639013818925,-0.6764455081139138,1.9439701640362501
9939,945718.3267921436,945718.3727700834,right,-0.06223601475358009,-0.06646567583084106,0.05260493606328964,-0.06588741391897202,0.62593674659729,0.7770852446556091,-0.06913600116968155,-0.18699850142002106,0.387300580739975,-0.25014877637801336,0.7677592273236661,-0.5468896471677456,0.2210945606038108,-3.0570072943034354,-0.6763320657660973,1.9334621590698324
9940,945718.3467921437,945718.3731808751,right,0.0057611968368291855,-0.04045073688030243,0.029337743297219276,-0.05925304815173149,0.6253694295883179,0.7780758738517761,-0.081199049949646,-0.12340836971998215,0.29101285338401794,-0.25123781008697027,0.766373215360803,-0.54928128662694,0.2187271873734302,-3.065586272803078,-0.6756047801367248,1.924572361041712
9941,945718.3667921437,945718.3885869167,right,0.05415009334683418,-0.022921046242117882,0.00311434012837708,-0.05537193641066551,0.6242497563362122,0.7792599201202393,-0.10033486783504486,-0.024674370884895325,0.14451973140239716,-0.2514453416048233,0.7655502183803126,-0.550965258356013,0.21712948307301355,-3.0706550188279325,-0.6741707181564224,1.9188136852365691
9942,945718.3867921437,945718.4197510834,right,0.0774947926402092,-0.007252350449562073,-0.01310044713318348,-0.05472075566649437,0.6226841807365417,0.78055739402771,-0.11127174645662308,0.05245276167988777,0.015706410631537437,-0.2506961025654238,0.7653556914842162,-0.55182357439871,0.21650104018704042,-3.0716026663997713,-0.6721683602497842,1.9166850115046465
9943,945718.4067921437,945718.4448717918,right,0.08241944015026093,0.006619923748075962,-0.02145700715482235,-0.056189049035310745,0.6209893822669983,0.7818023562431335,-0.10439084470272064,0.08524562418460846,-0.054452382028102875,-0.24941482457333733,0.7655962768065393,-0.5520537969345846,0.2165434134788646,-3.069845069372988,-0.6700042896759204,1.9171150646431545
9944,945718.4267921437,945718.4485432084,right,0.08718610554933548,0.014521194621920586,-0.03322961926460266,-0.058501146733760834,0.6194267272949219,0.7828716039657593,-0.08578742295503616,0.09283629059791565,-0.08125471323728561,-0.24802933518056486,0.7660211459317914,-0.5519486380118345,0.21689993041742708,-3.0670051371394442,-0.6680121910674637,1.9187286165695756
9945,945718.4467921437,945718.4931737917,right,0.08939714729785919,0.020858123898506165,-0.048523977398872375,-0.060985587537288666,0.6181288957595825,0.7837074995040894,-0.06378892809152603,0.09645669907331467,-0.0789153203368187,-0.2467488116598736,0.7664647456359718,-0.5517113658633168,0.2173965928797447,-3.0639326003523295,-0.6663601324850206,1.9206812546276502
9946,945718.4667921438,945718.4934907918,right,0.08473537862300873,0.02545495145022869,-0.05858086049556732,-0.06301508098840714,0.6172594428062439,0.7842317223548889,-0.03731657192111015,0.07727514207363129,-0.037814632058143616,-0.24577076916118376,0.7667278125841962,-0.5515833772983675,0.2179006884200375,-3.061412506434845,-0.6652544754393935,1.9220501691748335
9947,945718.4867921438,945718.52211625,right,0.07165690511465073,0.0321396142244339,-0.0579967126250267,-0.06374265253543854,0.6168985962867737,0.7844570279121399,-0.010731582529842854,0.03109510987997055,0.031835779547691345,-0.24533295439496616,0.7666690877929115,-0.5517670731090167,0.218135673809633,-3.060513965952047,-0.6647959496787111,1.9219519647458925
9948,945718.5067921438,945718.5349069167,right,0.05288894101977348,0.03596285730600357,-0.044742416590452194,-0.06271766871213913,0.6170587539672852,0.7844142317771912,0.014370359480381012,-0.021647341549396515,0.11327987164258957,-0.24554938111723568,0.7662233726174036,-0.5523665087442274,0.2179416588631389,-3.061807821443931,-0.664999445420207,1.9199326253313018
9949,945718.5267921438,945718.5698135,right,0.02704952470958233,0.03363362327218056,-0.024457598105072975,-0.059954818338155746,0.6176964044570923,0.784127950668335,0.03587351739406586,-0.06875922530889511,0.18417499959468842,-0.24640125056627804,0.7654058045949628,-0.5533695050897364,0.21730728063846896,-3.065280843571369,-0.6658100085657933,1.916030833939211
9950,945718.5467921438,945718.5710150001,right,-0.008897962048649788,0.026783127337694168,-0.004526283126324415,-0.05558401718735695,0.6187464594841003,0.7836217284202576,0.05331405624747276,-0.11524185538291931,0.2536109685897827,-0.24783292146125072,0.7642465242265308,-0.5547413940578706,0.21625887838705968,-3.070779270475338,-0.6671459579956984,1.9103872533688557
9951,945718.5667921439,945718.6180907084,right,-0.04684363678097725,0.01668061688542366,0.01133513730019331,-0.04975932836532593,0.6200844049453735,0.7829552292823792,0.061186593025922775,-0.15056577324867249,0.3117450475692749,-0.24974928532683888,0.7627693052701052,-0.5564714754845864,0.21481976686311519,-3.0781250088896694,-0.6688501800907294,1.9030958855819717
9952,945718.5867921439,945718.6185669584,right,-0.07774130254983902,0.004067441914230585,0.019893024116754532,-0.04311758279800415,0.6213768720626831,0.7823244333267212,0.05296541377902031,-0.15320686995983124,0.33485135436058044,-0.2518330279585352,0.7610970511517098,-0.5584741583287842,0.21311465685044662,-3.0865338712236725,-0.6704987069977942,1.8947069742495417
9953,945718.6067921439,945718.6423351667,right,-0.09654998779296875,-0.014109913259744644,0.024220310151576996,-0.03692788630723953,0.6223602890968323,0.7818589210510254,0.03093085065484047,-0.11167965084314346,0.30487972497940063,-0.25364445744645664,0.759457785733112,-0.560493739496307,0.2115061345930017,-3.0943970702153627,-0.671754498693939,1.8864939822450195
9954,945718.6267921439,945718.6586247084,right,-0.10303428769111633,-0.029255470260977745,0.023376917466521263,-0.0323677584528923,0.6227777600288391,0.7817287445068359,-0.0016306443139910698,-0.03723049536347389,0.2389329969882965,-0.25474846236980225,0.7580462521422325,-0.5623434272662773,0.21033005568123242,-3.100211155883193,-0.6722879220141623,1.8795461405356422
9955,945718.6467921439,945718.6723173751,right,-0.10360661149024963,-0.03744334727525711,0.02519500069320202,-0.02990410290658474,0.6226189732551575,0.7819533348083496,-0.0302670206874609,0.0270215030759573,0.17387211322784424,-0.2550168535839462,0.7569500518521132,-0.5639176959405016,0.20973705622478428,-3.1033686822046778,-0.6720850151341977,1.8743753812495798
9956,945718.666792144,945718.68954675,right,-0.10225071758031845,-0.038703348487615585,0.0256098173558712,-0.02886063978075981,0.6220811009407043,0.7824209332466125,-0.047125160694122314,0.05351406708359718,0.13822971284389496,-0.2547327444425582,0.7560988150677265,-0.5652653611882063,0.2095252914384017,-3.104723259079183,-0.6713978326975083,1.8705211386461098
9957,945718.686792144,945718.7326778334,right,-0.10481639206409454,-0.03653087466955185,0.03377770259976387,-0.028189999982714653,0.6214199662208557,0.782970130443573,-0.03866847604513168,0.03483550623059273,0.13500985503196716,-0.2543122217305516,0.7553670897302105,-0.5664852131915276,0.2093803439936725,-3.1056044939138143,-0.6705537119402339,1.867198716466109
9958,945718.706792144,945718.7341655,right,-0.13986003398895264,-0.036526523530483246,0.06458726525306702,-0.026843048632144928,0.6211438775062561,0.7832369804382324,-0.011892742477357388,-0.018014252185821533,0.1395544558763504,-0.25430807147777634,0.7546198671656973,-0.5675977690771291,0.20906701963160176,-3.1073343487745806,-0.6702013463716634,1.8637545234701274
9959,945718.726792144,945718.7511163334,right,-0.20432236790657043,-0.03764211758971214,0.08975929021835327,-0.02492734231054783,0.620895504951477,0.7834969162940979,-0.03667069226503372,-0.04078802093863487,0.08292049169540405,-0.2545678437771517,0.7540576412856936,-0.568458810994911,0.20843885651258237,-3.1097881134600214,-0.6698845168847365,1.8607209257643216
9960,945718.746792144,945718.7811474167,right,-0.25986814498901367,-0.03169408068060875,0.126882404088974,-0.02503884769976139,0.6200931668281555,0.7841287851333618,-0.06882800161838531,0.0557461716234684,-0.08403602987527847,-0.25414091856336796,0.7541717344310038,-0.5685853337492359,0.2082020889149519,-3.1096716665134316,-0.6688613716481651,1.860674796139469
9961,945718.766792144,945718.7944865418,right,-0.36043789982795715,-0.031585752964019775,0.193795844912529,-0.029177682474255562,0.6184715032577515,0.7852656245231628,-0.09122472256422043,0.18898919224739075,-0.24968528747558594,-0.25233483149634633,0.7551690287721212,-0.5677609003161133,0.20903214222614336,-3.104453514312899,-0.6667960184101676,1.865109979099056
9962,945718.7867921441,945718.831458,right,-0.500101625919342,-0.04477982223033905,0.28896063566207886,-0.03646053746342659,0.6164460182189941,0.7865527868270874,-0.10945697873830795,0.27304497361183167,-0.3254285156726837,-0.24953091832647106,0.7566736865739636,-0.5663225424463548,0.21085067894482523,-3.0952711835077507,-0.6642210095702799,1.8725707043311133
9963,945718.8067921441,945718.8320897084,right,-0.5963019132614136,-0.056809838861227036,0.3762728273868561,-0.04616241529583931,0.6143743395805359,0.7876634001731873,-0.10744091868400574,0.3886878192424774,-0.41595199704170227,-0.24604441091955145,0.7583433339937186,-0.5645768047962892,0.21361311503570554,-3.0830530540518013,-0.6615927041182239,1.8817741134899808
9964,945718.8267921441,945718.8560195001,right,-0.6729892492294312,-0.07504810392856598,0.43140706419944763,-0.05986014008522034,0.6121258735656738,0.788491427898407,-0.1395397186279297,0.5822122097015381,-0.5753849744796753,-0.24141437887331543,0.7603402627522196,-0.562252866939249,0.21788390090506413,-3.0658209158266683,-0.6587461523978102,1.8940416748708337
9965,945718.8467921441,945718.869800125,right,-0.7268379330635071,-0.07752353698015213,0.4548717737197876,-0.07985184341669083,0.6083164215087891,0.7896676063537598,-0.2635333240032196,0.8726150393486023,-0.8159885406494141,-0.2344115549669428,0.7630327614306053,-0.5591195676655831,0.22409249185875724,-3.0408146036817056,-0.6539376263749704,1.911044931843689
9966,945718.8667921441,945718.8946101667,right,-0.7480245232582092,-0.056601155549287796,0.4753401577472687,-0.10795265436172485,0.6010635495185852,0.791877031326294,-0.46286872029304504,1.210905909538269,-1.0816086530685425,-0.22374266701557807,0.7667076765684462,-0.5550655385493215,0.23238071260825194,-3.0061030491805933,-0.6448311369737175,1.9336655124782738
9967,945718.8867921442,945718.9172925,right,-0.7428444623947144,-0.028958279639482498,0.514863133430481,-0.14406321942806244,0.5888898968696594,0.7952701449394226,-0.6802479028701782,1.515449047088623,-1.3243496417999268,-0.20888098660551768,0.7713656752805904,-0.5501181246815937,0.24235033071440804,-2.9623861817833106,-0.6296845860216118,1.9610693808945672
9968,945718.9067921442,945718.9338720001,right,-0.7263157963752747,0.006891708355396986,0.5690590143203735,-0.1866847425699234,0.5715791583061218,0.7990284562110901,-0.8792619705200195,1.753308892250061,-1.4986727237701416,-0.19026351090736127,0.7766455951631211,-0.5443672969298146,0.25354615060963653,-2.9120704166382145,-0.6084290170344046,1.9912521261969203
9969,945718.9267921442,945718.976167125,right,-0.6928338408470154,0.06759786605834961,0.5936542749404907,-0.23375047743320465,0.549021303653717,0.8024564385414124,-1.1059165000915527,1.9413179159164429,-1.6108357906341553,-0.16842547943936076,0.7820664573210557,-0.5381451157951668,0.2653386826594116,-2.8581425027320995,-0.5811927867400459,2.0214838915251505
9970,945718.9467921442,945718.9772792084,right,-0.6371468305587769,0.14365126192569733,0.6221232414245605,-0.2840521037578583,0.5207785367965698,0.8050494194030762,-1.3339942693710327,2.109541177749634,-1.6851259469985962,-0.1434658623490039,0.7872773227779812,-0.531713305444737,0.27729575423371366,-2.802391859405424,-0.5477626472037972,2.049713620591422
9971,945718.9667921442,945718.9935484584,right,-0.5676411390304565,0.20492468774318695,0.6652685403823853,-0.3366808295249939,0.4869843125343323,0.8059107065200806,-1.5355015993118286,2.266808032989502,-1.7595239877700806,-0.11566864457686779,0.7919741082295003,-0.525102166886108,0.2892495724284531,-2.745866661472757,-0.5086336278797576,2.074768523465088
9972,945718.9867921442,945719.0190817501,right,-0.46751388907432556,0.26471665501594543,0.6904394030570984,-0.3916041851043701,0.4480380117893219,0.803683876991272,-1.6863871812820435,2.445373773574829,-1.8553557395935059,-0.08528349576249888,0.7959999555643335,-0.5179053276817934,0.3014708237023208,-2.688187841207576,-0.46456954410036827,2.096972570622966
9973,945719.0067921443,945719.0324125834,right,-0.3689161241054535,0.3355562090873718,0.7145423889160156,-0.44839826226234436,0.404232919216156,0.7972043752670288,-1.7807682752609253,2.610527276992798,-1.9334466457366943,-0.05253651432023465,0.7991483294709919,-0.5098666884457518,0.3140663949751182,-2.6292311336658947,-0.41614002192558397,2.116278849890141
9974,945719.0267921443,945719.067371375,right,-0.2921812832355499,0.40058767795562744,0.7432299852371216,-0.5051658749580383,0.3572804033756256,0.7855942845344543,-1.8019330501556396,2.6859495639801025,-1.911034345626831,-0.018489720106463513,0.8010170171230466,-0.5011674322884173,0.3268960117852831,-2.570128313921514,-0.36535451250902395,2.1318735925977674
9975,945719.0467921443,945719.0710454584,right,-0.2027074247598648,0.4516124129295349,0.7365509867668152,-0.5595431923866272,0.3093773424625397,0.7688934206962585,-1.7737901210784912,2.6960039138793945,-1.8356399536132812,0.015534626205359526,0.8013680472703663,-0.49219497420496683,0.33957607317158967,-2.512500537283244,-0.3145382069155687,2.1431064086508944
9976,945719.0667921443,945719.092500375,right,-0.09336959570646286,0.4907323718070984,0.698441743850708,-0.6107909083366394,0.2614884078502655,0.7473676204681396,-1.737078070640564,2.701253652572632,-1.794382095336914,0.04904647524861298,0.8002894036309468,-0.48292920170911313,0.35200936170035263,-2.456417878995802,-0.26456398786563073,2.150537742501898
9977,945719.0867921443,945719.131120875,right,6.35324468021281E-05,0.5158863663673401,0.6712345480918884,-0.6591120362281799,0.21338926255702972,0.7211352586746216,-1.7011981010437012,2.7117691040039062,-1.8012334108352661,0.08217046263441272,0.7980549535806941,-0.4729438338577051,0.364252969048785,-2.401100701057259,-0.21504286056509594,2.1553830553326536
9978,945719.1067921444,945719.1322375,right,0.08830787986516953,0.537102460861206,0.6267666816711426,-0.7044257521629333,0.16498062014579773,0.690337598323822,-1.6639740467071533,2.7316229343414307,-1.8191486597061157,0.11498358866659525,0.7947784907524822,-0.4620561758997201,0.3763109865075768,-2.3460941986701576,-0.16573840726570788,2.1581491410682294
9979,945719.1267921444,945719.1525144584,right,0.19202741980552673,0.5548616647720337,0.5638744831085205,-0.7467204332351685,0.11624521762132645,0.654901385307312,-1.6248468160629272,2.784229040145874,-1.8459208011627197,0.14758704407881612,0.7904582052798672,-0.4501405089059487,0.3882877146842368,-2.2907788841602383,-0.11650868697687898,2.1590935773722255
9980,945719.1467921444,945719.1948860834,right,0.28197363018989563,0.5625747442245483,0.5102863311767578,-0.7857200503349304,0.06743308156728745,0.6148958206176758,-1.583818793296814,2.8091211318969727,-1.8384016752243042,0.18000080826012782,0.7849798079371995,-0.4373266176083951,0.4001896156695028,-2.2348303119689614,-0.06748435276436923,2.1578988465946956
9981,945719.1667921444,945719.1999399167,right,0.34540313482284546,0.5594667196273804,0.4508684575557709,-0.820218026638031,0.020177526399493217,0.5716951489448547,-1.5191298723220825,2.710463762283325,-1.7241657972335815,0.21136630906856585,0.7784145922333597,-0.4241677199886265,0.4116754030044888,-2.1795086951114615,-0.020178964984359175,2.154267443234656
9982,945719.1867921444,945719.2245743334,right,0.40281662344932556,0.5427435636520386,0.373456209897995,-0.8487922549247742,-0.022940248250961304,0.5282287001609802,-1.4327083826065063,2.4633922576904297,-1.490868330001831,0.24035530240782643,0.7709990627538834,-0.41191596976778744,0.42203662562220684,-2.127473234795547,0.022942186454420053,2.147486632484938
9983,945719.2067921445,945719.2306932084,right,0.4577183127403259,0.5243734121322632,0.30194419622421265,-0.8712078928947449,-0.060366276651620865,0.4871883988380432,-1.3546425104141235,2.175065517425537,-1.234243392944336,0.26622272916396683,0.7631051997840733,-0.4015776931606478,0.430733208136135,-2.080683316273078,0.06040292511610315,2.1373177927712
9984,945719.2267921445,945719.2550355417,right,0.5456376671791077,0.5002560019493103,0.22533413767814636,-0.8889045715332031,-0.09299641847610474,0.4485534727573395,-1.3086884021759033,2.0073063373565674,-1.0893161296844482,0.2895707610706946,0.7549193767689735,-0.39290388586204034,0.4380318312827005,-2.03812819250691,0.09313090770800463,2.1244859246041488
9985,945719.2467921445,945719.2736592084,right,0.6365646719932556,0.47273945808410645,0.14133527874946594,-0.9036487936973572,-0.12328338623046875,0.4101462662220001,-1.289137601852417,1.979838252067566,-1.0636368989944458,0.31176395805121243,0.7463875241734125,-0.3846801141982715,0.44466836324523085,-1.9968705360079186,0.1235977519726244,2.1101324119877223
9986,945719.2667921445,945719.2910984583,right,0.7129289507865906,0.44270554184913635,0.06831126660108566,-0.9162802696228027,-0.15284042060375214,0.37022966146469116,-1.2632158994674683,2.0192744731903076,-1.0908455848693848,0.33367813610880537,0.7373913719287352,-0.37599041991120763,0.4511583350427339,-1.9547954777075494,0.15344173981994857,2.0949262128348374
9987,945719.2867921445,945719.3357744584,right,0.7743100523948669,0.42140254378318787,0.010196125134825706,-0.9268292188644409,-0.18169039487838745,0.32859763503074646,-1.2028839588165283,2.0390498638153076,-1.087854266166687,0.3552749173028711,0.727955752424391,-0.3665777483505468,0.4576907939533747,-1.9115096382421988,0.1827051075106518,2.0793392355820757
9988,945719.3067921445,945719.3369697084,right,0.8158722519874573,0.4099876880645752,-0.03564321622252464,-0.9351500868797302,-0.20829220116138458,0.28654539585113525,-1.0887272357940674,1.9801994562149048,-0.989861786365509,0.3757091393508459,0.7182558144429771,-0.3569051573578375,0.4642948086210654,-1.86812941015673,0.2098284589129818,2.063833469102249
9989,945719.3267921446,945719.3622311667,right,0.8511770367622375,0.4000127613544464,-0.07845716923475266,-0.9413780570030212,-0.23051665723323822,0.24631160497665405,-0.9141444563865662,1.82014000415802,-0.785710871219635,0.3938176491099818,0.7086237014453393,-0.347862416643644,0.47090523008872176,-1.8267093717457195,0.2326085245407954,2.049008186190285
9990,945719.3467921446,945719.3924172501,right,0.8759526014328003,0.38654786348342896,-0.12610703706741333,-0.9460644721984863,-0.24632693827152252,0.21044057607650757,-0.7022482752799988,1.5573252439498901,-0.48043158650398254,0.40840136156955137,0.6995393989937931,-0.34038938028739457,0.47748085689554093,-1.78967083399898,0.24888849957855974,2.0358901229676234
9991,945719.3667921446,945719.3931820417,right,0.9032374024391174,0.37154319882392883,-0.1627204418182373,-0.9500042796134949,-0.2544132173061371,0.18101342022418976,-0.4692942798137665,1.234113335609436,-0.12527494132518768,0.41864699164337843,0.6914446085589585,-0.3352776084536369,0.4839709740608298,-1.7590790504795193,0.2572408367974649,2.025387788452407
9992,945719.3867921446,945719.4223379167,right,0.9339250922203064,0.3495015799999237,-0.1905757188796997,-0.9538915157318115,-0.2546647787094116,0.15886026620864868,-0.24027293920516968,0.9095597863197327,0.21787655353546143,0.4243559301052938,0.684614754621906,-0.3327653633436294,0.49039951866067033,-1.735820967237874,0.25750096978868614,2.0182183024634064
9993,945719.4067921446,945719.435947,right,0.9653558731079102,0.3192668557167053,-0.21633557975292206,-0.9580326080322266,-0.24807274341583252,0.1436430811882019,-0.0373426228761673,0.6203376650810242,0.5031423568725586,0.425959778546192,0.6790961585722243,-0.33264089934608126,0.49672579867763333,-1.7196232405252148,0.2506902229232444,2.0144403543915037
9994,945719.4267921447,945719.4520588334,right,0.9894812703132629,0.2882165312767029,-0.23785676062107086,-0.9623907208442688,-0.2361227422952652,0.13435080647468567,0.11229478567838669,0.3782603442668915,0.7117028832435608,0.4241826347400952,0.6747899047002106,-0.33441592189219577,0.5028852361637692,-1.7095010763025544,0.23837373478068255,2.013726955902143
9995,945719.4467921447,945719.4725317918,right,1.010258436203003,0.26422592997550964,-0.2529158592224121,-0.9667065739631653,-0.22059081494808197,0.12968365848064423,0.21917983889579773,0.19246357679367065,0.845530092716217,0.4200203072915448,0.6714609026221746,-0.33761236006460865,0.5086657513662854,-1.704150207468274,0.2224200882931719,2.0150549072744743
9996,945719.4667921447,945719.4947534584,right,1.0247831344604492,0.23721109330654144,-0.25570613145828247,-0.9707188010215759,-0.20291659235954285,0.1285688281059265,0.29078927636146545,0.03676525875926018,0.9141351580619812,0.4142174586654123,0.6689542973619058,-0.34173758945892074,0.5139448970018367,-1.7024769992202184,0.20433548837414228,2.017806533412858
9997,945719.4867921447,945719.5172003751,right,1.03286874294281,0.21228842437267303,-0.24722734093666077,-0.9742523431777954,-0.18378224968910217,0.13059987127780914,0.3748690187931061,-0.11265112459659576,0.9621425867080688,0.4069799740541182,0.6673071950356247,-0.34641169091365115,0.5187168270345273,-1.704053352040404,0.18483279950166104,2.0221247732609617
9998,945719.5067921447,945719.5705064167,right,1.0170499086380005,0.1910180151462555,-0.21304874122142792,-0.9769552946090698,-0.16193516552448273,0.1390511840581894,0.5285210013389587,-0.34915637969970703,1.0648398399353027,0.396723589736092,0.667607685416847,-0.35188860162751345,0.5225749589874263,-1.7121779418613767,0.16265131273935735,2.030209149030985
9999,945719.5267921448,945719.5706426668,right,1.000717282295227,0.16960544884204865,-0.17864716053009033,-0.9791444540023804,-0.13994593918323517,0.1472795605659485,0.682172954082489,-0.5856616497039795,1.1675372123718262,0.38640765612994965,0.6678079528076188,-0.35731266146725565,0.526354611223191,-1.7200937274148609,0.14040675414986467,2.038083938850019
10000,945719.5467921448,945719.5717668334,right,0.9587495923042297,0.15280050039291382,-0.14066095650196075,-0.9801093339920044,-0.11351076513528824,0.1627911776304245,0.8485073447227478,-0.926530659198761,1.352459192276001,0.37244783671393095,0.6698415685178879,-0.3642909209589689,0.5290433599184949,-1.735388703338253,0.11375588307813332,2.048930253827404
10001,945719.5667921448,945719.5925148334,right,0.9176414012908936,0.14781999588012695,-0.11835671216249466,-0.979168176651001,-0.08214130252599716,0.18569383025169373,0.9856472611427307,-1.2709881067276,1.5422477722167969,0.354763172655895,0.6735374353254455,-0.3730874580764217,0.5303733859483949,-1.7582151598182072,0.08223389004433723,2.0617767062630077
10002,945719.5867921448,945719.6286214167,right,0.8634320497512817,0.1445542871952057,-0.07955418527126312,-0.9755477905273438,-0.04656064510345459,0.21479864418506622,1.0729565620422363,-1.579648494720459,1.6859792470932007,0.33391750337526543,0.6785158391484571,-0.38342612062488296,0.5301882507669348,-1.7875208467176638,0.04657742108521787,2.0754349550142304
10003,945719.6067921448,945719.6321879583,right,0.778997004032135,0.14250445365905762,-0.030873853713274002,-0.9685047268867493,-0.007652871776372194,0.24887731671333313,1.1202646493911743,-1.868722915649414,1.812888503074646,0.3105195778297268,0.6844051786966427,-0.395004068214485,0.5283358298546447,-1.8223248442303277,0.007652884655008424,2.088761245214903
10004,945719.6267921448,945719.6745501667,right,0.6896092295646667,0.14215506613254547,-0.009052046574652195,-0.957256555557251,0.03423207998275757,0.28720715641975403,1.1130861043930054,-2.1312739849090576,1.911387324333191,0.28493557771346034,0.6908396232760079,-0.4078531549151075,0.5246026773986073,-1.8622821105218985,-0.034238829066573676,2.1004458850378067
10005,945719.6467921449,945719.6757265417,right,0.6252968907356262,0.1482631117105484,0.0012657230254262686,-0.9414342641830444,0.07708802074193954,0.32826685905456543,1.0134103298187256,-2.2897469997406006,1.8928776979446411,0.2582932230555584,0.6974535414350278,-0.42153527435528354,0.5187977720292097,-1.906301932000242,-0.07716463116813567,2.109135599212886
10006,945719.6667921449,945719.6937783334,right,0.5612878203392029,0.16361936926841736,0.05648336559534073,-0.9216386675834656,0.11825762689113617,0.3695909082889557,0.8916283249855042,-2.3308095932006836,1.7830126285552979,0.23202658540325974,0.7038941199523798,-0.43511897013380685,0.5112417610827883,-1.9521774412727748,-0.11853506462798649,2.1144894772511114
10007,945719.6867921449,945719.7312654584,right,0.4916106164455414,0.184737890958786,0.1131904125213623,-0.8989604115486145,0.15569280087947845,0.4094262719154358,0.756324291229248,-2.290177822113037,1.628514051437378,0.2073022962573071,0.7099517779667387,-0.4479750028787192,0.502307170929538,-1.998168452391763,-0.15632881290304337,2.1164971969121336
10008,945719.7067921449,945719.7348282083,right,0.4315885901451111,0.218567356467247,0.1576995551586151,-0.8744553923606873,0.18852965533733368,0.4469723105430603,0.5974090695381165,-2.196146011352539,1.44060480594635,0.18471759914642308,0.7155153151531793,-0.459917361741992,0.4923343648042401,-2.043319115381738,-0.18966478515696356,2.1153071620922446
10009,945719.7267921449,945719.7533455418,right,0.3574583828449249,0.25023213028907776,0.2345856875181198,-0.8488150238990784,0.21699805557727814,0.4821048676967621,0.48929470777511597,-2.1464695930480957,1.3101494312286377,0.16413407972467559,0.7206734433750535,-0.47083139687575615,0.48167161140385056,-2.087334418315913,-0.21873822885196076,2.11183618211159
10010,945719.746792145,945719.7736205001,right,0.2710573375225067,0.2686903476715088,0.3109786808490753,-0.8211954236030579,0.24316205084323883,0.5162464380264282,0.44972091913223267,-2.2120628356933594,1.2963106632232666,0.1443020409840984,0.7255910595696964,-0.48129076803380727,0.4701634202875547,-2.1320178001034367,-0.2456244561453616,2.1064359408367053
10011,945719.766792145,945719.7949456667,right,0.19342194497585297,0.2853486239910126,0.3622897267341614,-0.7899895310401917,0.2695867717266083,0.5506717562675476,0.4723760485649109,-2.3680684566497803,1.384670615196228,0.12361712646905267,0.730336568314218,-0.49187838183252053,0.4575836453896047,-2.1795478872137335,-0.2729639090813153,2.0992711213978303
10012,945719.786792145,945719.8300749167,right,0.11751392483711243,0.2888791263103485,0.4077279269695282,-0.7538321018218994,0.29740479588508606,0.5859074592590332,0.5050252676010132,-2.547640800476074,1.49583101272583,0.10128940210726513,0.7348135957692671,-0.5029937213880998,0.4436064156621709,-2.231503578078224,-0.3019733299266192,2.089684353816845
10013,945719.806792145,945719.8335206667,right,0.062468402087688446,0.2856380343437195,0.46516919136047363,-0.7127711176872253,0.3258742094039917,0.6210987567901611,0.5255566239356995,-2.6544272899627686,1.5302274227142334,0.07758564955181117,0.7389483279981842,-0.514300200409828,0.4282885788374459,-2.287575854548956,-0.3319362896902083,2.0776749829613648
10014,945719.826792145,945719.8610850833,right,0.024381760507822037,0.2827979326248169,0.4882223308086395,-0.668731689453125,0.3531225025653839,0.6542950868606567,0.5117132663726807,-2.630704641342163,1.4396166801452637,0.05366133931871728,0.7426975221304335,-0.5249265418588196,0.4122775024155515,-2.3452831881984637,-0.3609065436903485,2.064237536554015
10015,945719.846792145,945719.8735789584,right,-0.009696787223219872,0.2751258313655853,0.48714789748191833,-0.6244028806686401,0.37682321667671204,0.6841968297958374,0.4204092025756836,-2.499213933944702,1.2361491918563843,0.031071711759576605,0.7461915504483599,-0.534131555707761,0.3961515703542443,-2.4018558778951187,-0.3863642931475476,2.0504758527204148
10016,945719.8667921451,945719.893494875,right,-0.05580133572220802,0.2710649371147156,0.5156251788139343,-0.5820199251174927,0.39592331647872925,0.7102800011634827,0.3477870225906372,-2.3452060222625732,1.033235788345337,0.010756677658281099,0.7495933608891164,-0.5415253658479788,0.3804527185466161,-2.4551200807631557,-0.4070731254734551,2.037612167135077
10017,945719.8867921451,945719.9185783333,right,-0.14091907441616058,0.2629028856754303,0.515824019908905,-0.54051274061203,0.41179394721984863,0.7336702942848206,0.2977069318294525,-2.3199455738067627,0.9664891958236694,-0.008057009077979783,0.7528722294809023,-0.5477394489895471,0.36482871283436635,-2.5066423904981217,-0.4244218030803732,2.0250161751264124
10018,945719.9067921451,945719.9335863751,right,-0.2073012739419937,0.2591298818588257,0.5287933349609375,-0.49740487337112427,0.42636194825172424,0.7555156946182251,0.2949680685997009,-2.3789241313934326,0.9837435483932495,-0.026720335011962252,0.7558450600773324,-0.553584714079855,0.34860887018241105,-2.559359739875441,-0.44046701355925316,2.0112548180522567
10019,945719.9267921451,945719.9669288751,right,-0.2482227385044098,0.25277334451675415,0.5784165263175964,-0.4523579478263855,0.4401537775993347,0.7756525874137878,0.3197067677974701,-2.3746118545532227,0.9503612518310547,-0.04559186264242081,0.7584771703957488,-0.5590515303389617,0.331805719577967,-2.613620377898753,-0.455769911016975,1.9964483545520788
10020,945719.9467921451,945719.9809575,right,-0.2881218492984772,0.23557139933109283,0.5831663608551025,-0.40752488374710083,0.45278865098953247,0.7930360436439514,0.3205665349960327,-2.2876765727996826,0.8524669408798218,-0.06402640782632461,0.7608212493648618,-0.5636212948042809,0.31525010403713893,-2.6669034140424763,-0.4698904897962273,1.9820881228750875
10021,945719.9667921452,945719.9935746667,right,-0.30558305978775024,0.2175295352935791,0.5433260798454285,-0.36470314860343933,0.46393635869026184,0.8073132038116455,0.32340067625045776,-2.145148277282715,0.7328019738197327,-0.08141974888042233,0.7629514271912393,-0.5670640529381675,0.2995232292586266,-2.7172851420291293,-0.48243353571483566,1.9691358940231378
10022,945719.9867921452,945720.0235852917,right,-0.34484246373176575,0.188890278339386,0.5089888572692871,-0.32428044080734253,0.4740968346595764,0.8185808062553406,0.3372570276260376,-2.035963535308838,0.6693887710571289,-0.09782477592432556,0.7648025088752249,-0.5695326604923328,0.28485068398027696,-2.764410171782823,-0.49393793991734253,1.957581295431306
10023,945720.0067921452,945720.0347788334,right,-0.3899475038051605,0.15664631128311157,0.476470947265625,-0.28508496284484863,0.4841965436935425,0.8272125720977783,0.3585374057292938,-1.9661372900009155,0.6627247929573059,-0.11385680623856749,0.766151574569101,-0.571504989965474,0.2709804585366307,-2.8097070382710685,-0.5054446184674213,1.946243156462739
10024,945720.0267921452,945720.0572500834,right,-0.38842853903770447,0.13879217207431793,0.43179723620414734,-0.24734905362129211,0.493923157453537,0.8335815668106079,0.3558526635169983,-1.8098591566085815,0.6095972061157227,-0.1292905091362139,0.7669924497617564,-0.5731607599860861,0.2578626019898717,-2.8531382759982624,-0.5165959197114236,1.9347768209884464
10025,945720.0467921452,945720.0736068333,right,-0.34362655878067017,0.13337615132331848,0.37858709692955017,-0.214094877243042,0.502312958240509,0.8377619981765747,0.3358610272407532,-1.520447850227356,0.46664294600486755,-0.14292268893265406,0.7676116407955557,-0.5741544073621494,0.24635769141249791,-2.8913921167292953,-0.5262716035411307,1.924912176228039
10026,945720.0667921453,945720.0948188334,right,-0.35051244497299194,0.11157377809286118,0.3367255628108978,-0.18623265624046326,0.5093790888786316,0.8401488661766052,0.31973034143447876,-1.3225058317184448,0.38282033801078796,-0.15449753992077325,0.7681559876378011,-0.5744655765337264,0.23676147183227922,-2.9234537498280986,-0.5344630579626467,1.9172869044260006
10027,945720.0867921453,945720.1176557917,right,-0.3794950544834137,0.08644624054431915,0.31524208188056946,-0.16027046740055084,0.5161792039871216,0.8413512706756592,0.3371133804321289,-1.3009841442108154,0.4235200881958008,-0.16538214744306123,0.7683942794592685,-0.5746701358376973,0.22797581687902801,-2.9533563312764923,-0.5423838519153866,1.9097814264546198
10028,945720.1067921453,945720.1423377917,right,-0.3789790868759155,0.07348518818616867,0.2935686409473419,-0.13323810696601868,0.5233842730522156,0.8416152596473694,0.3833431899547577,-1.3392804861068726,0.48205170035362244,-0.17669804520843937,0.7681483261982918,-0.5751136077927071,0.21902073118850882,-2.984583506577116,-0.5508177677359113,1.900706932427441
10029,945720.1267921453,945720.1548490417,right,-0.3922371566295624,0.030110687017440796,0.2832685112953186,-0.10529050976037979,0.5309642553329468,0.8408271074295044,0.3954676687717438,-1.3409078121185303,0.4761027991771698,-0.18846795311203454,0.7675458367217507,-0.5755752193286194,0.20991924513422602,-3.017018736508216,-0.5597380210045327,1.8905770956392094
10030,945720.1467921453,945720.1746815417,right,-0.3629574477672577,-0.0002087817993015051,0.23530884087085724,-0.07953302562236786,0.5382875800132751,0.8390000462532043,0.3644678294658661,-1.1651735305786133,0.33547815680503845,-0.19960950643449635,0.7669801513284282,-0.5755357221320931,0.20163340585995485,-3.047080257983148,-0.5684037941647923,1.8817154949197161
10031,945720.1667921453,945720.1950150834,right,-0.31763750314712524,-0.009508781135082245,0.16895394027233124,-0.06024915352463722,0.5443219542503357,0.8367102146148682,0.2946777045726776,-0.8404693603515625,0.11558318883180618,-0.20845209696939995,0.7669759785022094,-0.5745457789960119,0.1954295303189669,-3.0697097342817643,-0.5755805898853574,1.877022383318636
10032,945720.1867921454,945720.2218257918,right,-0.2920461893081665,-0.007094113621860743,0.1255892664194107,-0.048848796635866165,0.5488044619560242,0.834522545337677,0.22702181339263916,-0.5185087323188782,-0.050315193831920624,-0.2143727102896025,0.767579936364828,-0.5727845924673539,0.19178939301257467,-3.0831245534454546,-0.5809333390998285,1.876917651490986
10033,945720.2067921454,945720.281282,right,-0.4059434235095978,-0.027183882892131805,0.14940625429153442,-0.04237848520278931,0.5528063774108887,0.832231342792511,0.06249644607305527,-0.511821448802948,-0.11828659474849701,-0.21842116320382077,0.7677541630639106,-0.5715497277727077,0.19020112555094118,-3.090715285805852,-0.5857281673047217,1.877065613827867
10034,945720.2267921454,945720.2813625834,right,-0.519823431968689,-0.04726158827543259,0.17329202592372894,-0.03592527285218239,0.5567963123321533,0.829871654510498,-0.10202892869710922,-0.505134105682373,-0.1862579882144928,-0.2224652080712909,0.7679126894875943,-0.5703032550011066,0.18860891110679698,-3.098329719778253,-0.5905238855361493,1.8771701743699631
10035,945720.2467921454,945720.2822733751,right,-0.6053556203842163,-0.060452938079833984,0.27896296977996826,-0.028186753392219543,0.5552074313163757,0.8312340378761292,0.16910487413406372,-0.40438252687454224,0.17962585389614105,-0.22432277415414423,0.7688034272773501,-0.5697000838396211,0.18455951461177153,-3.1076963266405113,-0.5886122829993675,1.8764071167566063
10036,945720.2667921454,945720.304769375,right,-0.76775723695755,-0.12956753373146057,0.2323911041021347,-0.01573847234249115,0.5590869188308716,0.828959584236145,0.17566247284412384,-0.31788089871406555,0.6255041360855103,-0.22921097376396674,0.7659426920053118,-0.5725482165559606,0.18161081840964982,-3.1226093348940145,-0.5932840166680624,1.8635865501342541
10037,945720.2867921455,945720.326551125,right,-0.7335625886917114,-0.1365649551153183,0.21539315581321716,-0.003727903123944998,0.5630067586898804,0.8264434337615967,0.22490566968917847,-0.09338551014661789,0.8664138913154602,-0.23348617738854324,0.7612743891827223,-0.5776529356741388,0.17961701913022718,-3.137082124533459,-0.5980193802544007,1.8447673899639632
10038,945720.3067921455,945720.3373816668,right,-0.5734074711799622,-0.12211431562900543,0.17358769476413727,0.006401009391993284,0.5685806274414062,0.822602391242981,0.313012957572937,0.14961521327495575,0.9863501191139221,-0.23750641995799063,0.7547535341972935,-0.5845067965078493,0.17969246326807475,3.133811175696681,-0.604779319015747,1.8212521771884762
10039,945720.3267921455,945720.3374790418,right,-0.4133620858192444,-0.1074402779340744,0.13180890679359436,0.01663947105407715,0.5739308595657349,0.8187347054481506,0.40112024545669556,0.3926159739494324,1.106286644935608,-0.24150147806215394,0.7481530268943599,-0.5912988156056962,0.17974893907770284,3.1212718290492343,-0.6112978935712604,1.7975287493884904
10040,945720.3467921455,945720.3548833334,right,-0.22078882157802582,-0.08004909753799438,0.016627900302410126,0.016313068568706512,0.5747924447059631,0.8181361556053162,0.08698039501905441,0.6625798940658569,0.6178719997406006,-0.2401904603429757,0.742785069061617,-0.5977778105707164,0.18231909728331566,3.121655762616983,-0.6123504247908633,1.7799933868268925
10041,945720.3667921455,945720.3952897501,right,-0.07137719541788101,-0.05702479928731918,-0.03909451141953468,0.010756844654679298,0.5761351585388184,0.8172836303710938,-0.0819949209690094,0.6343063712120056,0.41233184933662415,-0.2376170029589579,0.7382482932746197,-0.603018362013184,0.18680558367003955,3.128431485248302,-0.6139922034089548,1.7675897564448404
10042,945720.3867921456,945720.399985875,right,0.05802379176020622,-0.018397442996501923,-0.03487037494778633,0.004752453416585922,0.5776159763336182,0.8162949085235596,-0.021181469783186913,0.5483549237251282,0.37772423028945923,-0.2351004823272367,0.7342678293316567,-0.6074521422315451,0.1912598762014923,3.1357705145005177,-0.6158050573461827,1.75741929094003
10043,945720.4067921456,945720.4172999167,right,0.09624037146568298,0.013644928112626076,-0.016538802534341812,0.0011493475176393986,0.5793076753616333,0.8151081800460815,0.11112120002508163,0.41907721757888794,0.4159132242202759,-0.23354748998554878,0.7305463093024422,-0.6114377012510638,0.19468303908514106,3.140182375737148,-0.6178789936228908,1.7473933799656889
10044,945720.4267921456,945720.4346557084,right,0.1257804036140442,0.023063380271196365,-0.01498609222471714,0.00017389081767760217,0.5807434916496277,0.8140864372253418,0.16363443434238434,0.3168725371360779,0.3724839687347412,-0.23287741866651473,0.7272621188121271,-0.6149251318207125,0.196786189275142,3.14137882757603,-0.6196415599788367,1.7377323082794298
10045,945720.4467921456,945720.4562277084,right,0.14959639310836792,0.021764768287539482,-0.03695221617817879,-0.0003671182203106582,0.5818260908126831,0.8133127689361572,0.0967787578701973,0.2626689672470093,0.25461894273757935,-0.23240137259714055,0.7246890455952119,-0.6176423435464942,0.19832560927525164,-3.1411414910571507,-0.6209720863193953,1.7300976358121778
10046,945720.4667921456,945720.499962375,right,0.16712160408496857,0.019635189324617386,-0.06108180806040764,-0.002191291656345129,0.5823140144348145,0.812960684299469,-0.01312226615846157,0.24115131795406342,0.11283185333013535,-0.23146863084264618,0.7229792473260195,-0.6195008101223507,0.19985436590271388,-3.138897437601411,-0.6215720703067459,1.7255175890641858
10047,945720.4867921456,945720.5005852918,right,0.17301179468631744,0.022837206721305847,-0.07082860171794891,-0.005645558703690767,0.5820014476776123,0.8131682872772217,-0.07907476276159286,0.235233873128891,0.0010222122073173523,-0.22987807091465265,0.7221814505316194,-0.6205142805772943,0.20142488252211135,-3.1346503180498138,-0.6211876945822811,1.7241735887477316
10048,945720.5067921457,945720.517299375,right,0.17748045921325684,0.03211592882871628,-0.06339593231678009,-0.009997733868658543,0.5809345245361328,0.8138889670372009,-0.09802872687578201,0.23507963120937347,-0.06720194220542908,-0.22782252027138417,0.7220315065555543,-0.6209789782324692,0.2028606366234963,-3.12930958991417,-0.6198762723062866,1.7249335935875405
10049,945720.5267921457,945720.5357200417,right,0.17231544852256775,0.03834689408540726,-0.04710396006703377,-0.014243800193071365,0.5794702172279358,0.8148688077926636,-0.07455358654260635,0.19243833422660828,-0.07082821428775787,-0.22573314316495943,0.7222511127123575,-0.621118040222719,0.20398547419548604,-3.12411478487858,-0.6180784045131544,1.7266591947239731
10050,945720.5467921457,945720.5712678334,right,0.14598961174488068,0.03543304279446602,-0.041041843593120575,-0.01618366315960884,0.5784842371940613,0.8155328035354614,-0.022947099059820175,0.0535510890185833,0.017071019858121872,-0.2246092892077981,0.7223026943967693,-0.6213252781996867,0.20441176453521917,-3.121751196308998,-0.6168691461728235,1.7271413882976252
10051,945720.5667921457,945720.5759747918,right,0.12988218665122986,0.03166596591472626,-0.03696885704994202,-0.014242834411561489,0.5786246061325073,0.8154695630073547,0.044338684529066086,-0.12840096652507782,0.13998183608055115,-0.2251898125297104,0.7218525967886285,-0.6218227182287526,0.20384974327226846,-3.1241288423588243,-0.6170411849111537,1.724977731931287
10052,945720.5867921457,945720.5992209584,right,0.12508781254291534,0.028736090287566185,-0.03737099841237068,-0.008156218566000462,0.5798991918563843,0.8146471381187439,0.08221880346536636,-0.2647138833999634,0.22756510972976685,-0.22756114581048148,0.7208521375066465,-0.6226521047483299,0.2022182315343748,-3.131581244169603,-0.6186048239872797,1.7199206852601123
10053,945720.6067921458,945720.6287903751,right,0.1373566836118698,0.030686238780617714,-0.0360688790678978,-0.0006848702323623002,0.5816722512245178,0.8134226202964783,0.08517203480005264,-0.27832937240600586,0.18873630464076996,-0.23063653021760103,0.7197667363561059,-0.6234156392590398,0.20023815599974767,-3.1407509162018337,-0.6207829411635657,1.7142875736473915
10054,945720.6267921458,945720.6398170417,right,0.14338898658752441,0.03605500981211662,-0.02846166305243969,0.00545985484495759,0.5830740928649902,0.8124004602432251,0.07267610728740692,-0.22761619091033936,0.08518961071968079,-0.2332386529885303,0.7191475835287386,-0.623720195260542,0.19849283148452354,3.1348718852382684,-0.622507340726251,1.7105201947535167
10055,945720.6467921458,945720.6652213334,right,0.11774943768978119,0.028346097096800804,-0.021724103018641472,0.010104384273290634,0.584414005279541,0.8113925457000732,0.08495434373617172,-0.25533434748649597,0.038574911653995514,-0.2354690035782518,0.7190577135692148,-0.6234197399344069,0.1971242919502435,3.129139932655401,-0.6241576569565347,1.7090180497239287
10056,945720.6667921458,945720.6837360001,right,0.0756717324256897,0.01985103078186512,-0.01603890210390091,0.015945643186569214,0.5862023234367371,0.8100077509880066,0.13094666600227356,-0.3738137185573578,0.06151510775089264,-0.23838131528896175,0.7191046756209549,-0.6228099490237768,0.19537259032217003,3.1219091775766987,-0.6263631863891339,1.7076945250213562
10057,945720.6867921458,945720.6998942083,right,-0.001958924112841487,0.0024669200647622347,-0.0006811490166001022,0.02439841628074646,0.5887352824211121,0.8079579472541809,0.1899704784154892,-0.498676598072052,0.10482659190893173,-0.24253484129751987,0.7190242196240276,-0.6220795963192491,0.19286788271925706,3.111403966653617,-0.6294932312773321,1.7052905209600198
10058,945720.7067921459,945720.7172874584,right,-0.17895911633968353,-0.02332642301917076,0.04896106198430061,0.03534559905529022,0.591921329498291,0.805220365524292,0.22561034560203552,-0.6141870021820068,0.18794891238212585,-0.24782325673572012,0.7186990772812086,-0.6213547390338521,0.18966667889163888,3.0977250229876763,-0.6334404840984452,1.701445848464357
10059,945720.7267921459,945720.7423474167,right,-0.3445828855037689,-0.05472433567047119,0.10356038063764572,0.04863402247428894,0.5955511331558228,0.8018438816070557,0.24159225821495056,-0.6618307828903198,0.2521066665649414,-0.25404186816019403,0.7178994110356247,-0.6209205029724324,0.18585153130313925,3.081013897117764,-0.6379514642984434,1.6954040655060105
10060,945720.7467921459,945720.75973275,right,-0.46293210983276367,-0.06691686809062958,0.15546278655529022,0.060929182916879654,0.5989063382148743,0.7984979152679443,0.1815233826637268,-0.5155067443847656,0.155449777841568,-0.2598081258324794,0.7170662627918801,-0.6205359016104218,0.18234798786792814,3.0654352388971806,-0.6421345958573064,1.6895409412889928
10061,945720.7667921459,945720.7775365417,right,-0.5174534916877747,-0.07325737178325653,0.19694656133651733,0.06647468358278275,0.6010885834693909,0.7964131236076355,0.05784101411700249,-0.12536567449569702,-0.1402716487646103,-0.26289131611352407,0.7171557881851045,-0.6195918303279829,0.1807806396093084,3.0583178529112174,-0.6448623951208066,1.6886744799202733
10062,945720.7867921459,945720.8022238751,right,-0.5157182812690735,-0.07465356588363647,0.21712985634803772,0.060146961361169815,0.6014561057090759,0.7966386079788208,-0.0747382640838623,0.3895576596260071,-0.5364454984664917,-0.2613777155191887,0.719020671540617,-0.6175179800467905,0.1826538179813916,3.066234448388624,-0.6453223468053709,1.6971878410971988
10063,945720.806792146,945720.8424048751,right,-0.5654484629631042,-0.06438979506492615,0.2763415575027466,0.043123263865709305,0.6001838445663452,0.7986984252929688,-0.09510865062475204,0.7062349319458008,-0.7380099892616272,-0.25579017581701524,0.7224391978927137,-0.614353902694543,0.18767527260066455,3.0876528716272187,-0.6437308426058174,1.7141626389910705
10064,945720.826792146,945720.8435646667,right,-0.6884627938270569,-0.07261629402637482,0.36153215169906616,0.02264382503926754,0.5992850065231323,0.8002152442932129,-0.05600403621792793,0.7405012845993042,-0.6720799207687378,-0.24926304525968737,0.7256786833341725,-0.6111448022595609,0.19431990469903251,3.113302804541902,-0.6426076036069529,1.7323144869582496
10065,945720.846792146,945720.8672385,right,-0.7864753007888794,-0.08552280068397522,0.4376203417778015,0.003823816543444991,0.5992152094841003,0.8005791902542114,-0.013096543960273266,0.7158430218696594,-0.5531237125396729,-0.24354275362842098,0.7279366407723188,-0.6086030891057187,0.20099121953608093,3.13681614908066,-0.6425203969431924,1.747305419425969
10066,945720.866792146,945720.877398125,right,-0.8027024269104004,-0.08138072490692139,0.4354426860809326,-0.015036050230264664,0.5985912680625916,0.8009132146835327,-0.10498368740081787,0.8419443368911743,-0.5810372233390808,-0.2375000710641537,0.7297747826092188,-0.6065354573706141,0.20769441617478118,-3.122821450555407,-0.6417412454002787,1.7609618113564487
10067,945720.886792146,945720.9000187917,right,-0.7634028792381287,-0.052800633013248444,0.42505234479904175,-0.03927941620349884,0.595041036605835,0.8027350902557373,-0.3287127912044525,1.1691398620605469,-0.8164528012275696,-0.22854234595832237,0.7322794440439421,-0.604263398051675,0.21540873469506677,-3.092699893407107,-0.6373166024571166,1.777909270177378
10068,945720.906792146,945720.9373089584,right,-0.7401261925697327,-0.03316006064414978,0.44715094566345215,-0.07243466377258301,0.5863655805587769,0.8068017959594727,-0.615976095199585,1.505025029182434,-1.1364307403564453,-0.214836992715326,0.7362463419019842,-0.6011173975777605,0.224598047784553,-3.052052929587637,-0.6265647219508261,1.801219176331356
10069,945720.926792146,945720.93856775,right,-0.7114773988723755,0.01188091840595007,0.4950940012931824,-0.11380794644355774,0.57157963514328,0.8126159906387329,-0.9102186560630798,1.7531590461730957,-1.4125362634658813,-0.1964259572865286,0.7417371321258959,-0.5967695676476352,0.23475285727704742,-3.002446569249611,-0.6084295948278036,1.8303161233794083
10070,945720.9467921461,945720.966983,right,-0.6598895192146301,0.09040385484695435,0.5490909814834595,-0.16128306090831757,0.55034339427948,0.8192129731178284,-1.169079303741455,1.9422690868377686,-1.6420565843582153,-0.17396080650674595,0.7483248807611101,-0.5912835609172394,0.2452164882406178,-2.947203278995779,-0.582775417627579,1.8626592481607682
10071,945720.9667921461,945720.9840255,right,-0.6188112497329712,0.15043580532073975,0.6218394637107849,-0.21257662773132324,0.5227895975112915,0.8255313634872437,-1.3889268636703491,2.0416808128356934,-1.7888318300247192,-0.14826039858268017,0.7555001427505208,-0.5847949255553019,0.255446861914576,-2.8895652703619343,-0.5501200394980229,1.8956337784847277
10072,945720.9867921461,945720.9998692917,right,-0.5284607410430908,0.21108144521713257,0.6960355043411255,-0.2663107216358185,0.4903810918331146,0.8298224806785583,-1.4660398960113525,2.182197332382202,-1.9014289379119873,-0.12034597993278959,0.7626071274463908,-0.5773573631469833,0.26571729012460277,-2.8310510766253594,-0.5125269550512357,1.9275380260535446
10073,945721.0067921461,945721.0276714168,right,-0.4119650721549988,0.26464593410491943,0.6954062581062317,-0.3221958577632904,0.45417922735214233,0.8306087255477905,-1.4931007623672485,2.33747935295105,-1.9931375980377197,-0.09072582295288698,0.7692254528294445,-0.5688554183307938,0.2765219223106553,-2.771557926484616,-0.47145070627579455,1.9579226268088465
10074,945721.0267921461,945721.0424451251,right,-0.29817092418670654,0.31515657901763916,0.6968395709991455,-0.3803216218948364,0.4147792458534241,0.826627790927887,-1.5112390518188477,2.536205530166626,-2.096963882446289,-0.05957317100004414,0.7750365789976453,-0.5591351605642194,0.2883349798340836,-2.710381343954778,-0.42770015756299296,1.9867166566784595
10075,945721.0467921462,945721.0598247084,right,-0.19583171606063843,0.37732627987861633,0.6945694088935852,-0.4406290650367737,0.37222591042518616,0.816880464553833,-1.5289314985275269,2.7389585971832275,-2.171753168106079,-0.026816853494486346,0.7797451405201944,-0.5481219506735886,0.3013976141298717,-2.6469206362897726,-0.38140612274756774,2.0136011420187434
10076,945721.0667921462,945721.0771249167,right,-0.10392964631319046,0.4330008625984192,0.6881145238876343,-0.5014870762825012,0.3275621235370636,0.8007581830024719,-1.473230004310608,2.8856279850006104,-2.1318893432617188,0.006887735254468257,0.7829149600481463,-0.5361186173010816,0.3155525253509329,-2.5820840536340133,-0.3337222115416185,2.0374256504640758
10077,945721.0867921462,945721.1029215001,right,-0.04489464685320854,0.47103261947631836,0.6033291816711426,-0.5593052506446838,0.2826039493083954,0.7793024778366089,-1.4620856046676636,2.83099365234375,-1.9165223836898804,0.04025626185536747,0.7840982040306317,-0.524252974272302,0.32973935941095,-2.519086248695474,-0.28650763901926496,2.0556455803151006
10078,945721.1067921462,945721.1186510418,right,0.01972026377916336,0.5179252028465271,0.584429919719696,-0.6108633875846863,0.2392248958349228,0.7547301054000854,-1.4376221895217896,2.668036699295044,-1.6613315343856812,0.0719964516607117,0.7833278974537208,-0.5135780334839242,0.34271187797150116,-2.4611584812667,-0.24156752102903467,2.0668141400468776
10079,945721.1267921462,945721.13737625,right,0.08855144679546356,0.5417377948760986,0.6011515855789185,-0.6560404896736145,0.19858627021312714,0.7281308770179749,-1.3826243877410889,2.5355732440948486,-1.4419761896133423,0.10168447403458537,0.7809027419375563,-0.5042383289611923,0.3543936028977564,-2.4082295338892084,-0.19991528839267012,2.071878915800819
10080,945721.1467921463,945721.1624000834,right,0.18183733522891998,0.542781412601471,0.5386139154434204,-0.6969371438026428,0.16022878885269165,0.6990029215812683,-1.3761669397354126,2.514263153076172,-1.3415662050247192,0.12996366041945864,0.7771621173251426,-0.49550021208027234,0.36552406174123886,-2.35767441214628,-0.16092247705254567,2.073044673014121
10081,945721.1667921463,945721.1771320833,right,0.2676991820335388,0.5333650708198547,0.47840753197669983,-0.7354632019996643,0.12244449555873871,0.6664091348648071,-1.357330322265625,2.573087215423584,-1.31983482837677,0.15801714733186395,0.7722800767689983,-0.4866086761156566,0.3765978151660576,-2.306975876976632,-0.1227525836936301,2.071562216597521
10082,945721.1867921463,945721.2281514168,right,0.3117699921131134,0.5039305686950684,0.44293099641799927,-0.7718151211738586,0.08567184209823608,0.6300488114356995,-1.262513279914856,2.5762619972229004,-1.2980834245681763,0.18556524534911786,0.766489500039605,-0.4769886889437165,0.3879961097015492,-2.2554101620557425,-0.0857770353548417,2.0690033385001785
10083,945721.2067921463,945721.2282307501,right,0.33377495408058167,0.4709095060825348,0.40385159850120544,-0.8044712543487549,0.05149132385849953,0.5917552709579468,-1.1045565605163574,2.4721062183380127,-1.1875609159469604,0.2114926475764244,0.7600532381877662,-0.4671152763963952,0.3992405464441762,-2.205006523703693,-0.0515141540131882,2.0655079480805445
10084,945721.2267921463,945721.2411085834,right,0.3660023510456085,0.44365978240966797,0.36634907126426697,-0.8327544331550598,0.021085120737552643,0.5532404780387878,-0.9613076448440552,2.3388028144836426,-1.068332552909851,0.23502561079494888,0.7532400940442735,-0.4574380624429271,0.4100517993929818,-2.1571935075771944,-0.021086737545113303,2.0613690668077806
10085,945721.2467921464,945721.264981625,right,0.42442330718040466,0.4299285113811493,0.2922133803367615,-0.85744708776474,-0.006079384591430426,0.5145366787910461,-0.8838099241256714,2.2695908546447754,-0.9879857301712036,0.2565974890792838,0.7460642383960886,-0.4479469378207304,0.420582283816081,-2.111274532919417,0.006079365701936929,2.0567040599733475
10086,945721.2667921464,945721.3014187084,right,0.49993640184402466,0.4155324697494507,0.20480987429618835,-0.8795503973960876,-0.03171788156032562,0.47474709153175354,-0.8785328269004822,2.2681283950805664,-0.968919038772583,0.2773053862547902,0.7384028887794958,-0.43833173240830847,0.43096169584988875,-2.0657446705150067,0.03172314362028945,2.051232810940233
10087,945721.2867921464,945721.3015061667,right,0.5672985911369324,0.39821135997772217,0.13990940153598785,-0.8993914723396301,-0.056643933057785034,0.4334586560726166,-0.852296769618988,2.2751662731170654,-0.9403857588768005,0.2976898181323334,0.7301632816079641,-0.428475096512576,0.4411930571192686,-2.0198972585078456,0.05667420795585264,2.0446426474821138
10088,945721.3067921464,945721.324865625,right,0.6167967319488525,0.37362751364707947,0.09294735640287399,-0.916619598865509,-0.07997620105743408,0.3916786015033722,-0.8261116743087769,2.1827690601348877,-0.8482918739318848,0.3173206621643871,0.7213981076892715,-0.4188365681594608,0.451074406438652,-1.974620043851465,0.08006164100625987,2.0366724427112763
10089,945721.3267921464,945721.3423335,right,0.668239414691925,0.35266855359077454,0.045648977160453796,-0.9309045076370239,-0.10016648471355438,0.3512594997882843,-0.7850297689437866,2.01937198638916,-0.6892892718315125,0.3353282495647065,0.7123551828796949,-0.4100973585687274,0.4603531345994565,-1.9316094538819648,0.10033468505261708,2.027472929411947
10090,945721.3467921464,945721.3649321668,right,0.7287664413452148,0.32886213064193726,0.0067477538250386715,-0.9424874186515808,-0.11643246561288834,0.31330636143684387,-0.7027746438980103,1.8520227670669556,-0.5228044986724854,0.3512769123595178,0.7032494162616201,-0.4026083034454199,0.4689895333491157,-1.8917292120479825,0.11669709374363693,2.017461040933726
10091,945721.3667921465,945721.4034117084,right,0.7814077734947205,0.2978824973106384,-0.04007694870233536,-0.9518716931343079,-0.12852835655212402,0.278245210647583,-0.5632237792015076,1.6826413869857788,-0.3595595061779022,0.3648560770119065,0.6943702106284804,-0.39619770093505874,0.47723912561107723,-1.855186757080663,0.12888482112221059,2.0079092735004163
10092,945721.3867921465,945721.4043325834,right,0.8356474041938782,0.264327734708786,-0.10150736570358276,-0.9594731330871582,-0.13639798760414124,0.24659062922000885,-0.3808574080467224,1.4947186708450317,-0.20599575340747833,0.3757341176378952,0.6860731663402786,-0.3906391309668185,0.4853127069348473,-1.8223582533495204,0.13682443735492383,2.0002132879518637
10093,945721.4067921465,945721.4188812918,right,0.8872236013412476,0.2393568605184555,-0.14351056516170502,-0.9656237959861755,-0.14017100632190704,0.2189120054244995,-0.15172216296195984,1.2966389656066895,-0.04892820864915848,0.3836648873808162,0.6786959623973505,-0.385782064987506,0.493300125297411,-1.793733321903428,0.14063405501074805,1.9954599057471056
10094,945721.4267921465,945721.4450159584,right,0.9178429245948792,0.21061840653419495,-0.18825477361679077,-0.9706078171730042,-0.13964398205280304,0.19600988924503326,0.07820947468280792,1.0504934787750244,0.12854541838169098,0.3882648432455877,0.6725581391712497,-0.3816680637132015,0.5012437186601958,-1.770061929374473,0.14010180398851851,1.994553777092365
10095,945721.4467921465,945721.467299,right,0.9383010864257812,0.1851390153169632,-0.23131303489208221,-0.9746314883232117,-0.13470031321048737,0.17874333262443542,0.2876070737838745,0.7719104886054993,0.31461966037750244,0.38938979031289267,0.6678357131531457,-0.3786385341413255,0.5089241124547047,-1.7521765971679626,0.13511095613274857,1.9974071602405548
10096,945721.4667921466,945721.4786137918,right,0.9542557597160339,0.15419067442417145,-0.2567863166332245,-0.9778727889060974,-0.12536950409412384,0.16747300326824188,0.461127370595932,0.4751083254814148,0.5005723834037781,0.38710678714018115,0.6645566417506386,-0.37696284198868063,0.5161507870955752,-1.740413384885146,0.1257001981380537,2.0035844438706714
10097,945721.4867921466,945721.5353669167,right,0.9821068048477173,0.1275167167186737,-0.27432477474212646,-0.9801107048988342,-0.11049659550189972,0.16484320163726807,0.5668620467185974,0.23859545588493347,0.6314725279808044,0.3805008377071343,0.6632958922366585,-0.37743896936122395,0.5223000025742733,-1.7374252453861707,0.11072263135083545,2.0132291450291824
10098,945721.5067921466,945721.5354425417,right,1.0097506046295166,0.10084707289934158,-0.29167667031288147,-0.9821417927742004,-0.09562812745571136,0.162027046084404,0.6725967526435852,0.002082579070702195,0.7623726725578308,0.3738631015263607,0.6619800247701196,-0.3778835608499516,0.5284058219759769,-1.7342968841165836,0.09577441506071897,2.022904312738838
10099,945721.5267921466,945721.5420838334,right,1.0314733982086182,0.07803323119878769,-0.3266964256763458,-0.9832581281661987,-0.07814352959394455,0.16461148858070374,0.684709370136261,-0.15897826850414276,0.8016172051429749,0.36503003293026864,0.6618856940653557,-0.37975398611032224,0.5333358716485301,-1.736672418404061,0.07822321557754792,2.0335847210367834
10100,945721.5467921466,945721.564955875,right,1.0352541208267212,0.05438176915049553,-0.33895766735076904,-0.9835776090621948,-0.06001601368188858,0.17021432518959045,0.6543756723403931,-0.32840362191200256,0.8188419938087463,0.3553534716214203,0.6625022938918673,-0.38235832615605214,0.5372303941744423,-1.7421555117807992,0.060052038873513465,2.0441496801744456
10101,945721.5667921467,945721.5859820833,right,1.0301377773284912,0.045554470270872116,-0.30768176913261414,-0.9829652905464172,-0.04123278334736824,0.17910659313201904,0.6547344326972961,-0.5268264412879944,0.8550633788108826,0.34480757610364965,0.6638829072783531,-0.385762613808584,0.5399577021007416,-1.7510296148147433,0.04124441563087158,2.054414197570966
10102,945721.5867921467,945721.6006545834,right,1.0236155986785889,0.05245833098888397,-0.2583875358104706,-0.9811189770698547,-0.021076135337352753,0.19225220382213593,0.6668033003807068,-0.773831307888031,0.9397942423820496,0.33299248274475796,0.6661530116403707,-0.3903412351982255,0.5412851330926448,-1.7642965969491038,0.021077636223896936,2.0641749500520783
10103,945721.6067921467,945721.64312575,right,0.997113049030304,0.06744063645601273,-0.20454691350460052,-0.9775888919830322,0.0009828658076003194,0.21052008867263794,0.6479902267456055,-1.0845123529434204,1.0461010932922363,0.31960483950695473,0.6694048499450169,-0.3964305784232776,0.5409181412607487,-1.7829034629097962,-0.0009829241338507623,2.073037321863911
10104,945721.6267921467,945721.6433360834,right,0.9225885272026062,0.08814515918493271,-0.15026473999023438,-0.9715681076049805,0.02579805813729763,0.23535053431987762,0.667380154132843,-1.481890082359314,1.230804443359375,0.30409181778820576,0.6738090176844908,-0.4045450331415727,0.5383797803548293,-1.8084562159345492,-0.02580097659503459,2.080484665624733
10105,945721.6467921467,945721.6648845418,right,0.8344716429710388,0.08269885182380676,-0.10065572708845139,-0.9617933630943298,0.05494515970349312,0.2682057321071625,0.6747757792472839,-1.9409263134002686,1.440813422203064,0.2854033897001845,0.6795253515970012,-0.4151483697901388,0.5333308782445224,-1.842747682954641,-0.054972895866377575,2.0864896902923937
10106,945721.6667921467,945721.6860611667,right,0.8072414994239807,0.1160593032836914,-0.040076639503240585,-0.9475489258766174,0.08727820962667465,0.307462215423584,0.6735056042671204,-2.2312777042388916,1.5030732154846191,0.26403352969136545,0.686255100299215,-0.42753368507734907,0.5258848482228806,-1.8845593621967818,-0.087389449888017,2.0908172318153735
10107,945721.6867921468,945721.7023286667,right,0.7498382925987244,0.15448421239852905,0.05747750401496887,-0.9294058084487915,0.11921661347150803,0.3492734134197235,0.6692327857017517,-2.356414794921875,1.425159215927124,0.24176055756170012,0.693601240467701,-0.4399477535291339,0.5166380588012,-1.9302708026794926,-0.11950087971879114,2.0938848323370993
10108,945721.7067921468,945721.7197530417,right,0.6471031904220581,0.18049564957618713,0.12128587812185287,-0.9078912138938904,0.1494254469871521,0.3916699290275574,0.6186918616294861,-2.4333138465881348,1.3230570554733276,0.21938684470751918,0.7012797799430024,-0.4517096676485521,0.5059982531021086,-1.978080637905811,-0.14998721307649532,2.0958774580854276
10109,945721.7267921468,945721.7449469584,right,0.5973643660545349,0.2217141091823578,0.1660330891609192,-0.8840686082839966,0.17622709274291992,0.4328586459159851,0.565300703048706,-2.347348690032959,1.1097664833068848,0.1981059914675851,0.7089528366773006,-0.46240153940309514,0.4942919782033836,-2.0261064481073534,-0.1771522740194143,2.096393644461274
10110,945721.7467921468,945721.7787815834,right,0.5192081332206726,0.2581130266189575,0.2583993077278137,-0.8597316145896912,0.19812513887882233,0.47075262665748596,0.5240155458450317,-2.231950283050537,0.8719085454940796,0.17890592610201475,0.7164994899043609,-0.47117382371173805,0.48230310010792093,-2.0717625343374952,-0.199444815207915,2.0966198865140684
10111,945721.7667921468,945721.779839625,right,0.3628067374229431,0.27943071722984314,0.3902609050273895,-0.8346025943756104,0.21711669862270355,0.5062597990036011,0.5781563520431519,-2.2452664375305176,0.784669041633606,0.16059130294632926,0.7241791332558812,-0.47822009477877986,0.47019195116676893,-2.1160458392441415,-0.21885977393348519,2.0978989316786176
10112,945721.7867921469,945721.8286913334,right,0.18725436925888062,0.29125747084617615,0.3997792601585388,-0.8066046833992004,0.2368602454662323,0.5415590405464172,0.6166083812713623,-2.3998067378997803,0.8540868163108826,0.14123834826474746,0.7319106512424888,-0.48485698856879256,0.45746270197908206,-2.1620727787692218,-0.23913288270346342,2.0993450997997485
10113,945721.8067921469,945721.8307878751,right,0.06392323225736618,0.3069379925727844,0.4237161874771118,-0.7746155858039856,0.2573951482772827,0.5776835680007935,0.5994710922241211,-2.5137786865234375,0.874163031578064,0.12082397710745253,0.7395563061685756,-0.49183148734414,0.4433504823012391,-2.2115835603134832,-0.26032559068754807,2.099005908137742
10114,945721.8267921469,945721.8395070834,right,-0.10968585312366486,0.25223585963249207,0.5144070386886597,-0.7395390868186951,0.27850237488746643,0.6127955317497253,0.700300931930542,-2.5889217853546143,0.9221058487892151,0.09954111669846116,0.746996504689629,-0.4983913629669514,0.42859505032343803,-2.2627455098600397,-0.2822344738203646,2.0982193209245295
10115,945721.8467921469,945721.8655545834,right,-0.22985796630382538,0.17381681501865387,0.37859073281288147,-0.7007811665534973,0.30092698335647583,0.6467987895011902,0.6510583758354187,-2.6592962741851807,0.958278238773346,0.07707603605368542,0.7539765480736629,-0.5048947560549051,0.4131099151467069,-2.3161572265219257,-0.30566457580787404,2.0961606487633886
10116,945721.8667921469,945721.8836694168,right,-0.17098741233348846,0.2220226377248764,0.36847609281539917,-0.6622917056083679,0.32004791498184204,0.6774505376815796,0.5129154920578003,-2.3275463581085205,0.6532294154167175,0.05644680872646444,0.7603909403222724,-0.5104222074780708,0.3976034132767762,-2.367508834497898,-0.3257800883097261,2.0930124207031033
10117,945721.886792147,945721.9004313333,right,-0.20448070764541626,0.25823596119880676,0.5106277465820312,-0.6295586228370667,0.3331679403781891,0.7018939256668091,0.4198121726512909,-1.9937468767166138,0.4094087779521942,0.039941243575936265,0.7663203517335132,-0.5135173210620976,0.3840021824854594,-2.4104693492324296,-0.33966151890564283,2.091917465809182
10118,945721.906792147,945721.9308141251,right,-0.33069097995758057,0.2349165976047516,0.557992160320282,-0.5977377891540527,0.34472957253456116,0.7237892746925354,0.4154391586780548,-2.0681607723236084,0.5768631100654602,0.024695575418548537,0.7716216385882694,-0.516231169109415,0.37080371023931563,-2.451290079911721,-0.3519506964965938,2.0900211947676786
10119,945721.926792147,945721.9615701667,right,-0.33513903617858887,0.23500540852546692,0.4874158203601837,-0.56081223487854,0.35866257548332214,0.7462241649627686,0.40033745765686035,-2.229372501373291,0.8248006105422974,0.007842798290400906,0.7759110029880306,-0.5206477987184853,0.35612675647371606,-2.497111124942551,-0.3668347718372599,2.083291055116348
10120,945721.946792147,945721.9620658334,right,-0.30684542655944824,0.22681571543216705,0.5070511102676392,-0.5203111171722412,0.37461769580841064,0.767422616481781,0.45368027687072754,-2.221829414367676,0.956977903842926,-0.010214435904492131,0.7790048999241745,-0.5261773427294577,0.3408580104128829,-2.5457862367251103,-0.38398443110100255,2.072705156895307
10121,945721.966792147,945721.9848717917,right,-0.3392983376979828,0.18185630440711975,0.49648964405059814,-0.4781586229801178,0.3916681408882141,0.7861043810844421,0.49770766496658325,-2.1943676471710205,1.02555513381958,-0.02885144137271922,0.7810450788028009,-0.53199688664213,0.32575338821912814,-2.5951192765847506,-0.4024438686882956,2.0598943547209427
10122,945721.986792147,945722.0197465001,right,-0.29421836137771606,0.17261257767677307,0.4422120153903961,-0.43627455830574036,0.4081369936466217,0.8019278049468994,0.48158156871795654,-2.0305447578430176,0.9113420844078064,-0.047104655108031884,0.7824123078295981,-0.5373963214028049,0.3111544048353871,-2.643342914204368,-0.4204124138737267,2.0463613121463555
10123,945722.0067921471,945722.0210459584,right,-0.26223060488700867,0.14730599522590637,0.4208032786846161,-0.3991943895816803,0.4230708181858063,0.8134218454360962,0.5005966424942017,-1.7615997791290283,0.6983246207237244,-0.06368230204073005,0.7835290471588597,-0.5411035653721715,0.2987200196403158,-2.6853649613578545,-0.4368316943453753,2.035782130466622
10124,945722.0267921471,945722.0446308334,right,-0.30240553617477417,0.10572555661201477,0.40555340051651,-0.36688432097435,0.4366823732852936,0.8214040994644165,0.549177348613739,-1.5773344039916992,0.5387887954711914,-0.07871331208498321,0.7846540149014841,-0.5431574769171492,0.28827453955060783,-2.7215239857042994,-0.45190753472209705,2.028546726007104
10125,945722.0467921471,945722.0625348334,right,-0.3017410337924957,0.09139937907457352,0.36994922161102295,-0.33787456154823303,0.4497232437133789,0.8267945051193237,0.5747140645980835,-1.4425477981567383,0.41530999541282654,-0.09284107968692697,0.7858067659665807,-0.5439714144146882,0.27925449582279244,-2.753646668338682,-0.46645543284167573,2.023849381726607
10126,945722.0667921471,945722.0849009583,right,-0.2632971704006195,0.0988650918006897,0.3165395259857178,-0.31202179193496704,0.4613676071166992,0.8305315971374512,0.5672194361686707,-1.2812089920043945,0.3031269907951355,-0.105679245233351,0.7870891228103308,-0.5438349126233284,0.2712308513408003,-2.7822179927872592,-0.47953602404937584,2.0211037374173486
10127,945722.0867921471,945722.1197617918,right,-0.30154117941856384,0.06455773115158081,0.29855966567993164,-0.288754940032959,0.47217604517936707,0.8328689932823181,0.5251728296279907,-1.2196301221847534,0.27360889315605164,-0.11749463663577658,0.7882714081583791,-0.543196648001365,0.26412230613107024,-2.807861665542748,-0.4917576900313971,2.019336471600918
10128,945722.1067921472,945722.1208779584,right,-0.3183731734752655,0.03893950581550598,0.2766804099082947,-0.26570430397987366,0.4826847016811371,0.8345160484313965,0.500335156917572,-1.2010983228683472,0.3376045525074005,-0.12901030595321025,0.7890956897131662,-0.542757699479086,0.25709605914160233,-2.8333480041641668,-0.503717559875568,2.0164900314981136
10129,945722.1267921472,945722.1420077501,right,-0.29224327206611633,0.036469604820013046,0.2356412559747696,-0.24272359907627106,0.4925726652145386,0.8357377648353577,0.451438307762146,-1.122411847114563,0.366749107837677,-0.1400631755303935,0.7894609672349584,-0.5427892515046574,0.2500269053016302,-2.8589384947152534,-0.5150434394698267,2.0118650562587126
10130,945722.1467921472,945722.1650025834,right,-0.2510443329811096,0.032572172582149506,0.18604716658592224,-0.2216026932001114,0.5013114213943481,0.8364086747169495,0.39325201511383057,-0.9787457585334778,0.35267218947410583,-0.14998978522913475,0.7894957521868028,-0.5430475875221579,0.243513456231064,-2.8825980246871294,-0.5251136973702498,2.006525690711181
10131,945722.1667921472,945722.1825090001,right,-0.2620295286178589,0.013101673685014248,0.19338519871234894,-0.20251776278018951,0.5090538263320923,0.836570680141449,0.3584374785423279,-0.8994846940040588,0.36123526096343994,-0.15883161528438444,0.7892485279508683,-0.5434813680737329,0.237670135365402,-2.9040812292243157,-0.5340851596669686,2.0007779551312432
10132,945722.1867921472,945722.2248321667,right,-0.2933201193809509,0.0029337317682802677,0.20783181488513947,-0.183440163731575,0.516453206539154,0.8364366292953491,0.3549593687057495,-0.9067592620849609,0.44330498576164246,-0.16741520343092034,0.7886381862909079,-0.5443050786539622,0.23184894053438176,-2.9256993407674203,-0.5427037698154388,1.9936587521641496
10133,945722.2067921472,945722.2260444168,right,-0.2969643175601959,-0.006568457931280136,0.19006602466106415,-0.16279275715351105,0.5240948796272278,0.8359566926956177,0.3455668091773987,-0.9392986297607422,0.5391062498092651,-0.17638615572679,0.7874387682297007,-0.545819044743554,0.2256317664641313,-2.9492617215960295,-0.5516519287277646,1.983947252116577
10134,945722.2267921473,945722.2420750834,right,-0.2800493538379669,-0.030086928978562355,0.15485092997550964,-0.14161327481269836,0.5320252180099487,0.8348023891448975,0.3783315122127533,-0.8895952105522156,0.5606988668441772,-0.185570472216057,0.7857645804131276,-0.5476998291023343,0.21945944185263505,-2.973555616025915,-0.5609905740150499,1.9726502365269363
10135,945722.2467921473,945722.2636036667,right,-0.29145365953445435,-0.07955306768417358,0.11487056314945221,-0.1219891756772995,0.5398612022399902,0.8328677415847778,0.38009345531463623,-0.7588019371032715,0.49354270100593567,-0.1943236859826371,0.7839050483709687,-0.5494785189730743,0.2140197733123888,-2.996158130482917,-0.5702721749045869,1.9615646430712177
10136,945722.2667921473,945722.289146,right,-0.2685762643814087,-0.09597290307283401,0.07406279444694519,-0.10690386593341827,0.5468981862068176,0.8303453922271729,0.34348446130752563,-0.4941449463367462,0.3269517123699188,-0.20156097681273524,0.7822295405852265,-0.5507172955986974,0.21023873971386411,-3.013550944718713,-0.5786546676326362,1.9528970812486433
10137,945722.2867921473,945722.3045189584,right,-0.24493193626403809,-0.07777637988328934,0.047177910804748535,-0.09833773970603943,0.5522265434265137,0.8278740048408508,0.24282212555408478,-0.2129279226064682,0.17470936477184296,-0.20629791877678694,0.7810218413013132,-0.5513091565874034,0.208576375579215,-3.0233633707633807,-0.5850325173771583,1.9479103366612665
10138,945722.3067921473,945722.3210595001,right,-0.23747897148132324,-0.048572756350040436,0.048736460506916046,-0.09499956667423248,0.5557045936584473,0.8259340524673462,0.14323842525482178,-0.02712468057870865,0.13103041052818298,-0.20870016641312386,0.7800739398795629,-0.5517713081308652,0.20851158225110752,-3.0270753344850965,-0.5892101598558547,1.945115701263585
10139,945722.3267921474,945722.3447793333,right,-0.22614191472530365,-0.026226796209812164,0.05639754608273506,-0.09338505566120148,0.5576751232147217,0.8247892260551453,0.05655306577682495,0.02227272279560566,0.19635143876075745,-0.20977612123726125,0.7789833401039012,-0.5527924241184632,0.2088043172428907,-3.028850046948302,-0.5915822677774425,1.9416576317627592
10140,945722.3467921474,945722.3663312084,right,-0.20304323732852936,-0.01235990971326828,0.0742199644446373,-0.09063880890607834,0.558799684047699,0.8243348002433777,0.01255050115287304,-0.02384021133184433,0.3240754008293152,-0.21057512041579954,0.7774525121722015,-0.5547385595356766,0.20854450144319978,-3.0320788967065146,-0.592937690690773,1.9355735924826296
10141,945722.3667921474,945722.3812525833,right,-0.1798553466796875,-0.008049632422626019,0.09111642092466354,-0.0850677639245987,0.5596746206283569,0.8243347406387329,0.013106605038046837,-0.11466952413320541,0.4691547751426697,-0.21185724476180898,0.7753422110371196,-0.5576842508394894,0.20724169929698089,-3.0387611959980054,-0.5939930819056994,1.9259982901758756
10142,945722.3867921474,945722.405367,right,-0.1624997854232788,-0.012926237657666206,0.08753128349781036,-0.07656421512365341,0.560722827911377,0.8244558572769165,0.017269639298319817,-0.2003111094236374,0.5611549615859985,-0.21393138884906057,0.7727305814428892,-0.5613512941231603,0.20495199366166622,-3.0489920935551003,-0.5952584693027331,1.9134972491547282
10143,945722.4067921474,945722.4227061667,right,-0.12517395615577698,-0.01945892535150051,0.07764936238527298,-0.06652046740055084,0.5619410276412964,0.8244979381561279,0.02782595530152321,-0.2174474000930786,0.5751608610153198,-0.21650067918773347,0.7698493033514935,-0.5653148702651245,0.20218397479770991,-3.061087266534887,-0.5967304801225516,1.8995847610699477
10144,945722.4267921475,945722.442301125,right,-0.10013582557439804,-0.021308621391654015,0.07068346440792084,-0.05668207257986069,0.5633392930030823,0.8242788910865784,0.06350207328796387,-0.21505039930343628,0.5482463836669922,-0.21917663442116764,0.7670226392763327,-0.5690479857249701,0.19955468902522144,-3.0729352997640462,-0.5984218517773426,1.8861952621273441
10145,945722.4467921475,945722.465863,right,-0.11366972327232361,-0.03274265304207802,0.06731216609477997,-0.04664880037307739,0.5655005574226379,0.8234275579452515,0.13714882731437683,-0.26330259442329407,0.5516309142112732,-0.22234194941385066,0.7641576902470042,-0.5725178572499128,0.1971046621442636,-3.0850013769667948,-0.6010399778679347,1.8731385854537121
10146,945722.4667921475,945722.4825984167,right,-0.17002224922180176,-0.04253409430384636,0.0832148939371109,-0.03519642353057861,0.5690690279006958,0.8215362429618835,0.2414223998785019,-0.3346860408782959,0.5931907296180725,-0.22662698203118614,0.761027302858005,-0.5758519422689186,0.19460761180088143,-3.0987768485451825,-0.6053731876263474,1.8594434674927005
10147,945722.4867921475,945722.5037910833,right,-0.21851742267608643,-0.04940284788608551,0.09221848100423813,-0.022431662306189537,0.5741446018218994,0.8184465765953064,0.3309239149093628,-0.3709399700164795,0.6013672351837158,-0.23204449496728094,0.7575616738484207,-0.5790712310702278,0.192177133131105,-3.114192123023969,-0.6115589212094433,1.844950474160072
10148,945722.5067921475,945722.5260817084,right,-0.2410680651664734,-0.052354514598846436,0.0878763198852539,-0.010086501017212868,0.5800797939300537,0.8144969940185547,0.36060965061187744,-0.3243038058280945,0.5253074765205383,-0.23784714885086788,0.7541063454257072,-0.5818693999014689,0.190210754735065,-3.1292097888826245,-0.6188265607560696,1.8311846301662507
10149,945722.5267921475,945722.5563615417,right,-0.2326665222644806,-0.05156297981739044,0.08344826847314835,-0.00047219119733199477,0.5859285593032837,0.8103625178337097,0.33806997537612915,-0.1987156718969345,0.3694433569908142,-0.24294322700986115,0.7511000204385647,-0.5839776433672893,0.1892017229613187,-3.14101018624713,-0.6260253399754496,1.8200451848897563
10150,945722.5467921476,945722.572127375,right,-0.1911492645740509,-0.046226322650909424,0.06212287396192551,0.00449385866522789,0.590915322303772,0.8067212700843811,0.27593478560447693,-0.017347155138850212,0.16317221522331238,-0.24641871515086478,0.7489740339566262,-0.5851481959482472,0.18951851513099752,3.136021963089914,-0.6321929114168287,1.8133443740358872
10151,945722.5667921476,945722.5850891251,right,-0.1312890201807022,-0.040205929428339005,0.029264498502016068,0.0036197274457663298,0.5944603681564331,0.8041165471076965,0.1814439743757248,0.18198220431804657,-0.053106654435396194,-0.24763689512545917,0.7479843668529863,-0.5853012354655244,0.19135724318921757,3.1370909613571194,-0.6365943352889452,1.8121458177440155
10152,945722.5867921476,945722.6274456667,right,-0.07563284784555435,-0.03384336084127426,-0.0011705185752362013,-0.0024410265032202005,0.5964016914367676,0.8026822805404663,0.07722422480583191,0.32593750953674316,-0.21767233312129974,-0.24668425402655247,0.7480199179219368,-0.5846428294017304,0.19443680447890044,-3.1385518020084158,-0.6390107024956709,1.815773715420207
10153,945722.6067921476,945722.6286325417,right,-0.0271114744246006,-0.025176165625452995,-0.012797556817531586,-0.01177497673779726,0.5967767834663391,0.8023207783699036,-0.014157473109662533,0.3901263177394867,-0.2982129156589508,-0.24413058018896214,0.7488091689351829,-0.583476747349943,0.19809040806828826,-3.1269177853173065,-0.6394780768375871,1.822586239321267
10154,945722.6267921476,945722.6461090418,right,0.011157069355249405,-0.01444469578564167,-0.012074084021151066,-0.02191644348204136,0.595951497554779,0.8027210831642151,-0.06617016345262527,0.3738985061645508,-0.29674383997917175,-0.24083947280273033,0.7499369001159336,-0.582198487447191,0.20158296800925551,-3.114296969063156,-0.6384499220493971,1.8303340391110468
10155,945722.6467921477,945722.6624434168,right,0.031737037003040314,-0.01445553544908762,-0.024468248710036278,-0.03046034835278988,0.5943818092346191,0.8036060929298401,-0.09981310367584229,0.2814662754535675,-0.21885420382022858,-0.23767986829349227,0.7510059433378998,-0.581199622984042,0.20421879895779077,-3.103706433209089,-0.6364966564762425,1.8368369419998827
10156,945722.6667921477,945722.6822165417,right,0.04279404878616333,-0.017374353483319283,-0.03715149313211441,-0.03597322851419449,0.5924200415611267,0.8048255443572998,-0.12366084009408951,0.16049928963184357,-0.1074429601430893,-0.23518593570314558,0.7517650020352635,-0.5807426512564596,0.20560816835023538,-3.0969256730446615,-0.6340593687836286,1.840750088444354
10157,945722.6867921477,945722.722350375,right,0.05640781298279762,-0.014643625356256962,-0.0424342080950737,-0.038359954953193665,0.590123176574707,0.8064011335372925,-0.14783968031406403,0.06341172009706497,-0.01329476572573185,-0.23339335360840588,0.7521889550122658,-0.5808719516456397,0.20573492318510817,-3.0940593810237753,-0.6312113111558664,1.841946066666939
10158,945722.7067921477,945722.7231536667,right,0.06774379312992096,-0.008216545917093754,-0.04130544885993004,-0.03869222477078438,0.587432324886322,0.8083478212356567,-0.18347087502479553,0.013226455077528954,0.035501014441251755,-0.2319728892266012,0.7524008239779162,-0.5814351228089762,0.2049747960598832,-3.093763562136194,-0.6278822989082754,1.8412896465538855
10159,945722.7267921477,945722.7624049167,right,0.0730670914053917,0.001089579309336841,-0.031133467331528664,-0.038153644651174545,0.5842307209968567,0.8106902241706848,-0.21857422590255737,-0.006012213882058859,0.05824204534292221,-0.23055455491099175,0.7525734524546149,-0.5822183412292955,0.20371409611539534,-3.094564407543858,-0.6239317661153901,1.839846020606202
10160,945722.7467921478,945722.7635675834,right,0.06817631423473358,0.007826981134712696,-0.02249298058450222,-0.03701024875044823,0.5805968642234802,0.8133497834205627,-0.23101139068603516,-0.024821922183036804,0.07571937888860703,-0.22910179271487163,0.7527167368212271,-0.5831743249245284,0.2020830767538568,-3.0961207538299704,-0.6194615351134127,1.8378278856178587
10161,945722.7667921478,945722.7850364167,right,0.0559387132525444,0.008719714358448982,-0.019842403009533882,-0.0351639986038208,0.5769032835960388,0.816055417060852,-0.22618678212165833,-0.06500815600156784,0.10521651059389114,-0.22782655462791732,0.7527943180386278,-0.5842330959920752,0.20016851468897512,-3.098529297783314,-0.6149322857461499,1.8352923441907836
10162,945722.7867921478,945722.8251189167,right,0.04085957631468773,0.013417352922260761,-0.008514445275068283,-0.03230147063732147,0.5735215544700623,0.8185531497001648,-0.19694091379642487,-0.10145185142755508,0.13153399527072906,-0.22699862238080984,0.7527475666373049,-0.5853610527226657,0.1979771206182577,-3.1021516661510002,-0.6107981904164955,1.8321226632389747
10163,945722.8067921478,945722.8260668333,right,0.018668316304683685,0.020198199898004532,0.005170010030269623,-0.028593121096491814,0.5708130598068237,0.8205819129943848,-0.1478150188922882,-0.12313340604305267,0.15527352690696716,-0.2267169584352086,0.7524851993541155,-0.5865636024285007,0.19572528980700324,-3.1067620290597566,-0.6074956417107313,1.8282779904885909
10164,945722.8267921478,945722.8674550417,right,-0.01050379779189825,0.02280566468834877,0.011545072309672832,-0.024377737194299698,0.5689789056777954,0.8219904899597168,-0.08329128473997116,-0.13013795018196106,0.1952086091041565,-0.22697073794085842,0.7519919290535011,-0.5877952643072515,0.19362056361114582,-3.111944602611992,-0.605263549903251,1.8239458269541229
10165,945722.8467921478,945722.8685197501,right,-0.044164616614580154,0.02597789838910103,0.01763339713215828,-0.01992633007466793,0.5681617259979248,0.8226759433746338,-0.03440363332629204,-0.12509579956531525,0.198640376329422,-0.2277242468308541,0.7512048033653735,-0.5890918401447315,0.19184324680203665,-3.1173762456548406,-0.6042702192758101,1.8190810580409853
10166,945722.8667921479,945722.887111,right,-0.07130957394838333,0.02829672023653984,0.023982234299182892,-0.015579883940517902,0.5681866407394409,0.8227525353431702,0.0195083599537611,-0.10727382451295853,0.21354569494724274,-0.22880633541103484,0.750203451886071,-0.5903989622507101,0.190450834181556,-3.122658840144093,-0.6043004490312752,1.813985356675984
10167,945722.8867921479,945722.9047757084,right,-0.09109462797641754,0.02705248072743416,0.025766761973500252,-0.011565023101866245,0.5689230561256409,0.8223095536231995,0.06174182519316673,-0.07158172875642776,0.21720528602600098,-0.23007920225875467,0.7489922612731658,-0.5917476209100628,0.18949627114214035,-3.1275297241934594,-0.6051956880297612,1.8086838322376753
10168,945722.9067921479,945722.9239099583,right,-0.09872759133577347,0.025045551359653473,0.020726583898067474,-0.008467399515211582,0.5701138377189636,0.8215221762657166,0.07405693084001541,-0.011778420768678188,0.1940598040819168,-0.23126232365258512,0.747694477558365,-0.5930547657778473,0.18909439082323026,-3.131286273963114,-0.6066443448929284,1.8036837279164968
10169,945722.9267921479,945722.9448388334,right,-0.09026344120502472,0.02239234745502472,0.013274125754833221,-0.0070985765196383,0.5714431405067444,0.8206112384796143,0.07122122496366501,0.07034540921449661,0.1465882509946823,-0.23197225823969045,0.7464425639084338,-0.594246581229252,0.1894290667310704,-3.132942737058268,-0.6082632644055403,1.7995848840385043
10170,945722.9467921479,945722.9636763751,right,-0.07334790378808975,0.01670036092400551,0.008618131279945374,-0.007662506308406591,0.5726473927497864,0.8197657465934753,0.062125008553266525,0.14404039084911346,0.09500420838594437,-0.23204321146724052,0.7453545425032231,-0.5952557134493304,0.19045461049686976,-3.1322459561800096,-0.6097314385091173,1.7967346564219933
10171,945722.966792148,945723.006346625,right,-0.0503959059715271,0.00874463003128767,0.005777912680059671,-0.009846996515989304,0.5736116766929626,0.8190680146217346,0.054885607212781906,0.19195954501628876,0.052623897790908813,-0.23152829579486056,0.7444672611087113,-0.5960724763140955,0.1919910500361017,-3.1295712570737657,-0.6109082069095874,1.7950846051924632
10172,945722.986792148,945723.027408625,right,-0.02745838277041912,0.0025857838336378336,-0.0022493680007755756,-0.012819014489650726,0.5744466781616211,0.8184413313865662,0.04539262875914574,0.1997012346982956,0.03558623790740967,-0.23073835896471773,0.7437305158235367,-0.5967289696342232,0.19374985387593338,-3.125931437068016,-0.6119279304045993,1.7942003436302603
10173,945723.006792148,945723.0282840834,right,-0.008927074261009693,-0.001455451361835003,-0.01317374687641859,-0.015623260289430618,0.5749890804290771,0.8180117607116699,0.02454202063381672,0.1746460199356079,0.033642593771219254,-0.2298857221358872,0.7430878132604367,-0.5973493762913633,0.19531154811329715,-3.1224961289541953,-0.6125907276697039,1.7934338209357101
10174,945723.026792148,945723.0611129167,right,0.009058548137545586,-0.0020833394955843687,-0.01498059555888176,-0.01797829568386078,0.5752248764038086,0.8177974224090576,0.0030355711933225393,0.13767531514167786,0.031015725806355476,-0.22906085344768293,0.7425543844379683,-0.5979227134053,0.19655091348239506,-3.119612612031868,-0.6128789312287823,1.7927106241305826
10175,945723.046792148,945723.06365475,right,0.025169162079691887,-0.006299892440438271,-0.0203692764043808,-0.019679570570588112,0.5751158595085144,0.81783527135849,-0.022585896775126457,0.10088304430246353,0.029571067541837692,-0.22831033641975976,0.7421254421940883,-0.5984708348680252,0.1973746793138893,-3.1175345128482985,-0.6127456896305862,1.7919066996220379
10176,945723.066792148,945723.0835217917,right,0.03433544188737869,-0.004138409625738859,-0.019921382889151573,-0.020784782245755196,0.5745081305503845,0.8182347416877747,-0.04817938804626465,0.06456822156906128,0.028266962617635727,-0.22756212577591284,0.7418700440938284,-0.5989541651680828,0.19773218089055472,-3.1161963540312905,-0.6120030127344561,1.7911940953673564
10177,945723.0867921481,945723.1045705418,right,0.034576449543237686,-0.0023214626125991344,-0.01557493582367897,-0.021318158134818077,0.5735648274421692,0.8188828229904175,-0.06761572510004044,0.03046363592147827,0.016272081062197685,-0.22688832870744743,0.7417816344263406,-0.5993340437767019,0.1976874054957813,-3.115565526973604,-0.6108510022423806,1.7906407289546642
10178,945723.1067921481,945723.1314354168,right,0.03433356434106827,-0.003878889372572303,-0.016019681468605995,-0.021472429856657982,0.5723865032196045,0.8197025656700134,-0.08546517044305801,-0.003061501542106271,-0.0008642385946586728,-0.22628154076990822,0.7418746357276476,-0.5995608332574803,0.19734556824526697,-3.1154034693015236,-0.6094132315767925,1.790423649609982
10179,945723.1267921481,945723.1611991251,right,0.03440546616911888,-0.00030221231281757355,-0.011560286395251751,-0.021351385861635208,0.570988118648529,0.8206803798675537,-0.08782143890857697,-0.019352640956640244,-0.024659233167767525,-0.22571560044916286,0.7421498295062123,-0.5996279840597651,0.19675405851506386,-3.1155820512437846,-0.6077089061715533,1.7905962410904863
10180,945723.1467921481,945723.1633709584,right,0.028011899441480637,0.005668306723237038,-0.004624435678124428,-0.02130817621946335,0.5694931745529175,0.8217196464538574,-0.08682390302419662,-0.02981162630021572,-0.04935050010681152,-0.225148480944578,0.7426436658877675,-0.5994498334175453,0.19608221512584453,-3.11566748204422,-0.6058890403007487,1.7914843284651154
10181,945723.1667921481,945723.1848850417,right,0.008011173456907272,0.014492523856461048,0.010514902882277966,-0.021136946976184845,0.5681892037391663,0.8226262927055359,-0.05510232597589493,-0.04659070819616318,-0.04198768362402916,-0.2247313549426342,0.7431779927768591,-0.5991656693133023,0.1954036520929314,-3.1159040521846375,-0.6043035594340155,1.7925544090532521
10182,945723.1867921482,945723.2046180418,right,-0.019601641222834587,0.016110172495245934,0.017631087452173233,-0.020114203914999962,0.5675875544548035,0.8230675458908081,-0.01025453396141529,-0.08811488747596741,0.010413577780127525,-0.22486665239838222,0.7434882865128531,-0.5989647925743866,0.19468257940425152,-3.1171596379358095,-0.6035726097254258,1.7928889676760555
10183,945723.2067921482,945723.2249422501,right,-0.03614610433578491,0.016985571011900902,0.016277575865387917,-0.017888206988573074,0.5678741931915283,0.8229207992553711,0.03265443071722984,-0.10653112083673477,0.06001928821206093,-0.2257096915158059,0.7434141782133268,-0.5989955286164907,0.19389340669125063,-3.119858834646866,-0.6039208437142988,1.7919050315222158
10184,945723.2267921482,945723.2461440001,right,-0.0454886369407177,0.019862975925207138,0.013489989563822746,-0.015474322251975536,0.5686938762664795,0.822403609752655,0.05590461194515228,-0.07635214924812317,0.06954994797706604,-0.2267962077588108,0.743081994535067,-0.59919182360201,0.19329159284666822,-3.1227791216628864,-0.6049170415932568,1.7902487350233711
10185,945723.2467921482,945723.2885037501,right,-0.05270715802907944,0.016886325553059578,0.009169836528599262,-0.014007777906954288,0.5697794556617737,0.8216784000396729,0.06921163946390152,-0.015239203348755836,0.050058942288160324,-0.22767401616843422,0.7426476564153038,-0.599427688864587,0.19319781746356873,-3.124546762023092,-0.6062373839835423,1.788753489892936
10186,945723.2667921482,945723.2897818751,right,-0.05714834854006767,0.007815551944077015,0.004252255894243717,-0.013851981610059738,0.5709877610206604,0.8208417892456055,0.07656673341989517,0.04386410862207413,0.023343447595834732,-0.22818964506457065,0.7422274004888029,-0.5995992445821,0.19367142421680567,-3.124719137031635,-0.6077084503118941,1.7878800567167528
10187,945723.2867921483,945723.3063331668,right,-0.05654902756214142,-0.00032463003299199045,-0.004006676375865936,-0.014825060032308102,0.5721719861030579,0.8199998140335083,0.07150968164205551,0.08302867412567139,0.0025924353394657373,-0.22834352822645254,0.7418670766919908,-0.5996941119788213,0.19457489390919244,-3.1235154956380335,-0.6091516772199785,1.7876424373457651
10188,945723.3067921483,945723.3279569584,right,-0.04990683123469353,-0.0037446250207722187,-0.00761609710752964,-0.01655786670744419,0.5732622742652893,0.8192046880722046,0.06427157670259476,0.09575415402650833,-0.020252488553524017,-0.2282362085212096,0.7416111296960906,-0.5996792150280945,0.19571895037701717,-3.1213834997760523,-0.6104816754221118,1.7880143030737345
10189,945723.3267921483,945723.3524595001,right,-0.0392058901488781,-0.007887331768870354,-0.009945154190063477,-0.018597407266497612,0.5741962194442749,0.8185063600540161,0.047128528356552124,0.0920003280043602,-0.0391276553273201,-0.22798482708275974,0.7414578990419202,-0.5995775590937632,0.19690018506808504,-3.118875629375822,-0.6116219895839248,1.7887824518015756
10190,945723.3467921483,945723.3648358751,right,-0.02422941103577614,-0.005397696979343891,-0.009834351018071175,-0.020922379568219185,0.5748003721237183,0.818026065826416,0.020263882353901863,0.09546730667352676,-0.07046808302402496,-0.22754483803192874,0.7415118995924591,-0.5993104444930585,0.19801583116856186,-3.1160217809445125,-0.6123601093313881,1.7902008772188092
10191,945723.3667921483,945723.401222125,right,-0.007102150935679674,-0.00392854493111372,-0.006543658208101988,-0.023778162896633148,0.5748801231384277,0.8178921341896057,-0.015192912891507149,0.11022265255451202,-0.11203651875257492,-0.22676076264289657,0.7418349117771327,-0.5988546620754773,0.19908166383221418,-3.1125285656830273,-0.6124575641892137,1.7924765368014692
10192,945723.3867921483,945723.4061264584,right,0.008020846173167229,-0.0017412445740774274,-0.003730019321665168,-0.027316952124238014,0.574306070804596,0.8181847929954529,-0.05612969771027565,0.1267760545015335,-0.15174226462841034,-0.2255215174419866,0.7424294621819323,-0.5982397274209191,0.20011909862680458,-3.1082180024423858,-0.6117561829699018,1.7956138875555085
10193,945723.4067921484,945723.4341130834,right,0.011994775384664536,0.002044188091531396,0.0014060345711186528,-0.031386811286211014,0.5731351971626282,0.8188592195510864,-0.07977689802646637,0.12104326486587524,-0.16456381976604462,-0.22390928557985437,0.7432994902821957,-0.5974406736060699,0.2010842584193401,-3.1032817010487976,-0.6103266228198867,1.7995926211608613
10194,945723.4267921484,945723.4560905417,right,0.007817333564162254,1.477969180996297E-05,-0.0028892674017697573,-0.03481079638004303,0.5715748071670532,0.8198111653327942,-0.09750434756278992,0.06334497034549713,-0.14022639393806458,-0.22234699569309715,0.7442580266810568,-0.5966451667685599,0.20163378856608877,-3.099156390971665,-0.6084236824012532,1.803407433912278
10195,945723.4467921484,945723.46477225,right,0.010325951501727104,0.0020963377319276333,-0.004584087058901787,-0.036662619560956955,0.5697592496871948,0.8209936022758484,-0.10711098462343216,-0.007493308279663324,-0.10850275307893753,-0.22116030131212885,0.7451941282421143,-0.5959718075739346,0.20147303180139506,-3.0969661174713083,-0.6062128261487181,1.8063697665781226
10196,945723.4667921484,945723.48482625,right,0.016831103712320328,0.0012995147844776511,-0.007339135743677616,-0.03708212450146675,0.5678039789199829,0.8223278522491455,-0.12319758534431458,-0.06443946063518524,-0.09242437779903412,-0.22035402174874646,0.7460954693431133,-0.5954035268927071,0.20069888663188523,-3.0965293095468778,-0.6038355453126957,1.808556816780131
10197,945723.4867921484,945723.5060383751,right,0.024617450311779976,0.0033796753268688917,-0.003211244707927108,-0.036934275180101395,0.5657036304473877,0.8237810134887695,-0.12918823957443237,-0.08560913801193237,-0.11095830053091049,-0.21969827045649162,0.747118066874987,-0.5947310334310715,0.19960489604118165,-3.0967878092554555,-0.601286192379503,1.8108505603426819
10198,945723.5067921485,945723.5323319167,right,0.02932843007147312,0.004775006324052811,-0.0003280567179899663,-0.03694421425461769,0.5635180473327637,0.8252769708633423,-0.12711107730865479,-0.08746980875730515,-0.14769911766052246,-0.2190143065839524,0.7483348982554081,-0.5938293036903812,0.19847948789715802,-3.0968568954571096,-0.5986381536619271,1.8138276444935313
10199,945723.5267921485,945723.5446041251,right,0.025827810168266296,0.006429797504097223,0.0013684247387573123,-0.037272993475198746,0.561326801776886,0.8267542719841003,-0.11790872365236282,-0.09196098148822784,-0.18246084451675415,-0.21830270935530055,0.7497843518027234,-0.5926216662345087,0.19739985051124742,-3.0965398514886098,-0.5959880918281419,1.8177253546862437
10200,945723.5467921485,945723.5765283334,right,0.020401908084750175,0.009891482070088387,0.0029110447503626347,-0.0378292091190815,0.5593579411506653,0.8280624151229858,-0.09963703900575638,-0.1047167256474495,-0.20799483358860016,-0.21768065597088354,0.7513900579169831,-0.5911379476706251,0.1964276819426209,-3.09594060077395,-0.5936109505747188,1.8223681153202802
10201,945723.5667921485,945723.5923717917,right,0.015162253752350807,0.011855953373014927,0.0011591801885515451,-0.03833751007914543,0.557750940322876,0.8291221857070923,-0.07441892474889755,-0.1237712949514389,-0.22254979610443115,-0.217287404753302,0.7530987931741709,-0.5894091755833727,0.1955120007409485,-3.095387101637601,-0.5916735921830144,1.8275395256263802
10202,945723.5867921485,945723.6224450833,right,0.008546687662601471,0.0113998306915164,-0.0018548308871686459,-0.038390278816223145,0.5566363334655762,0.8298686146736145,-0.04105323553085327,-0.1554694026708603,-0.21997247636318207,-0.21727630599225173,0.7547900508081884,-0.5875595100761164,0.19456775640610646,-3.0953651510131825,-0.5903312714935051,1.8327375086990993
10203,945723.6067921486,945723.6362532917,right,-0.0016929729608818889,0.010967629961669445,-0.002110339468345046,-0.03784913942217827,0.5561564564704895,0.8302150368690491,-0.0006669964641332626,-0.18721851706504822,-0.2023402750492096,-0.2177363240595515,0.7563886424852291,-0.5856480279799456,0.1936059273590382,-3.0960348492974745,-0.5897537949685261,1.8377258846948208
10204,945723.6267921486,945723.6701260001,right,-0.009241379797458649,0.009961195290088654,-0.007479811552911997,-0.03666824474930763,0.5562847852706909,0.8301821947097778,0.028577283024787903,-0.20066221058368683,-0.19118092954158783,-0.2186594316059836,0.7578679386667845,-0.5837183912777947,0.19260553648438045,-3.0974526410797423,-0.5899081915811654,1.8423822449318807
10205,945723.6467921486,945723.6710655,right,-0.012435567565262318,0.012263781391084194,-0.00755643006414175,-0.03560961037874222,0.5567746162414551,0.829899787902832,0.044608891010284424,-0.17105603218078613,-0.19723379611968994,-0.21969760115806564,0.7592681487859915,-0.5817745710384367,0.19178888155067153,-3.0987108452500154,-0.5904977689463974,1.8470200199030478
10206,945723.6667921486,945723.6860943751,right,-0.015280118212103844,0.013900223188102245,-0.004172087647020817,-0.03541994467377663,0.5574098825454712,0.8294814825057983,0.04968880116939545,-0.12113697826862335,-0.21216095983982086,-0.22053373652949318,0.7606573528028449,-0.5797766999109732,0.19137421129594293,-3.0989174838985765,-0.5912627312146413,1.852058159732885
10207,945723.6867921486,945723.733526375,right,-0.02470528520643711,0.013079866766929626,-0.007530898787081242,-0.03621015325188637,0.5580388307571411,0.8290244936943054,0.045961253345012665,-0.08193831145763397,-0.21488437056541443,-0.22104863333299635,0.7620006334730479,-0.5778124027693227,0.19137730170472717,-3.0979425854705283,-0.5920204428306536,1.857343594383237
10208,945723.7067921486,945723.7344382501,right,-0.03501410782337189,0.011867871508002281,-0.008037298917770386,-0.037319689989089966,0.5586329698562622,0.8285748362541199,0.03986433520913124,-0.06796633452177048,-0.1879235804080963,-0.22141019228809777,0.7632224253501712,-0.5760024691050081,0.1915464799977422,-3.0965824682006153,-0.5927366599395973,1.8623367927440186
10209,945723.7267921487,945723.7589230418,right,-0.04020097106695175,0.010448628105223179,-0.0074733104556798935,-0.03826658055186272,0.5591452717781067,0.8281859755516052,0.03136777505278587,-0.05955135077238083,-0.16136860847473145,-0.2217238198826941,0.7642638669973586,-0.574450700380638,0.19169112652196224,-3.095420403064866,-0.5933544201875759,1.8666107500338824
10210,945723.7467921487,945723.7723624167,right,-0.037546880543231964,0.007683798670768738,-0.00514182960614562,-0.039173856377601624,0.5595394372940063,0.8278777599334717,0.026512758806347847,-0.04124882072210312,-0.1407480686903,-0.22194465527608576,0.7651629176560655,-0.5731181978733378,0.19183804250480918,-3.0943097252719536,-0.5938299385261682,1.8703214618637274
10211,945723.7667921487,945723.7862220417,right,-0.03687896206974983,0.002871330827474594,-0.009487846866250038,-0.04011907801032066,0.5598335862159729,0.8276333212852478,0.01851775497198105,-0.027510367333889008,-0.11663225293159485,-0.22205862959406883,0.7659232084814781,-0.5719949164931741,0.19202428104128771,-3.093156318966427,-0.5941848960930438,1.873518387947241
10212,945723.7867921487,945723.8223551668,right,-0.03256748989224434,0.001584341167472303,-0.009881364181637764,-0.0409821979701519,0.5599775910377502,0.82749342918396,0.011808612383902073,-0.023005949333310127,-0.09217584878206253,-0.2220773467059647,0.766547767627338,-0.5710964216302474,0.19218447924695822,-3.0921075902490003,-0.5943586732699004,1.8761323695678271
10213,945723.8067921487,945723.8258828333,right,-0.028283650055527687,-0.0016904628137126565,-0.011199481785297394,-0.04155680909752846,0.5600646734237671,0.8274059295654297,0.0032273747492581606,-0.029086902737617493,-0.06417827308177948,-0.22210668655546967,0.7670251029168674,-0.5704168022327815,0.19226450018413374,-3.091409611324072,-0.5944637882484185,1.8780861548652816
10214,945723.8267921488,945723.8463035834,right,-0.024970337748527527,-0.0027394883800297976,-0.008818896487355232,-0.04176339507102966,0.5600646734237671,0.8273953795433044,-0.005452337674796581,-0.03128107637166977,-0.047917213290929794,-0.22217301866173722,0.7674088982271676,-0.5698957345837342,0.19220139491495558,-3.0911599222107826,-0.5944637909484849,1.8795166517958586
10215,945723.8467921488,945723.8661645834,right,-0.016459153965115547,-0.0029987560119479895,-0.007752961479127407,-0.04202297329902649,0.5598330497741699,0.8275388479232788,-0.01945253275334835,-0.015231858007609844,-0.057315412908792496,-0.22210363985371498,0.7677875320990212,-0.5694485224810888,0.19209478769137606,-3.090855781098855,-0.5941842393077138,1.8808255583230586
10216,945723.8667921488,945723.9173785418,right,-0.008885899558663368,-0.00206120521761477,-0.002317992737516761,-0.042928051203489304,0.5592848062515259,0.8278630375862122,-0.04035010188817978,0.01777905412018299,-0.09260871261358261,-0.22171696311628364,0.7682860213686791,-0.5689182725902303,0.1921195499663589,-3.0897852143988915,-0.5935227149405758,1.8826470096158445
10217,945723.8867921488,945723.9185093751,right,-0.009122318588197231,-0.0008750404231250286,0.007180505432188511,-0.04472498595714569,0.5584905743598938,0.8283043503761292,-0.041492998600006104,0.03836790472269058,-0.11303441971540451,-0.22098655644690432,0.7689380748555426,-0.5682308539110333,0.19238711686218085,-3.0876494123980462,-0.592564991262621,1.8852398002048079
10218,945723.9067921488,945723.9257933334,right,-0.011142347007989883,-0.0015485547482967377,0.00876602716743946,-0.04659426212310791,0.557640790939331,0.8287733197212219,-0.040663789957761765,0.032394640147686005,-0.10843917727470398,-0.22021493429751496,0.7696110176284882,-0.5675256961436818,0.19266183674221263,-3.0854312258063796,-0.5915409084375768,1.8879083685360118
10219,945723.9267921488,945723.9698943751,right,-0.010972585529088974,0.0012744679115712643,0.009052139706909657,-0.048176608979701996,0.5569313764572144,0.8291599750518799,-0.032821979373693466,0.020723193883895874,-0.08884488046169281,-0.21957975913931566,0.7702144958893724,-0.5668769849823114,0.19288512926317777,-3.0835552047873165,-0.5906864704928876,1.8902943589791987
10220,945723.9467921489,945723.9706109167,right,-0.015723710879683495,0.003919831942766905,0.011141695082187653,-0.049363650381565094,0.5563440918922424,0.8294845223426819,-0.021656885743141174,0.006320432294160128,-0.06829604506492615,-0.21909787665269445,0.7707309038900964,-0.566317948519757,0.19301262106194195,-3.0821517295909446,-0.5899795526027288,1.892280416580066
10221,945723.9667921489,945723.9873386667,right,-0.027200972661376,0.0025531866122037172,0.019695928320288658,-0.04984305799007416,0.5560681223869324,0.8296405673027039,0.0015198419569060206,-0.022023696452379227,-0.03253054991364479,-0.21892795044139915,0.7710689221920297,-0.5659265669711845,0.19300295412748947,-3.0815870891549255,-0.5896474931354901,1.8935190916338234
10222,945723.9867921489,945724.0324517083,right,-0.033939655870199203,-0.0006236733170226216,0.026008890941739082,-0.049327876418828964,0.5562545657157898,0.8295466899871826,0.026159845292568207,-0.04545747488737106,0.003482184838503599,-0.21921464156266818,0.7711757287081787,-0.5657395350378989,0.1927994201541499,-3.0821991482391993,-0.589871846668767,1.8937879687681278
10223,945724.0067921489,945724.0335398751,right,-0.032289523631334305,0.002785349963232875,0.02703971229493618,-0.04860684275627136,0.5568765997886658,0.8291715979576111,0.04216592758893967,-0.02437223121523857,0.00020202738232910633,-0.21973706732888154,0.7711399645614077,-0.5656225254207061,0.19269078223936062,-3.0830389034183985,-0.5906205576823972,1.8937095533705814
10224,945724.026792149,945724.0626239168,right,-0.03813895955681801,6.92463363520801E-05,0.027736233547329903,-0.04876972362399101,0.5577284097671509,0.8285895586013794,0.051623694598674774,0.018426673486828804,-0.026976481080055237,-0.2201120420292385,0.7711087558208067,-0.5654077747653992,0.1930179463592228,-3.082801966413536,-0.5916464142628329,1.894138347590557
10225,945724.046792149,945724.0674397917,right,-0.05003304034471512,-0.007375670596957207,0.03112073242664337,-0.049942899495363235,0.5587426424026489,0.8278360962867737,0.07601505517959595,0.057732462882995605,-0.04496954381465912,-0.22027859542281775,0.7711137998157923,-0.5650676336764469,0.19380234211844724,-3.0813364409709973,-0.592868870365947,1.895205748813085
10226,945724.066792149,945724.1023461667,right,-0.06297042965888977,-0.016157180070877075,0.020450735464692116,-0.051624927669763565,0.5600941777229309,0.8268188238143921,0.08978942781686783,0.07214273512363434,-0.04016781598329544,-0.22044543387190704,0.7710594630392066,-0.5646916115750301,0.19492148723414887,-3.0792357968938924,-0.594499424274196,1.8964709613931765
10227,945724.086792149,945724.123507,right,-0.06880706548690796,-0.02158990316092968,0.014093072153627872,-0.05345676466822624,0.5616642832756042,0.8256364464759827,0.10585486888885498,0.08933218568563461,-0.027554940432310104,-0.22064365126547753,0.7708971939517199,-0.5643896076688387,0.19620939651591152,-3.0769369768678874,-0.5963959137324788,1.8975521999032265
10228,945724.106792149,945724.1273269167,right,-0.0686478316783905,-0.027819540351629257,0.005894008558243513,-0.05547233298420906,0.5633466243743896,0.8243563175201416,0.10395539551973343,0.11668391525745392,-0.020893141627311707,-0.22079798859495883,0.7705972364326565,-0.5642321779010729,0.19766149523463028,-3.0744024648547894,-0.5984307145918185,1.8983017987481308
10229,945724.126792149,945724.1474204584,right,-0.06695785373449326,-0.0327853299677372,-0.00035980099346488714,-0.058148447424173355,0.5648858547210693,0.823117733001709,0.0848955363035202,0.1570417284965515,-0.029215482994914055,-0.22067064187457808,0.7702655259027181,-0.5641363024979223,0.19936300569736637,-3.071065883272247,-0.6002948436425811,1.899155757529023
10230,945724.146792149,945724.188627625,right,-0.06221242621541023,-0.03419586643576622,-0.004249477759003639,-0.06174178794026375,0.5659030675888062,0.8221568465232849,0.04578785598278046,0.20679737627506256,-0.05345084145665169,-0.22002339955785,0.7699977896341913,-0.5640759914667322,0.20127423602654101,-3.06663622581119,-0.601528078324746,1.900349571669542
10231,945724.1667921491,945724.1893905418,right,-0.05775614455342293,-0.028001025319099426,-0.0034467100631445646,-0.06654626131057739,0.5661114454269409,0.8216384053230286,-0.005722368601709604,0.2620863914489746,-0.07786968350410461,-0.21864798603121427,0.7698680007686745,-0.5640233592246872,0.20340578900337253,-3.0607771100820247,-0.601780889265499,1.9021088658522185
10232,945724.1867921491,945724.2315057501,right,-0.05422075092792511,-0.02008715644478798,-0.0041352976113557816,-0.07239293307065964,0.5653558969497681,0.8216644525527954,-0.06112368404865265,0.30715617537498474,-0.09151209890842438,-0.21650791855041646,0.7698489849736103,-0.5640608488781031,0.20565074013118348,-3.053714542587088,-0.6008646210182915,1.904172988074843
10233,945724.2067921491,945724.2320088751,right,-0.05372200906276703,-0.012416752055287361,-0.0040719173848629,-0.07877830415964127,0.5636675357818604,0.8222364783287048,-0.11309818178415298,0.3293314278125763,-0.07932829856872559,-0.21375347057962601,0.7698879060659255,-0.5642612456259467,0.20782487332530558,-3.0460746287176588,-0.5988191320301194,1.9061466581104989
10234,945724.2267921491,945724.2523177917,right,-0.053026143461465836,-0.004843427799642086,0.004238360561430454,-0.08499188721179962,0.5613121390342712,0.8232282996177673,-0.1480271965265274,0.32831504940986633,-0.038354258984327316,-0.21068089974791268,0.7698388480872537,-0.5647673832658084,0.20976019567157095,-3.038715166893873,-0.5959703881952108,1.9073470628300218
10235,945724.2467921491,945724.2713238334,right,-0.05514005944132805,0.0017362305661663413,0.01190927904099226,-0.09047618508338928,0.5586346983909607,0.8244642615318298,-0.16567865014076233,0.29878196120262146,0.023265164345502853,-0.20758561722521762,0.7695765892620379,-0.5656711943357495,0.21136713586738828,-3.032290857772103,-0.5927387387340076,1.9072811190259722
10236,945724.2667921492,945724.2875312084,right,-0.06042114272713661,0.006786802317947149,0.023567920550704002,-0.09459327161312103,0.5559881925582886,0.825790286064148,-0.15718024969100952,0.25946539640426636,0.08975879848003387,-0.2048025330907324,0.7690140192279722,-0.5670206868288293,0.21251083707946256,-3.02754117363475,-0.5895512951912928,1.9055633811811827
10237,945724.2867921492,945724.3452242084,right,-0.0781007632613182,0.00940085481852293,0.0417921245098114,-0.09655791521072388,0.5539846420288086,0.8269088268280029,-0.12940914928913116,0.2254994511604309,0.12525035440921783,-0.2028285021117525,0.768028092364768,-0.5688472118520946,0.21308763201461767,-3.025349557321892,-0.587142793186302,1.9017772021103467
10238,945724.3067921492,945724.3453046667,right,-0.09576994180679321,0.01201228704303503,0.060030270367860794,-0.09853298962116241,0.5519834756851196,0.8280127644538879,-0.1016380563378334,0.19153347611427307,0.160741925239563,-0.20085272179349828,0.76703546743184,-0.5706687846240865,0.21366257829665472,-3.0231504798754267,-0.584741021661695,1.897990332778845
10239,945724.3267921492,945724.3486285417,right,-0.11288194358348846,0.002965852152556181,0.07304075360298157,-0.10021939128637314,0.5508549809455872,0.8285619020462036,-0.05866805836558342,0.20502692461013794,0.13254909217357635,-0.19936320015828277,0.765924495242321,-0.5723989119068758,0.21441392710836635,-3.021221771890747,-0.5833882306233339,1.8941934870483719
10240,945724.3467921492,945724.3728414584,right,-0.12442205101251602,-0.013233273290097713,0.07312952727079391,-0.10301408916711807,0.5505653619766235,0.8284116983413696,-0.0035218645352870226,0.26206567883491516,0.06888403743505478,-0.19799725367635132,0.7648887822318404,-0.5737167295926087,0.2158500529412489,-3.01787660665853,-0.5830412965945162,1.8916729738255718
10241,945724.3667921493,945724.3887090418,right,-0.13809390366077423,-0.028821678832173347,0.07926448434591293,-0.10778637230396271,0.5510311722755432,0.8274940252304077,0.05718352645635605,0.33725109696388245,-0.016429342329502106,-0.19649459965983385,0.764040507713584,-0.574446703317064,0.2182721507881494,-3.0120657409428993,-0.5835993500545097,1.8911755639466672
10242,945724.3867921493,945724.4185721667,right,-0.1503450721502304,-0.03460840880870819,0.08270720392465591,-0.11466895788908005,0.5522322058677673,0.8257664442062378,0.10415341705083847,0.40804025530815125,-0.09280955791473389,-0.19481183854520825,0.7633849188738717,-0.5745664242421364,0.22173181319827318,-3.003611569359709,-0.585039302924779,1.8928087825808075
10243,945724.4067921493,945724.436106625,right,-0.14991749823093414,-0.03688251972198486,0.07057911157608032,-0.1234535202383995,0.5537667274475098,0.8234691619873047,0.10884342342615128,0.4727122485637665,-0.16909149289131165,-0.19282456057502514,0.7629407540769767,-0.5741566775671804,0.2260177732931412,-2.992782306632647,-0.586881050338484,1.8963614506768818
10244,945724.4267921493,945724.4486604168,right,-0.13208116590976715,-0.035825666040182114,0.051580436527729034,-0.13446743786334991,0.5547842979431152,0.8210563063621521,0.07007184624671936,0.5708154439926147,-0.2809375822544098,-0.1900701604960625,0.7628382571569985,-0.573241524655679,0.2309660365086929,-2.9792602530231846,-0.5881035978852849,1.901982026786997
10245,945724.4467921493,945724.4926672084,right,-0.09813669323921204,-0.029945680871605873,0.03205280005931854,-0.148699551820755,0.554215669631958,0.8189833760261536,-0.019776439294219017,0.6883236765861511,-0.4170677065849304,-0.18583231034857156,0.7633100876648905,-0.5717073584577795,0.2365897890215134,-2.96198345951271,-0.5874203053751268,1.9103482417939752
10246,945724.4667921494,945724.4932635834,right,-0.06381000578403473,-0.01500300969928503,0.024208270013332367,-0.16613489389419556,0.5515639185905457,0.8174207806587219,-0.12358558923006058,0.7858471274375916,-0.5288052558898926,-0.1799106469106827,0.7643770057521416,-0.5695946561690778,0.242738189519119,-2.941081144345962,-0.5842379291562204,1.9212632584243212
10247,945724.4867921494,945724.5223729167,right,-0.03356637433171272,-0.003098968183621764,0.01612054370343685,-0.1857154220342636,0.5466322302818298,0.8165186643600464,-0.2347182035446167,0.8268290162086487,-0.5971519947052002,-0.17249666457807655,0.7659072164913138,-0.5671378776636418,0.24896880740426194,-2.917949704038193,-0.5783370242019561,1.9336227797724914
10248,945724.5067921494,945724.5374158334,right,-0.002783312229439616,0.013540488667786121,0.01401027012616396,-0.20599481463432312,0.5395061373710632,0.8163941502571106,-0.339997261762619,0.815986156463623,-0.6322067975997925,-0.16403153821558153,0.7678008718155308,-0.5645164366864343,0.25474809331081805,-2.894429248641196,-0.5698503923528927,1.946351376470367
10249,945724.5267921494,945724.5522785,right,0.02409917116165161,0.03287913650274277,0.01363740861415863,-0.22580018639564514,0.5303972959518433,0.8171249032020569,-0.42775338888168335,0.7564787268638611,-0.6415433287620544,-0.15492968587669473,0.7699806716619971,-0.5618648574318288,0.2596812409365166,-2.8719859264372083,-0.5590690951881889,1.9586352687183266
10250,945724.5467921494,945724.5685525418,right,0.048665259033441544,0.044838957488536835,-0.0034055933356285095,-0.2440134584903717,0.5196280479431152,0.8188062310218811,-0.5098074078559875,0.64927738904953,-0.6306365728378296,-0.14564860690058362,0.7724223528340814,-0.5592555028434925,0.26340694558020117,-2.8519615649204675,-0.5464155508493898,1.9699362356108512
10251,945724.5667921494,945724.6211989584,right,0.08806709945201874,0.052251044660806656,-0.01219097338616848,-0.2599788308143616,0.5064675807952881,0.8221322298049927,-0.5862751007080078,0.6079823970794678,-0.6727960109710693,-0.13611438723277136,0.7754133250438622,-0.5565969797375161,0.26534257827126084,-2.835317885028271,-0.5310831274462795,1.9803419397654038
10252,945724.5867921495,945724.6212407501,right,0.12733127176761627,0.05990834906697273,-0.02063688449561596,-0.2758066654205322,0.4930618405342102,0.8251186609268188,-0.6627427935600281,0.5666874647140503,-0.7149553894996643,-0.1265651066547584,0.7783184941326211,-0.5538768409452692,0.2672488345355854,-2.8190057590817577,-0.5156055987616884,1.990360856166042
10253,945724.6067921495,945724.6321765417,right,0.16891372203826904,0.06293276697397232,-0.02967733144760132,-0.29258617758750916,0.47750750184059143,0.8284804821014404,-0.7315073013305664,0.6098675727844238,-0.8071447610855103,-0.11603419474452414,0.7817034754925515,-0.5506176821394286,0.26887876344319894,-2.8021056155536477,-0.49781567358752565,2.001344919820159
10254,945724.6267921495,945724.6863543751,right,0.18928803503513336,0.07230664789676666,-0.02933088131248951,-0.31188133358955383,0.45950520038604736,0.8316159248352051,-0.7440743446350098,0.637684166431427,-0.8229590058326721,-0.10399478073559745,0.7855207160445598,-0.5465940606704311,0.2708820896796738,-2.7827953851619927,-0.47743801178315676,2.0139484109439723
10255,945724.6467921495,945724.6865463334,right,0.20938371121883392,0.08205855637788773,-0.02844865433871746,-0.33089789748191833,0.441124826669693,0.8342152237892151,-0.7566412687301636,0.6655006408691406,-0.838773250579834,-0.091936579190405,0.7891967179882579,-0.5424721797312565,0.27283676694493897,-2.763971025348138,-0.4568516276640132,2.0259815278362936
10256,945724.6667921495,945724.6885686667,right,0.20596548914909363,0.08562103658914566,-0.028732826933264732,-0.34821033477783203,0.4233366847038269,0.8363824486732483,-0.7026708722114563,0.5695193409919739,-0.6940869092941284,-0.08049813857166822,0.7923840471117373,-0.5388122564568196,0.2744609003431465,-2.7470893616360503,-0.43712514173499567,2.035974068893683
10257,945724.6867921496,945724.7366626251,right,0.20407013595104218,0.08783675730228424,-0.03369360789656639,-0.36111900210380554,0.4082355797290802,0.8384131193161011,-0.5979587435722351,0.3888373374938965,-0.4339557886123657,-0.07108751486804754,0.794641777438252,-0.5364241930902283,0.27520885081753593,-2.73488956856658,-0.4205204224459642,2.0419783686869875
10258,945724.7067921496,945724.7409979167,right,0.20697681605815887,0.0887657031416893,-0.049790799617767334,-0.3683393597602844,0.3971324563026428,0.8406023979187012,-0.4747232496738434,0.19321610033512115,-0.13701997697353363,-0.06446484488477473,0.7957421261579521,-0.5358129972317088,0.2748511934588522,-2.7286075373802596,-0.40839024135013563,2.043065801145058
10259,945724.7267921496,945724.7498730001,right,0.213129922747612,0.0870019942522049,-0.0672922283411026,-0.37016230821609497,0.3901907205581665,0.8430488705635071,-0.3561558127403259,0.03602020815014839,0.13290533423423767,-0.060588885397325154,0.7956748276307649,-0.5370529938992132,0.27350430831119027,-2.7278605178637023,-0.40083871957518663,2.0393572936900366
10260,945724.7467921496,945724.7898493333,right,0.21379607915878296,0.0796826034784317,-0.06981206685304642,-0.3681548237800598,0.386961430311203,0.8454129695892334,-0.23824988305568695,-0.04103461280465126,0.3318879306316376,-0.05892971952562251,0.7945754408123915,-0.5397742684331214,0.2716998813772143,-2.7308846572321723,-0.3973340134949118,2.0319818309570135
10261,945724.7667921496,945724.7909937084,right,0.2156267613172531,0.06697537004947662,-0.07713595777750015,-0.36438947916030884,0.38666900992393494,0.8471761345863342,-0.14156296849250793,-0.02736109308898449,0.44152769446372986,-0.05872558558510239,0.7926455472220717,-0.54341607508084,0.27011702073684674,-2.7353914159123773,-0.3970169147986291,2.022443301569455
10262,945724.7867921497,945724.8313638751,right,0.22009699046611786,0.06123349443078041,-0.08072434365749359,-0.3610824942588806,0.38814646005630493,0.8479158878326416,-0.07881395518779755,0.06980197131633759,0.4636182487010956,-0.05901612803905666,0.7901618779610861,-0.5473591593035736,0.26936778816374984,-2.7390048807887664,-0.3986194938484464,2.01233789896627
10263,945724.8067921497,945724.8318645001,right,0.2109929919242859,0.059402186423540115,-0.07080625742673874,-0.3597322404384613,0.3904806077480316,0.8474185466766357,-0.034347712993621826,0.18667712807655334,0.4523855149745941,-0.05907957480281837,0.7873207366493535,-0.5512125155720285,0.2698155913011372,-2.7401426626641805,-0.4011535906959436,2.0026767465806
10264,945724.8267921497,945724.852423875,right,0.18283455073833466,0.05051392316818237,-0.06576292216777802,-0.35976824164390564,0.39361467957496643,0.8459515571594238,0.00933755561709404,0.23793543875217438,0.49322038888931274,-0.059025654370538166,0.7841456363521409,-0.5550597299867484,0.2711827536646764,-2.7394830441180917,-0.40456038451936455,1.9931860925554084
10265,945724.8467921497,945724.8736011668,right,0.14919935166835785,0.040760815143585205,-0.06201966479420662,-0.3593755066394806,0.3981979787349701,0.8439711332321167,0.06832187622785568,0.21556320786476135,0.6066478490829468,-0.05952145995550294,0.7804525707784671,-0.5593561289330582,0.27289466969036674,-2.7390320972625246,-0.409551506266066,1.9825936048462238
10266,945724.8667921497,945724.9012021667,right,0.11935334652662277,0.028454942628741264,-0.055604852735996246,-0.35700979828834534,0.40490633249282837,0.8417810201644897,0.138501837849617,0.15303011238574982,0.7671959400177002,-0.06117868310213038,0.7760217391050412,-0.5645181093391571,0.2745300302947259,-2.7404741635255405,-0.4168763776683034,1.969710237242943
10267,945724.8867921497,945724.9326435,right,0.09120380133390427,0.015523621812462807,-0.050126753747463226,-0.35198476910591125,0.41388553380966187,0.8395268321037292,0.20359495282173157,0.08130454272031784,0.933319628238678,-0.0642115644760402,0.7707467034966772,-0.5707125881569964,0.2758865120015965,-2.7445892181897285,-0.4267181942892204,1.9539544415762973
10268,945724.9067921498,945724.9333172084,right,0.0672435313463211,0.002226832788437605,-0.045977409929037094,-0.3443380296230316,0.4247679114341736,0.8372593522071838,0.2512182891368866,0.015720387920737267,1.0666171312332153,-0.0684993823514317,0.7646917048500536,-0.5778202155705221,0.2769079842786925,-2.751410483870962,-0.43870547105488245,1.9354604677428913
10269,945724.9267921498,945724.9623117084,right,0.04669089987874031,-0.004407821223139763,-0.036954429000616074,-0.3346685469150543,0.4367816150188446,0.8349961042404175,0.27609479427337646,-0.01806100830435753,1.145983338356018,-0.07364252315507262,0.7580424711150976,-0.5855506685680956,0.27763035114542844,-2.7603947871140644,-0.45201782930549567,1.9148317984753656
10270,945724.9467921498,945724.9722479167,right,0.025199314579367638,-0.007747267838567495,-0.028330761939287186,-0.3240981996059418,0.4489573836326599,0.8327048420906067,0.26241499185562134,-0.01710255816578865,1.1585975885391235,-0.07902926526705738,0.7510608572823767,-0.5935148971475804,0.278211858261086,-2.770421435911301,-0.46559812735084455,1.8930450437219273
10271,945724.9667921498,945724.9899181668,right,0.001371398800984025,-0.004901091568171978,-0.02181299962103367,-0.3135261535644531,0.46026208996772766,0.8305784463882446,0.20813247561454773,0.006345312111079693,1.1278305053710938,-0.08405575471491228,0.7440102882130473,-0.6014464423844854,0.2786493901274946,-2.780650276825913,-0.47829036213092496,1.8708384715985875
10272,945724.9867921498,945725.0285795,right,-0.019193463027477264,0.002411997178569436,-0.008542408235371113,-0.3035549223423004,0.4699994623661041,0.8288272619247437,0.1405041217803955,0.03567664325237274,1.0734096765518188,-0.08832445497401006,0.7371146455357249,-0.6091597017996531,0.2788997063221935,-2.7905186015240884,-0.4892901237592283,1.8488120047050922
10273,945725.0067921499,945725.029328,right,-0.042508140206336975,0.007763917092233896,0.0036474806256592274,-0.2943168878555298,0.47807085514068604,0.8275420069694519,0.0770050585269928,0.04254717007279396,1.0245994329452515,-0.09178670931055717,0.7304708471644659,-0.61659001713931,0.27893394303447644,-2.7998917723944348,-0.4984569334196197,1.8272451414697994
10274,945725.0267921499,945725.0503128751,right,-0.07105212658643723,0.005117807537317276,0.012369772419333458,-0.28483378887176514,0.48477232456207275,0.8269615173339844,0.027999386191368103,-0.003209777409210801,1.0173898935317993,-0.09485554303522019,0.724051723558435,-0.6238828210829573,0.27842698259775045,-2.809885008457095,-0.5061027694064121,1.8056683423070505
10275,945725.0467921499,945725.0748687084,right,-0.09394992887973785,0.0029077688232064247,0.01780136302113533,-0.2741777300834656,0.49064773321151733,0.8270979523658752,-0.006320676766335964,-0.07694394141435623,1.0253770351409912,-0.09802342537837591,0.7177380780084478,-0.6311900942827109,0.2772044290456244,-2.8214988792990763,-0.5128328847002984,1.7835397971960885
10276,945725.0667921499,945725.0923555001,right,-0.10886852443218231,0.0039791930466890335,0.01882733590900898,-0.2622860372066498,0.49582311511039734,0.8278677463531494,-0.0327330157160759,-0.13569271564483643,1.0049803256988525,-0.1014036396713787,0.7115606317483272,-0.6384475304997884,0.2752875916577563,-2.8347760846668764,-0.5187823180211277,1.7610239720107363
10277,945725.0867921499,945725.1220257917,right,-0.12500324845314026,0.0028713683132082224,0.011330348439514637,-0.24998266994953156,0.5001474022865295,0.8290722966194153,-0.05309443548321724,-0.17059415578842163,0.9457569122314453,-0.10477284857184326,0.7057238005356862,-0.6453603577333851,0.2729218893446932,-2.848741255746022,-0.5237688968107262,1.7391129586534542
10278,945725.10679215,945725.1389065001,right,-0.14285220205783844,-0.004509449936449528,0.006929492112249136,-0.2378585785627365,0.5035723447799683,0.8305649757385254,-0.06511909514665604,-0.1932917684316635,0.8656471967697144,-0.10799503561464333,0.7004051363968425,-0.6517016584591884,0.2702860426058525,-2.8626762667718744,-0.5277286242221144,1.7186149921905478
10279,945725.12679215,945725.1523408334,right,-0.14908649027347565,-0.008835133165121078,0.004840637091547251,-0.22648027539253235,0.5061966180801392,0.8321487903594971,-0.06565693020820618,-0.18917064368724823,0.7544951438903809,-0.11095370550922351,0.6956915828303757,-0.6573336622999596,0.26760945512467615,-2.87586587809161,-0.5307688076562649,1.7000998433472931
10280,945725.14679215,945725.1712900001,right,-0.1421692967414856,-0.01239261869341135,-0.0013970680302008986,-0.21678881347179413,0.508119523525238,0.8335570096969604,-0.06610279530286789,-0.147984117269516,0.6096841096878052,-0.11341335319166529,0.6917158811577698,-0.6620480024001064,0.26525253253468606,-2.887152865737246,-0.5329999652066392,1.6844286876963128
10281,945725.16679215,945725.1948237084,right,-0.13231641054153442,-0.009197831153869629,0.004033395554870367,-0.20955833792686462,0.5093629956245422,0.834646463394165,-0.04647231101989746,-0.08483322709798813,0.4555256962776184,-0.11513053584549603,0.6885708481708881,-0.6657276603363815,0.2634800068583324,-2.895603238215558,-0.5344443104601538,1.6721876507494968
10282,945725.18679215,945725.2421575834,right,-0.12291449308395386,-0.003469163551926613,0.0012821565615013242,-0.2061217576265335,0.5105398893356323,0.8347833752632141,-0.005893646739423275,-0.041771356016397476,0.33844780921936035,-0.11602258711411126,0.6865861166787403,-0.6678256453175136,0.2629584788052945,-2.89951840661679,-0.5358124852782006,1.665249585017082
10283,945725.20679215,945725.2421942501,right,-0.11351968348026276,0.002280714688822627,-0.0014678004663437605,-0.20267803966999054,0.5116955637931824,0.8349186778068542,0.03468501195311546,0.0012905284529551864,0.2213699221611023,-0.116913487019589,0.6845948797862469,-0.6699172292729028,0.26243445024830103,-2.903447511973974,-0.5371570202142795,1.658299582249218
10284,945725.2267921501,945725.2577985834,right,-0.09080497175455093,0.009799519553780556,-0.006951273884624243,-0.20123325288295746,0.5131229758262634,0.8343920707702637,0.07246624678373337,0.04322252795100212,0.10630343854427338,-0.11751631081408041,0.6832858945520408,-0.6710561409276102,0.2626668770756893,-2.9049385606791898,-0.5388192766937191,1.654484503873662
10285,945725.2467921501,945725.2724310834,right,-0.07621992379426956,0.01990724913775921,0.00012439320562407374,-0.2018870711326599,0.5148554444313049,0.83316570520401,0.13182125985622406,0.08738956600427628,-0.005275086034089327,-0.11780580420820196,0.682660210407281,-0.6712360288209478,0.26370211217219264,-2.9038617542313006,-0.5408389523041648,1.6538609747414361
10286,945725.2667921501,945725.2935282501,right,-0.08154673129320145,0.0066582257859408855,0.005155669059604406,-0.20369257032871246,0.5174126625061035,0.8311402201652527,0.20861610770225525,0.06620074063539505,-0.04857946187257767,-0.11823636525532238,0.6824701749105343,-0.6706746461540317,0.26542451558290664,-2.901253811022759,-0.543824548450561,1.655539966564563
10287,945725.2867921501,945725.31740375,right,-0.07916039228439331,-0.01419168058782816,-0.007764884736388922,-0.20481979846954346,0.5214202404022217,0.8283534049987793,0.29912927746772766,-0.005273305345326662,-0.03444239869713783,-0.11958429597716155,0.6823921021691096,-0.6697145986289218,0.2674373693264618,-2.899193362376875,-0.5485144433269028,1.6580551183112493
10288,945725.3067921501,945725.3321327918,right,-0.06043803319334984,-0.03084384836256504,-0.036410894244909286,-0.20459434390068054,0.5269110202789307,0.824927806854248,0.37069085240364075,-0.05961195379495621,-0.01712249219417572,-0.12202602942780683,0.6822380208793528,-0.6685918743955083,0.2695286419073486,-2.898483408917149,-0.5549618938856967,1.6605591182772361
10289,945725.3267921502,945725.3525805417,right,-0.031919680535793304,-0.041569411754608154,-0.06254168599843979,-0.20390532910823822,0.5332115888595581,0.8210406303405762,0.4044337272644043,-0.06372177600860596,-0.04016439616680145,-0.12501625695129853,0.6821235642554511,-0.6672538291362785,0.2717544904362658,-2.8981678398584454,-0.5623922454426659,1.663467699629307
10290,945725.3467921502,945725.3748585418,right,-0.006152739282697439,-0.04601234197616577,-0.07465675473213196,-0.20396046340465546,0.5395469069480896,0.8168776035308838,0.4033447504043579,-0.029822049662470818,-0.09536483138799667,-0.1278716847223529,0.6822095107494828,-0.6656041550471459,0.27424428571710746,-2.8969125190311593,-0.5698987827742222,1.6674357510542197
10291,945725.3667921502,945725.3923355833,right,0.004478172864764929,-0.04107610508799553,-0.06483437120914459,-0.2052861899137497,0.5454148054122925,0.8126375675201416,0.38463419675827026,0.007389208301901817,-0.14996051788330078,-0.13022417244286322,0.682571730160054,-0.6636373531199626,0.27698865052189714,-2.8941524860144634,-0.5768838141796674,1.6726871820164275
10292,945725.3867921502,945725.4310347917,right,0.006281725596636534,-0.026242991909384727,-0.042890701442956924,-0.20761826634407043,0.5507111549377441,0.8084624409675598,0.36044737696647644,0.028396576642990112,-0.1845034956932068,-0.13210216698559216,0.6831706223096631,-0.6614446469425291,0.27985293399796113,-2.8902185450250975,-0.583215913113722,1.6789259248396315
10293,945725.4067921502,945725.4322650417,right,0.006104646250605583,-0.004727818537503481,-0.019793814048171043,-0.21038468182086945,0.5553944110870361,0.804534375667572,0.3256606161594391,0.03463783487677574,-0.20538689196109772,-0.13364846106389452,0.6839323245805286,-0.6591689366858419,0.282614445785814,-2.885821505010225,-0.5888370840355943,1.6856109251245914
10294,945725.4267921502,945725.4521364167,right,0.00809349212795496,0.018799850717186928,0.0030160273890942335,-0.2134728580713272,0.5593171119689941,0.8009954690933228,0.28387996554374695,0.04312196746468544,-0.22946791350841522,-0.1348287682110653,0.6848518852311057,-0.6568679891800694,0.28517265060648705,-2.881137246062187,-0.5935616929695182,1.692564715895163
10295,945725.4467921503,945725.4716611251,right,0.008673940785229206,0.04044921696186066,0.019685762003064156,-0.21703267097473145,0.5623416900634766,0.7979153990745544,0.23823390901088715,0.0531797856092453,-0.26486438512802124,-0.13555593068372715,0.6859975141418618,-0.6544959997361086,0.2875186102270543,-2.8760181904205138,-0.5972148748414619,1.699971865469759
10296,945725.4667921503,945725.5213045,right,0.010511740110814571,0.05154679715633392,0.022311504930257797,-0.22108158469200134,0.5645207166671753,0.7952603697776794,0.19329729676246643,0.0504172183573246,-0.29739615321159363,-0.13586283628218868,0.6874049604166186,-0.6520004019178421,0.28967395521344386,-2.870440629509761,-0.5998523974967298,1.7079726889407325
10297,945725.4867921503,945725.5223510001,right,0.01463822741061449,0.052113763988018036,0.01405149232596159,-0.22504234313964844,0.5660895705223083,0.7930310964584351,0.16849616169929504,0.015064278617501259,-0.2982615530490875,-0.136012307206612,0.6889923183830486,-0.6494652078429292,0.2915218784312068,-2.8650870794770436,-0.6017543174867589,1.716138914228011
10298,945725.5067921503,945725.5323631667,right,0.021246157586574554,0.04325200989842415,0.003557178657501936,-0.22795012593269348,0.5674078464508057,0.7912570238113403,0.1605319231748581,-0.05387036129832268,-0.2629675567150116,-0.1364359772539321,0.6906490000750363,-0.6470180656792931,0.29284268171878325,-2.8611017599045994,-0.6033543467633812,1.723809660628122
10299,945725.5267921503,945725.563068625,right,0.022957805544137955,0.0352322943508625,0.003374500200152397,-0.22888611257076263,0.569019079208374,0.789828360080719,0.17426399886608124,-0.1507590115070343,-0.1869613230228424,-0.1375929428045453,0.6921748303305947,-0.6448318389566013,0.29352015448730767,-2.859527090132826,-0.6053124334447015,1.7301914358363593
10300,945725.5467921504,945725.5724955001,right,0.02400987222790718,0.023770498111844063,0.002874780213460326,-0.22721092402935028,0.5712729692459106,0.7886839509010315,0.18509125709533691,-0.2582437992095947,-0.09672057628631592,-0.1397814549798167,0.6934201924421508,-0.6430476861281704,0.2934605928645234,-2.8610993548362074,-0.608055871291076,1.7346719695138821
10301,945725.5667921504,945725.59395975,right,0.029150085523724556,0.02363584190607071,0.013424969278275967,-0.2231060266494751,0.574001133441925,0.7878748774528503,0.1834191232919693,-0.33238494396209717,-0.037367742508649826,-0.14287221065420924,0.694415388926953,-0.6416577119130711,0.2926605212708799,-2.8656429022653596,-0.6113837318260906,1.7373156590070677
10302,945725.5867921504,945725.6288930834,right,0.030065074563026428,0.03569123148918152,0.026944143697619438,-0.2180439531803131,0.576687216758728,0.7873300909996033,0.16995707154273987,-0.34288904070854187,-0.038987722247838974,-0.14623626048176086,0.6953687770779531,-0.6404117618472791,0.29146159965139623,-2.8714230269194903,-0.6146677681783173,1.7392554727611818
10303,945725.6067921504,945725.6322847084,right,0.029911143705248833,0.043782129883766174,0.02818608470261097,-0.2134929597377777,0.5787105560302734,0.7870925664901733,0.12196790426969528,-0.31202346086502075,-0.09630979597568512,-0.14920907885995668,0.6965238131152582,-0.6390624266531365,0.2901556144386081,-2.8767232905076177,-0.6171465726790502,1.741664345800564
10304,945725.6267921504,945725.6625535417,right,0.02434287592768669,0.05782706290483475,0.03324151784181595,-0.2104448527097702,0.5796235799789429,0.7872416973114014,0.06550277769565582,-0.26688286662101746,-0.17168882489204407,-0.15134145442865218,0.6980823879591891,-0.6374180221387096,0.28892019471684915,-2.880381283241367,-0.6182665687539377,1.7454347178524592
10305,945725.6467921505,945725.6746577084,right,0.014715765602886677,0.07328939437866211,0.038090240210294724,-0.2088622748851776,0.5793522000312805,0.7878625392913818,0.013870950788259506,-0.23740503191947937,-0.23448127508163452,-0.15261623371691582,0.7000664888977427,-0.6354825721629664,0.28770980580339894,-2.882453774657767,-0.6179336415319964,1.750568293576765
10306,945725.6667921505,945725.6927365834,right,0.0021163916680961847,0.08472710102796555,0.04362025856971741,-0.2079908549785614,0.5782392024993896,0.7889100313186646,-0.01927289552986622,-0.2441611886024475,-0.2594616413116455,-0.15338558552281104,0.7023525547854937,-0.6333686301211482,0.28638743344280876,-2.8838151984365714,-0.6165687786339156,1.7564919609284608
10307,945725.6867921505,945725.7223220001,right,-0.008386651985347271,0.09313387423753738,0.04448434337973595,-0.2067776918411255,0.5766859650611877,0.7903646230697632,-0.0385720431804657,-0.28145739436149597,-0.243157759308815,-0.15410883176370882,0.7047813545955487,-0.6312412086714779,0.28472460376675485,-2.8857049919996776,-0.61466622115238,1.7623901408733418
10308,945725.7067921505,945725.7348145834,right,-0.018040845170617104,0.0950390100479126,0.042343590408563614,-0.20424821972846985,0.5751583576202393,0.7921333909034729,-0.039270080626010895,-0.35530269145965576,-0.18010683357715607,-0.15521429851005114,0.7071160559863385,-0.6293278178821391,0.2825627889028584,-2.889243697317154,-0.6127976358012742,1.7672924893703377
10309,945725.7267921505,945725.7570598334,right,-0.0327148400247097,0.08708293735980988,0.03287585824728012,-0.1992136836051941,0.5741727948188782,0.7941280603408813,-0.014328332617878914,-0.46605753898620605,-0.07389570772647858,-0.15722494410934523,0.7091239908113788,-0.6278591460933409,0.2796716264205959,-2.8958064479145977,-0.6115933722492323,1.7701592616329789
10310,945725.7467921505,945725.7725364584,right,-0.04000449180603027,0.07236029207706451,0.017133943736553192,-0.19101645052433014,0.5740556120872498,0.7962239980697632,0.014529326930642128,-0.5732122659683228,0.03306789696216583,-0.16045913055478264,0.7106866427472148,-0.6269261496070505,0.2759361640172414,-2.906139672995789,-0.6114502054068306,1.7704958920101603
10311,945725.7667921506,945725.794941375,right,-0.0394756905734539,0.0520908497273922,-0.006543255876749754,-0.18051911890506744,0.5745806097984314,0.7982922196388245,0.026266461238265038,-0.6345212459564209,0.08964721858501434,-0.16459238691505212,0.7119174976623464,-0.6263541274548361,0.2715940856451204,-2.9192015576933916,-0.6120915657503972,1.769025384056947
10312,945725.7867921506,945725.8261644584,right,-0.03501883149147034,0.03437420353293419,-0.02861647494137287,-0.16927467286586761,0.5752190947532654,0.8002927899360657,0.019920671358704567,-0.6267378926277161,0.07882679253816605,-0.16898105364466737,0.7130476855314892,-0.6258668323301493,0.26701842554339117,-2.9331491976377477,-0.6128719112217557,1.7670062530038906
10313,945725.8067921506,945725.8560125834,right,-0.03160760924220085,0.01805040054023266,-0.04689536616206169,-0.15911784768104553,0.5755032300949097,0.8021708130836487,-0.004552130587399006,-0.5652515888214111,0.00881531648337841,-0.1729232524319381,0.7143446811509755,-0.6251375816144713,0.26270181841596013,-2.945775619062248,-0.6132192881438681,1.7659695175177559
10314,945725.8267921506,945725.8572987084,right,-0.031425222754478455,0.009946499951183796,-0.05816126614809036,-0.15131384134292603,0.5750554203987122,0.8039997816085815,-0.040701042860746384,-0.46665745973587036,-0.09707192331552505,-0.17590238515153317,0.7160053664202782,-0.6239680372791295,0.2589565616069553,-2.9555674576280344,-0.6126717878786982,1.7669441779250012
10315,945725.8467921506,945725.8720408333,right,-0.03518318384885788,0.013342631980776787,-0.06541808694601059,-0.14659415185451508,0.5735242366790771,0.8059650659561157,-0.09795209765434265,-0.35439568758010864,-0.22158338129520416,-0.1775634845943217,0.7181779473584315,-0.6222562757651299,0.25590729053451705,-2.9616732267571844,-0.61080146212233,1.7705330502096777
10316,945725.8667921507,945725.8925203334,right,-0.04755779355764389,0.027887126430869102,-0.063771553337574,-0.14484184980392456,0.5709705352783203,0.8080923557281494,-0.13715243339538574,-0.2743532061576843,-0.3052721917629242,-0.17795745801977547,0.7208279944596728,-0.6200428110087909,0.2535446279907372,-2.9642369137792346,-0.6076874864039664,1.7765841104626434
10317,945725.8867921507,945725.9323707917,right,-0.07232573628425598,0.038407690823078156,-0.0735219195485115,-0.14409103989601135,0.5677350163459778,0.8105028867721558,-0.16349226236343384,-0.28062233328819275,-0.3030831813812256,-0.1777776377694548,0.7236958409225088,-0.6176695464019563,0.2512840923925619,-2.9656512646708464,-0.6037517398904668,1.7834701930497887
10318,945725.9067921507,945725.933196,right,-0.09878011047840118,0.05222727730870247,-0.07337473332881927,-0.14225542545318604,0.5642586350440979,0.8132502436637878,-0.17516697943210602,-0.3484266996383667,-0.23792915046215057,-0.17778067678763165,0.7264768377097837,-0.6155131523938683,0.24853367654954986,-2.968422789766557,-0.5995349393315536,1.7894377175965175
10319,945725.9267921507,945725.9747855418,right,-0.12798446416854858,0.06008601933717728,-0.0722886398434639,-0.13793641328811646,0.560892641544342,0.8163168430328369,-0.17976094782352448,-0.4444833993911743,-0.12770812213420868,-0.17846778313427752,0.7288963109078033,-0.6138961491621976,0.24493030498631588,-2.974199922943152,-0.5954635223059551,1.7931381979990095
10320,945725.9467921507,945725.9757142084,right,-0.15989111363887787,0.055519912391901016,-0.08178899437189102,-0.1307736039161682,0.5576465725898743,0.81971275806427,-0.20517213642597198,-0.5238367915153503,-0.008609919808804989,-0.17991172234999214,0.7308359559770053,-0.6129723372282965,0.24036531479434903,-2.983390141846099,-0.5915478034175077,1.7940634500065948
10321,945725.9667921507,945725.9937939584,right,-0.19376198947429657,0.04902030900120735,-0.09895575791597366,-0.12185537815093994,0.5537995100021362,0.823685348033905,-0.29126816987991333,-0.515522301197052,0.06222029775381088,-0.18144530236679776,0.7323430716886733,-0.6127937596559039,0.23502118780027623,-2.9947189319636447,-0.5869204371119573,1.792536525350155
10322,945725.9867921508,945726.0311455834,right,-0.22558878362178802,0.051700249314308167,-0.11122196912765503,-0.11369317770004272,0.5481306910514832,0.8286292552947998,-0.4392698407173157,-0.39833328127861023,0.07317031174898148,-0.18178440110896465,0.7336530572831901,-0.6132435972080188,0.2294335297820992,-3.0052379222464696,-0.5801275815434436,1.7898744903907855
10323,945726.0067921508,945726.0335677083,right,-0.2360043227672577,0.07085491716861725,-0.10814405232667923,-0.10801097750663757,0.5396432280540466,0.8349365592002869,-0.6186286807060242,-0.23152852058410645,0.07206766307353973,-0.1799696876264107,0.7349036486418971,-0.6143165430173887,0.2239256108342081,-3.0129430423660972,-0.5700132150432394,1.7868131210298217
10324,945726.0267921508,945726.0535952084,right,-0.213884636759758,0.1075572744011879,-0.08131720125675201,-0.10516919195652008,0.5281046032905579,0.8426417112350464,-0.7992128729820251,-0.07360716909170151,0.07564868032932281,-0.17578883086992145,0.7360449168472891,-0.6160832885070621,0.2185804942319263,-3.017426003795898,-0.5563668925829586,1.7832764945621056
10325,945726.0467921508,945726.0736246668,right,-0.1613350212574005,0.15306715667247772,-0.03748420253396034,-0.10485735535621643,0.5138968229293823,0.8514195084571838,-0.918743908405304,0.0666230320930481,0.08647016435861588,-0.16955464610689594,0.7370451349227003,-0.618444925595743,0.2134045600056804,-3.0190539690359657,-0.539721137061604,1.7792785184779027
10326,945726.0667921508,945726.0946430417,right,-0.10610964894294739,0.1848907470703125,0.0016148872673511505,-0.10665380209684372,0.4976087212562561,0.8608198761940002,-1.0049070119857788,0.1832381784915924,0.05737920105457306,-0.16173198248507567,0.7379382720528322,-0.6211738299526189,0.20840561549923567,-3.0183231062343134,-0.5208396974162504,1.7750864623098173
10327,945726.0867921509,945726.1379311667,right,-0.0564940944314003,0.20446109771728516,0.043772608041763306,-0.11078349500894547,0.47980695962905884,0.8703516125679016,-1.050805687904358,0.27783626317977905,-0.015019947662949562,-0.15262455409354692,0.7389746289679207,-0.6237725595531681,0.20378867100644796,-3.014987751046661,-0.5004346200727137,1.7718656315388122
10328,945726.1067921509,945726.1384060833,right,-0.034660179167985916,0.20606282353401184,0.0586429163813591,-0.11653494834899902,0.46149367094039917,0.8794561624526978,-1.0307261943817139,0.30291804671287537,-0.051029741764068604,-0.14292654589899828,0.740155319641883,-0.6260176415828062,0.1996093408300778,-3.0098523482571546,-0.47967809565230657,1.769760614444774
10329,945726.1267921509,945726.1548205,right,-0.029787631705403328,0.17872971296310425,0.03422091156244278,-0.12174878269433975,0.4440435767173767,0.8876948952674866,-0.9381467700004578,0.22250708937644958,-0.00296310568228364,-0.13384038809975524,0.7411849853205678,-0.6280861207028052,0.19554845998969503,-3.0052916258705373,-0.4601064837367713,1.7675861156647463
10330,945726.1467921509,945726.176077125,right,-0.020922614261507988,0.13514995574951172,-0.00834434013813734,-0.12418188899755478,0.4288311302661896,0.894808828830719,-0.7827209830284119,0.07882528007030487,0.09275954216718674,-0.12656039370798303,0.7417280914458093,-0.6302727578066497,0.19125393549782413,-3.0036932887996075,-0.4431984554210392,1.764026912893456
10331,945726.1667921509,945726.1934381251,right,0.0008163714082911611,0.09258326888084412,-0.04095039144158363,-0.12337543815374374,0.4167070686817169,0.9006296396255493,-0.6039963960647583,-0.037842873483896255,0.15076813101768494,-0.12155974468750365,0.7417300708199329,-0.6325750663217352,0.18683789432143433,-3.0054522233296073,-0.4298198251052924,1.7590752499878628
10332,945726.186792151,945726.2177388751,right,0.03695522993803024,0.07073765248060226,-0.03765058517456055,-0.121591717004776,0.40763619542121887,0.9050124883651733,-0.43908050656318665,-0.02122071199119091,0.07788422703742981,-0.11819598429569045,0.7416116868007411,-0.6344432535668798,0.18309367224423864,-3.008038953695057,-0.41986385504197116,1.7547409989808214
10333,945726.206792151,945726.2339079584,right,0.07416820526123047,0.06811121851205826,0.007122811395674944,-0.12282321602106094,0.4009706676006317,0.9078198075294495,-0.2949913740158081,0.15080828964710236,-0.1453128159046173,-0.11508994985952345,0.7421009575766855,-0.6349771486467469,0.18123005673016898,-3.0071146874084107,-0.4125761170941038,1.754246916592501
10334,945726.226792151,945726.2552952084,right,0.09334304928779602,0.06601012498140335,0.0584864616394043,-0.1300358921289444,0.39622318744659424,0.9088990688323975,-0.14836706221103668,0.3875940442085266,-0.42572593688964844,-0.11120890372890288,0.7436942691061587,-0.6335363123002988,0.18216185808423857,-2.999487497014371,-0.40739965490061947,1.7598278082469208
10335,945726.246792151,945726.2761314167,right,0.09370885044336319,0.05154445022344589,0.07628855854272842,-0.14319100975990295,0.39374834299087524,0.907997190952301,0.03416294604539871,0.566281259059906,-0.6434407234191895,-0.10672830605860914,0.7463150286290142,-0.630089177119548,0.1860390751988325,-2.9851811157876478,-0.40470574538183757,1.7714322291026487
10336,945726.266792151,945726.3189912083,right,0.09809954464435577,0.02844114974141121,0.05339325591921806,-0.1598140150308609,0.3940945863723755,0.9050683379173279,0.23629413545131683,0.6468080878257751,-0.7554671168327332,-0.10259690363571178,0.7494729708495169,-0.6251594430749762,0.19219683638557575,-2.9668176795231207,-0.40508245838099916,1.7871525310185554
10337,945726.286792151,945726.3193809584,right,0.11406819522380829,0.00655187014490366,0.021701686084270477,-0.17787817120552063,0.3975061774253845,0.9001935124397278,0.42523860931396484,0.6703335642814636,-0.7991580963134766,-0.09949448258751878,0.7527272153560213,-0.619272481867503,0.20001027871440158,-2.9465060966967447,-0.4087974245582888,1.8052900193694945
10338,945726.3067921511,945726.3348437501,right,0.13015399873256683,-0.01253427192568779,0.0010172384791076183,-0.19614240527153015,0.4037039875984192,0.8936171531677246,0.5965819358825684,0.651158332824707,-0.7920703291893005,-0.09765623207578437,0.7558126345856353,-0.6128260292740536,0.20893720580911357,-2.925526495468403,-0.41556176220839475,1.8247101612743548
10339,945726.3267921511,945726.3549701667,right,0.13290461897850037,-0.030290428549051285,-0.002992034889757633,-0.21356812119483948,0.4124254584312439,0.8856037855148315,0.7304211258888245,0.6236563920974731,-0.8243774175643921,-0.09727695297103077,0.7585973140073468,-0.6060791207311589,0.21848415163367663,-2.904955659488615,-0.4251148760009473,1.8446941864321258
10340,945726.3467921511,945726.3945336251,right,0.10485073179006577,-0.0378706194460392,0.05403468757867813,-0.2300558239221573,0.4193849563598633,0.8781746625900269,0.9628267884254456,0.7432773113250732,-1.033185362815857,-0.09687863072612024,0.7621660347578734,-0.5984899048799962,0.22699606431646427,-2.885379953264977,-0.43276765866289557,1.8668470206457175
10341,945726.3667921511,945726.3995297084,right,0.03743099793791771,-0.10140123963356018,0.0524134486913681,-0.24742573499679565,0.4223072826862335,0.87203049659729,0.6945990324020386,0.5751206874847412,-1.032829999923706,-0.09511837134005013,0.7670772262647398,-0.5895826260079674,0.23438696762391048,-2.865123836380945,-0.4359891666485955,1.892598000887184
10342,945726.3867921511,945726.426578375,right,-0.002703131875023246,-0.14391809701919556,0.07931816577911377,-0.26460739970207214,0.42594221234321594,0.8651914000511169,0.5278880596160889,0.399869441986084,-1.0312681198120117,-0.09395189316561299,0.771911724855295,-0.5802998352528413,0.24202750534262166,-2.8447897546058534,-0.4400029993906208,1.919165066993141
10343,945726.4067921512,945726.4436941667,right,-0.021544739603996277,-0.1651049703359604,0.1815900355577469,-0.2817481458187103,0.42892614006996155,0.8582778573036194,0.6471582055091858,0.4971303343772888,-1.119256854057312,-0.0927204703850901,0.7766886994025997,-0.5708708189320616,0.24952775145639605,-2.824404799156284,-0.44330363743941525,1.9459752489885362
10344,945726.4267921512,945726.46356325,right,-0.06947918236255646,-0.20131954550743103,0.20462782680988312,-0.30158624053001404,0.433726042509079,0.8490744233131409,0.8999496698379517,0.7380598783493042,-1.1930835247039795,-0.09176595047175483,0.7811087634480276,-0.5607193810805559,0.25892420818230727,-2.800298215542086,-0.44862390256196866,1.9749715250257915
10345,945726.4467921512,945726.4748804584,right,-0.09601186960935593,-0.22868067026138306,0.20316199958324432,-0.3241700828075409,0.4421704411506653,0.8363008499145508,1.0328339338302612,0.8306981325149536,-1.0610395669937134,-0.09176404960849208,0.7844767877414102,-0.5502240531801099,0.27097770412883426,-2.7718009227632305,-0.4580170802144468,2.0054146138191773
10346,945726.4667921512,945726.4947389168,right,-0.08808664232492447,-0.231194406747818,0.17931757867336273,-0.3457699418067932,0.4536241590976715,0.8213820457458496,1.1990044116973877,0.8888254165649414,-0.8564459681510925,-0.09315997998963994,0.7862730947946436,-0.5408008486399065,0.28395460065076256,-2.743148046183806,-0.4708277766787362,2.0333873526977593
10347,945726.4867921512,945726.5172901667,right,-0.062013573944568634,-0.23157984018325806,0.13034559786319733,-0.3654608428478241,0.4695558249950409,0.803713858127594,1.3602392673492432,0.8125659227371216,-0.5122241377830505,-0.09672797048165582,0.7861779943950531,-0.532710992474635,0.29797115151620446,-2.7148247053107513,-0.48878761947054705,2.0584979327063317
10348,945726.5067921513,945726.558967625,right,-0.02622906304895878,-0.2378455549478531,0.05314447358250618,-0.3785860538482666,0.4888518154621124,0.7859366536140442,1.3568382263183594,0.5892661213874817,-0.15627077221870422,-0.10291705665530958,0.784254467126602,-0.5271747109622974,0.31054740087441984,-2.692691696840612,-0.5107730721862784,2.077017551501366
10349,945726.5267921513,945726.5590264167,right,0.009417572990059853,-0.2435552477836609,-0.02337384596467018,-0.39157354831695557,0.5075916647911072,0.7674767374992371,1.3534371852874756,0.3659662902355194,0.19968262314796448,-0.10908246817859754,0.7821499136013931,-0.5215168193301924,0.32305189544183177,-2.6698113514336725,-0.532387302438657,2.0963305093954903
10350,945726.5467921513,945726.55940425,right,0.14682044088840485,-0.21362628042697906,-0.06562379002571106,-0.39193782210350037,0.5249494910240173,0.7555211782455444,1.180625081062317,0.1878557652235031,0.006580057088285685,-0.11741788580010362,0.7800757678892613,-0.5188856433518975,0.3293209092241914,-2.663046253432592,-0.5526557541730377,2.105794176258346
10351,945726.5667921513,945726.574873875,right,0.060113176703453064,-0.14314329624176025,-0.047629281878471375,-0.3920272886753082,0.5386975407600403,0.7457339763641357,0.7878081798553467,0.16691350936889648,0.1899329572916031,-0.12405541587836387,0.7782219004963175,-0.5169502589462356,0.33428000731679613,-2.657602489793017,-0.5688904146071231,2.112992472587535
10352,945726.5867921513,945726.6000349583,right,0.06509876996278763,-0.10748061537742615,-0.05976925790309906,-0.39492931962013245,0.5486994385719299,0.7368577122688293,0.5480964183807373,0.5294460654258728,0.10892011970281601,-0.12762955988241684,0.7757073976999501,-0.5164366302007758,0.3395315486169625,-2.649589463091471,-0.5808077912898589,2.116635510726684
10353,945726.6067921513,945726.6316170001,right,0.04793810099363327,-0.052575841546058655,-0.07238767296075821,-0.40322768688201904,0.555543839931488,0.7271720170974731,0.32489174604415894,0.7856958508491516,0.1883743852376938,-0.1276848611698847,0.7722111740933759,-0.5169872567336897,0.3465699332695644,-2.635289890209704,-0.5890168697474677,2.118306639709283
10354,945726.6267921514,945726.6525834167,right,0.028526712208986282,-0.062396932393312454,-0.0677400529384613,-0.41158977150917053,0.5609098076820374,0.7183129787445068,0.10042598843574524,1.0197937488555908,0.5208885669708252,-0.1256631778119214,0.7669334426032632,-0.5205473249370427,0.3536270428092768,-2.6212666162745974,-0.5954843584467105,2.1119753361719558
10355,945726.6467921514,945726.654689125,right,-0.03301076218485832,-0.05020245537161827,-0.09718560427427292,-0.41983309388160706,0.5651313662528992,0.7101877331733704,-0.2410716414451599,1.077982783317566,0.7363094687461853,-0.1218130851306163,0.7599843074721553,-0.5267994400460023,0.3606488987441606,-2.607700202180499,-0.6005924472772873,2.098300584039256
10356,945726.6667921514,945726.6748309584,right,-0.08564943820238113,-0.04725746065378189,-0.03554322570562363,-0.42634689807891846,0.5695635080337524,0.7027271389961243,-0.23458431661128998,1.1800342798233032,1.0447875261306763,-0.11723901332302011,0.7513702001257764,-0.5355430228358802,0.36727552149518883,-2.5962589388181225,-0.6059746866698166,2.0775110503293117
10357,945726.6867921514,945726.6986928334,right,-0.1441975235939026,-0.04582660272717476,0.01346562523394823,-0.4285750985145569,0.5774920582771301,0.6948571801185608,-0.23972943425178528,1.1038967370986938,1.4623517990112305,-0.11400807873328554,0.7404807463735424,-0.5469157095035377,0.3735954664753095,-2.588925213304013,-0.6156533446820631,2.049106567187654
10358,945726.7067921514,945726.7329137501,right,-0.1378556340932846,-0.06426563113927841,0.007773066405206919,-0.423147052526474,0.5887203216552734,0.6887344121932983,-0.24035502970218658,0.9473344683647156,1.8924745321273804,-0.11297261287274227,0.7275167890140488,-0.5613256290742202,0.37798144081679336,-2.590664269195006,-0.6294747808942406,2.0107946806375865
10359,945726.7267921515,945726.7360118751,right,-0.09014835953712463,-0.08269808441400528,-0.02041587233543396,-0.41117537021636963,0.6022478938102722,0.6842747926712036,-0.2653835713863373,0.843824565410614,2.1335208415985107,-0.1138205024415487,0.712864091917537,-0.5778945469024132,0.3806669801046394,-2.600517541120293,-0.6463138821426944,1.9643979965646743
10360,945726.7467921515,945726.75624575,right,-0.02275080233812332,-0.07680260390043259,-0.02911459282040596,-0.3962576985359192,0.6157376766204834,0.6810633540153503,-0.31415072083473206,0.8536790013313293,2.1579339504241943,-0.11510516742133038,0.6973105801405276,-0.5952222859080487,0.3823861444105668,-2.6146466657124763,-0.6633217383517921,1.9136932435259213
10361,945726.7667921515,945726.8024314167,right,0.042551808059215546,-0.05842959135770798,-0.0305906031280756,-0.3830798268318176,0.6276606321334839,0.6777104735374451,-0.2623424232006073,1.0873249769210815,1.9323017597198486,-0.115256234601967,0.6815185842121466,-0.6118721991711377,0.38452641717358393,-2.6271123119143764,-0.678544473541843,1.8635405402659366
10362,945726.7867921515,945726.8035893334,right,0.0937989354133606,-0.056016601622104645,-0.08167413622140884,-0.37439867854118347,0.63560551404953,0.6751528978347778,-0.4421333074569702,1.161765456199646,1.6615523099899292,-0.11277236420602793,0.6665918896870656,-0.6270818469928867,0.3869184962990065,-2.635271387560347,-0.6887924721238434,1.8169240107584994
10363,945726.8067921515,945726.8170757084,right,0.09631595015525818,-0.039830952882766724,-0.09742069244384766,-0.372746080160141,0.638775110244751,0.6730725765228271,-0.6278207898139954,1.3241560459136963,1.2090201377868652,-0.10682819124807062,0.6533160324324816,-0.6400893563253449,0.38993766796850293,-2.6358385184286837,-0.6929051027310199,1.777287664665478
10364,945726.8267921516,945726.8365925418,right,0.10878392308950424,-0.026639753952622414,-0.10599678009748459,-0.37963542342185974,0.6364151239395142,0.671455442905426,-0.7880691885948181,1.458891749382019,0.686411440372467,-0.09689919278877701,0.642452471691713,-0.6503710413491204,0.3935513563412608,-2.627009302418947,-0.6898416698156076,1.7470577115800472
10365,945726.8467921516,945726.8773811667,right,0.11967431753873825,-0.017037272453308105,-0.10978017747402191,-0.39385145902633667,0.6290090680122375,0.6702450513839722,-0.8956162333488464,1.460446834564209,0.2625889480113983,-0.08373613321603773,0.6342804639377682,-0.6578835493391981,0.39732304405488056,-2.6103237150644234,-0.6802777566622484,1.726238838868967
10366,945726.8667921516,945726.8782756667,right,0.12430070340633392,-0.0021521502640098333,-0.08688342571258545,-0.41068223118782043,0.6184967160224915,0.6699265837669373,-0.898341715335846,1.2458946704864502,0.056387197226285934,-0.06962747944655105,0.6284484979092891,-0.6633368076222826,0.40023564238547543,-2.591650561188212,-0.6668280655941604,1.7115944470383857
10367,945726.8867921516,945726.9172988334,right,0.11888008564710617,0.01386916171759367,-0.054546989500522614,-0.4247773289680481,0.6077197790145874,0.6709995865821838,-0.7880855798721313,0.8514271974563599,0.04708477854728699,-0.05741665077694668,0.624443217807316,-0.6675106046192912,0.40150134263799264,-2.577224533934292,-0.6531860394945246,1.6999280087839028
10368,945726.9067921516,945726.9185523334,right,0.09767946600914001,0.013264015316963196,-0.023108530789613724,-0.43133118748664856,0.5995462536811829,0.6741646528244019,-0.6025413274765015,0.30450525879859924,0.2092939168214798,-0.049665565920769435,0.6216396441179093,-0.6713020306057469,0.4005633855139571,-2.5724208269983384,-0.6429339763918985,1.6882334519467403
10369,945726.9267921516,945726.935894625,right,0.08688679337501526,-0.004245804622769356,-0.01949983648955822,-0.4275675117969513,0.5958035588264465,0.6798559427261353,-0.37943387031555176,-0.2866135835647583,0.438366174697876,-0.04790171602359261,0.6196428581672732,-0.6752559857909511,0.39721199268753626,-2.580187463051387,-0.6382656932395596,1.6749143013666765
10370,945726.9467921517,945726.956568875,right,0.09305011481046677,-0.007158685941249132,-0.03990018367767334,-0.41383612155914307,0.5961759090423584,0.687978208065033,-0.21356552839279175,-0.777870774269104,0.5691961050033569,-0.05186702892172502,0.6184320612062137,-0.6793606064608613,0.3915618062304063,-2.600052698095181,-0.6387293785780841,1.6600439716849031
10371,945726.9667921517,945726.9823342084,right,0.12000296264886856,0.008993834257125854,-0.03627609461545944,-0.3944098949432373,0.5984806418418884,0.6973246932029724,-0.1019749864935875,-1.0441160202026367,0.49256429076194763,-0.05938126025903036,0.6183998969671491,-0.6828205156719926,0.3844625231926495,-2.626848263281381,-0.6416031174648008,1.6463355337872463
10372,945726.9867921517,945726.999995375,right,0.14391371607780457,0.010006111115217209,-0.05442724749445915,-0.3743800222873688,0.600156843662262,0.706860363483429,-0.07090626657009125,-1.1251837015151978,0.25119641423225403,-0.06781359708097708,0.6200511634965601,-0.6848114083985453,0.37679056780544684,-2.6545169772101653,-0.6436970711477111,1.6369407143087604
10373,945727.0067921517,945727.0261599584,right,0.16085103154182434,0.011824877932667732,-0.07044591754674911,-0.3572964370250702,0.5996504426002502,0.7160718441009521,-0.08357755094766617,-1.1081892251968384,-0.08117546886205673,-0.07536527159770177,0.6237307392869895,-0.6848327052398216,0.36916687128571857,-2.6787716985230907,-0.643064139676928,1.634128457517131
10374,945727.0267921517,945727.0432750001,right,0.16449499130249023,0.024219125509262085,-0.06155397370457649,-0.34470921754837036,0.5966134667396545,0.7247262001037598,-0.07973023504018784,-1.0551025867462158,-0.417707622051239,-0.08129189699011462,0.6294719931530545,-0.6827357002816018,0.36197860189859754,-2.6976218999586066,-0.6392745119439835,1.6387926966003876
10375,945727.0467921518,945727.06405725,right,0.14840734004974365,0.023691322654485703,-0.04668700695037842,-0.3357510268688202,0.5917574167251587,0.7328670620918274,-0.05597401410341263,-1.0820409059524536,-0.670623242855072,-0.0860934413095866,0.6371331399620207,-0.6785976930439751,0.3551820097951161,-2.7119955928027357,-0.6332371268506428,1.650504236576588
10376,945727.0667921518,945727.077365375,right,0.13147421181201935,0.04512813687324524,0.022758152335882187,-0.32835647463798523,0.5861921906471252,0.7406486868858337,-0.0018199494807049632,-1.1428133249282837,-0.8586239814758301,-0.09073507816715685,0.6462893869967241,-0.6727810144375314,0.34848626461559684,-2.724294182048325,-0.6263507179921185,1.6675505477996955
10377,945727.0867921518,945727.1020532917,right,0.10895097255706787,0.0931008979678154,0.11266419291496277,-0.3219725489616394,0.5803690552711487,0.7480009198188782,0.06427865475416183,-1.1909220218658447,-1.0451987981796265,-0.0954670500129728,0.6566841094499439,-0.6654069128003912,0.3418852383988535,-2.735120055399577,-0.6191817271792487,1.689251659164245
10378,945727.1067921518,945727.118230625,right,0.07115308940410614,0.13825903832912445,0.17470143735408783,-0.3165963590145111,0.5748785734176636,0.7545074224472046,0.17982693016529083,-1.2512359619140625,-1.1744358539581299,-0.1004658731939656,0.6681155281831648,-0.6564109013716909,0.335638013738389,-2.744299206454542,-0.6124556776887847,1.7155902939910523
10379,945727.1267921518,945727.14959175,right,0.03658367320895195,0.10843206197023392,0.1309136301279068,-0.3097008168697357,0.5715794563293457,0.7598567008972168,0.3500320017337799,-1.444676160812378,-1.1265625953674316,-0.10707186075053732,0.6798602766507426,-0.6463112817070015,0.32955604523382503,-2.7545708425179876,-0.6084293693358739,1.7442749414879268
10380,945727.1467921518,945727.162046125,right,0.03658685460686684,0.02090401016175747,0.006122343707829714,-0.29723504185676575,0.5715973377227783,0.7648054361343384,0.4859418272972107,-1.7432705163955688,-0.9525408744812012,-0.11676918636897655,0.6912704597046192,-0.6360407115974954,0.32243150035659135,-2.7709165424674898,-0.6084511969185297,1.7715660090363505
10381,945727.1667921519,945727.17789275,right,0.05874112248420715,-0.036289237439632416,-0.06062755361199379,-0.27851489186286926,0.5749167203903198,0.7693505883216858,0.5968503952026367,-1.9737873077392578,-0.8010131120681763,-0.12958948343689683,0.7020527578837622,-0.6259369985206071,0.31389690606103604,-2.7942563711741264,-0.6125023161803439,1.7961353909039945
10382,945727.1867921519,945727.2455594167,right,0.06508985906839371,-0.04887326806783676,-0.04149949178099632,-0.25570499897003174,0.5809053182601929,0.772763729095459,0.634344220161438,-1.9929006099700928,-0.7948772311210632,-0.14455824035521522,0.7121978414063701,-0.6157564501699578,0.3045011608462836,-2.822036792356955,-0.6198403792272622,1.8189123539811807
10383,945727.2067921519,945727.2459155833,right,0.07141318917274475,-0.061841461807489395,-0.02135653607547283,-0.23286978900432587,0.5872779488563538,0.7751620411872864,0.671838104724884,-2.0120139122009277,-0.7887414693832397,-0.15945204967114085,0.7219733771113638,-0.6052564629524262,0.29494740191026614,-2.8497559752273056,-0.6276915664471815,1.8415535102131644
10384,945727.2267921519,945727.2461070417,right,-0.004419225268065929,-0.04551313817501068,0.06193465739488602,-0.2126062959432602,0.5939954519271851,0.7758661508560181,0.6514834761619568,-1.8607382774353027,-0.871358335018158,-0.1735583944627235,0.7314972995849643,-0.5940073161665282,0.2862594342026839,-2.8741338155391425,-0.636016285048478,1.8660230468033554
10385,945727.246792152,945727.264989875,right,-0.08147579431533813,-0.019509661942720413,0.16066741943359375,-0.19636894762516022,0.6006168723106384,0.775047242641449,0.6664239168167114,-1.662298560142517,-0.9039489030838013,-0.186168586569517,0.7405768312071066,-0.5822967394595702,0.27895786716417087,-2.8934507287463354,-0.6442723279324628,1.892161113999868
10386,945727.266792152,945727.2828655834,right,-0.19583271443843842,0.00031132358708418906,0.22572171688079834,-0.18147553503513336,0.6089253425598145,0.7721896171569824,0.8401563763618469,-1.5665252208709717,-0.657300591468811,-0.19860772440010888,0.7482411516014689,-0.5711653888880008,0.27287396012142867,-2.910767418731879,-0.65470500032339,1.9163096166364426
10387,945727.286792152,945727.3219650834,right,-0.27267569303512573,-0.012023783288896084,0.19521671533584595,-0.16262881457805634,0.6202330589294434,0.76737380027771,0.9424676895141602,-1.5457245111465454,-0.2917092442512512,-0.21268946456194884,0.7534583447958009,-0.5621274886425991,0.2666012075400134,-2.9327537733236793,-0.669039752903576,1.9324605312486591
10388,945727.306792152,945727.3225463751,right,-0.21745289862155914,-0.008297103457152843,0.15019167959690094,-0.14160236716270447,0.6331754326820374,0.7609454393386841,0.915037989616394,-1.3455733060836792,-0.0683562308549881,-0.22727847316690789,0.7563024170525041,-0.5554091106548279,0.2605222641612621,-2.957609875963364,-0.6856488954611085,1.9405705166232154
10389,945727.326792152,945727.3423380834,right,-0.12482745200395584,0.028091911226511,0.13200893998146057,-0.12511540949344635,0.6450570821762085,0.7538220882415771,0.7635992765426636,-0.926223874092102,-0.14734509587287903,-0.23956327317295373,0.7579926991742303,-0.5498708937457538,0.2563170826718406,-2.977117504000454,-0.7010979153525685,1.9466703385054795
10390,945727.346792152,945727.360813125,right,-0.03597120940685272,0.043598972260951996,0.09820355474948883,-0.11778240650892258,0.6540323495864868,0.7472411394119263,0.5559451580047607,-0.5134804248809814,-0.36415553092956543,-0.24767253005188758,0.7597088624961597,-0.54448408273517,0.25502513785900527,-2.9852561044055084,-0.7129026600712624,1.956214016170326
10391,945727.366792152,945727.3778666251,right,0.02354380674660206,0.026576269418001175,0.055004920810461044,-0.11825085431337357,0.6597548723220825,0.7421188950538635,0.359919935464859,-0.2572726905345917,-0.5372393131256104,-0.2519907466713409,0.761988071895946,-0.5389188419374208,0.25581488347662995,-2.9835790562143054,-0.720492435569117,1.9700650182013641
10392,945727.3867921521,945727.4024744584,right,0.013210716657340527,0.011757788248360157,0.030459990724921227,-0.12105576694011688,0.6630004644393921,0.7387663125991821,0.21503481268882751,-0.30868566036224365,-0.4636012017726898,-0.25439709910525654,0.7646081437701229,-0.5336266699348592,0.25670778593205856,-2.979174224243269,-0.7248196357772527,1.984648546149407
10393,945727.4067921521,945727.4186918334,right,0.029615255072712898,0.037553198635578156,0.029542885720729828,-0.12077018618583679,0.6657454371452332,0.7363402843475342,0.17788352072238922,-0.4569828510284424,-0.2582166790962219,-0.2571983919930568,0.7668204631421036,-0.5292980483255545,0.2562785072550334,-2.979026173994521,-0.7284923395859042,1.9953840212717853
10394,945727.4267921521,945727.4373524584,right,0.04191833361983299,0.05244314298033714,0.02175992541015148,-0.11500409990549088,0.6681513786315918,0.735083818435669,0.16605103015899658,-0.6115289330482483,-0.050146784633398056,-0.26105024103229013,0.7684900021983558,-0.5262745760904646,0.25359608667913147,-2.9864005894137504,-0.7317213423319429,2.000224526950486
10395,945727.4467921521,945727.4621253334,right,0.05944157764315605,0.06029127538204193,0.008880012668669224,-0.1046687439084053,0.6699315309524536,0.7350077629089355,0.09044453501701355,-0.7053129076957703,0.09959321469068527,-0.2655681053680704,0.7697140782931182,-0.5244463746198859,0.24893725162159686,-3.0001389834169214,-0.7341165142839673,1.9998550350868507
10396,945727.4667921521,945727.4788885417,right,0.07473564893007278,0.06628559529781342,0.003152364632114768,-0.09238095581531525,0.6705184578895569,0.7361183762550354,-0.023538388311862946,-0.6774864196777344,0.14859087765216827,-0.26980166446207665,0.7707035795830273,-0.5235217997778713,0.2432030182968054,-3.016748139537457,-0.7349072943538806,1.9963375450430263
10397,945727.4867921522,945727.5288198334,right,0.08811140060424805,0.07527663558721542,0.0057076443918049335,-0.08144643902778625,0.6691256761550903,0.7386724948883057,-0.18866990506649017,-0.5535515546798706,0.10292773693799973,-0.2725421570088517,0.7718468496798094,-0.5230569397908627,0.2374540892336088,-3.031775912531734,-0.733031588288877,1.9926204252536535
10398,945727.5067921522,945727.5299409584,right,0.08978375047445297,0.09340298175811768,0.022755198180675507,-0.07339291274547577,0.6649292707443237,0.7432915568351746,-0.36815422773361206,-0.41464340686798096,0.036340177059173584,-0.2729859178721965,0.7734258012928568,-0.5229323031141344,0.23201904882695987,-3.0431714912168104,-0.7273990440035222,1.990036720926457
10399,945727.5267921522,945727.538319875,right,0.07052120566368103,0.09686874598264694,0.03403143584728241,-0.06720110774040222,0.6587173342704773,0.7493831515312195,-0.46211615204811096,-0.36643916368484497,0.05586359277367592,-0.2718203907974423,0.7752540478667566,-0.5231372825625094,0.22676416882818096,-3.0521568695353967,-0.7191126513220465,1.9880130588431761
10400,945727.5467921522,945727.569718,right,0.047911789268255234,0.07255484908819199,0.022444577887654305,-0.059781525284051895,0.6516025066375732,0.7562009692192078,-0.5019359588623047,-0.43025392293930054,0.1732250303030014,-0.2704012388666946,0.776861522859799,-0.5240100509106829,0.2208677237449345,-3.0627018721627923,-0.7096950137260022,1.9839947783997014
10401,945727.5667921522,945727.5821755833,right,0.045676086097955704,0.04078298434615135,-0.0030936214607208967,-0.049352776259183884,0.6440492868423462,0.7633904218673706,-0.5197241306304932,-0.5045558214187622,0.2943304479122162,-0.26944220342746245,0.7780118257867086,-0.5257306344488167,0.2137889304132936,-3.0770332630437616,-0.6997797580943302,1.976647299932942
10402,945727.5867921523,945727.6173455,right,0.05837159603834152,0.016975732520222664,-0.025707757100462914,-0.03706315904855728,0.6361836194992065,0.7706472277641296,-0.5450630784034729,-0.5203099250793457,0.3559921681880951,-0.26876131320804986,0.7787873158298795,-0.5280282216479598,0.20601907980208614,-3.093536355987518,-0.689541605065458,1.9672193370663522
10403,945727.6067921523,945727.6181879584,right,0.06109094247221947,-0.0029104698915034533,-0.04558965936303139,-0.024649998173117638,0.6280048489570618,0.7778192162513733,-0.5533645749092102,-0.46951156854629517,0.3582058846950531,-0.26793152421443717,0.7793155078995777,-0.5306381373482876,0.19825037675104973,-3.109912314706165,-0.6789867233152681,1.9571944037056743
10404,945727.6267921523,945727.6600636251,right,0.04920850694179535,-0.011800036765635014,-0.03859541192650795,-0.01380870770663023,0.6196631193161011,0.7847461700439453,-0.5489471554756165,-0.3858114182949066,0.3015233278274536,-0.2666337480188398,0.7798355147840688,-0.5331318089362208,0.19113671166539684,-3.1239982934726886,-0.6683133275946077,1.948368985548452
10405,945727.6467921523,945727.6610063334,right,0.029297182336449623,-0.029697461053729057,-0.01554829254746437,-0.005605107173323631,0.6115721464157104,0.7911691069602966,-0.5143327116966248,-0.25569722056388855,0.20368361473083496,-0.2648021943668378,0.7804564028792658,-0.5352310207188711,0.1851901171519643,-3.134508408812674,-0.6580461129700279,1.9417578073851633
10406,945727.6667921523,945727.6988268751,right,-0.0074373758397996426,-0.05905110016465187,-0.008501778356730938,-0.0012264735996723175,0.6034809350967407,0.7973762154579163,-0.5202438831329346,-0.06716974824666977,0.07093288004398346,-0.26198132174862065,0.7813623035768115,-0.5368062427801934,0.18076935079494819,-3.1400547420497795,-0.64785935811958,1.938195270358303
10407,945727.6867921524,945727.6995534167,right,-0.040065646171569824,-0.08732576668262482,0.009706997312605381,-0.002733631758019328,0.5942463278770447,0.8042781352996826,-0.7970864176750183,0.11201255768537521,-0.20132675766944885,-0.25708215229863385,0.7830374635589185,-0.5375790813297642,0.17824014818707815,-3.13819402468229,-0.636328170295728,1.9394542874872616
10408,945727.7067921524,945727.7190524167,right,-0.009203119203448296,-0.10980933159589767,0.054399002343416214,-0.012458854354918003,0.5837511420249939,0.8118367195129395,-1.0041393041610718,0.39424946904182434,-0.48084214329719543,-0.24940512005314794,0.7855687482449875,-0.537401133250047,0.17854571187964455,-3.1262475724298326,-0.6233409891219034,1.946597480940079
10409,945727.7267921524,945727.7624283751,right,-0.038221485912799835,-0.09427892416715622,0.13611507415771484,-0.029686322435736656,0.5683044791221619,0.8222829103469849,-0.9582937359809875,0.7695533633232117,-0.7097873687744141,-0.23765678447120192,0.7900360003467025,-0.5357092930088536,0.17993865902482453,-3.105506213543081,-0.6044437293889837,1.9611164408180366
10410,945727.7467921524,945727.7635774584,right,-0.06487996876239777,-0.09309326112270355,0.1866079568862915,-0.05309348925948143,0.5520341992378235,0.8321295380592346,-0.8900589346885681,1.032925009727478,-0.7801114320755005,-0.22395643889894443,0.7945979918179313,-0.5335528801936418,0.18379011267126366,-3.077874873249449,-0.5848018376477817,1.9781309429815845
10411,945727.7667921524,945727.7807738334,right,-0.09918483346700668,-0.07376672327518463,0.214814230799675,-0.07896453142166138,0.53687584400177,0.8399577140808105,-0.7178258895874023,1.117300271987915,-0.6736488342285156,-0.21012663202338977,0.7983317180173377,-0.5316438776701056,0.18938833020575735,-3.0478582104933705,-0.5667295856899468,1.9939027197036698
10412,945727.7867921524,945727.8230969168,right,-0.12268749624490738,-0.08009526133537292,0.1877843290567398,-0.1017877459526062,0.5248615145683289,0.8450799584388733,-0.4943816363811493,0.9014533758163452,-0.3078496754169464,-0.1984268717708601,0.8004848894974933,-0.5308142882464584,0.1951587098425415,-3.021722815868008,-0.5525523774364329,2.0045357077898793
10413,945727.8067921525,945727.8232692084,right,-0.1037396788597107,-0.09393548965454102,0.10960433632135391,-0.11377561092376709,0.5171712040901184,0.8482857346534729,-0.37112778425216675,0.388340562582016,0.18661870062351227,-0.19121156562788982,0.8004718114428974,-0.5323416429743,0.1982300757943646,-3.0082643756136296,-0.5435424915927488,2.0050532597522777
10414,945727.8267921525,945727.8386389584,right,-0.0672411248087883,-0.052602704614400864,0.06822491437196732,-0.11492136120796204,0.5120881795883179,0.8512099385261536,-0.26023179292678833,0.12023632973432541,0.4035310745239258,-0.18779209271455796,0.799105306822557,-0.535757006155466,0.19781061819206983,-3.007394859013159,-0.5376141486925695,1.9973827097304562
10415,945727.8467921525,945727.8787443751,right,0.020621370524168015,-0.028435084968805313,0.012514549307525158,-0.11181578785181046,0.5080441832542419,0.8540425300598145,-0.30356836318969727,0.05343319848179817,0.377509742975235,-0.18593621022715678,0.7973339731839637,-0.5397033452371095,0.19597583817384767,-3.0114080081929426,-0.5329125305350346,1.9870856878032122
10416,945727.8667921525,945727.8798549167,right,0.09314455837011337,0.0033138212747871876,-0.04074485972523689,-0.11003969609737396,0.5036978721618652,0.8568426370620728,-0.3155517578125,0.1650891900062561,0.29609960317611694,-0.18366937772216096,0.7957723114534216,-0.5432933261746594,0.19453566879199388,-3.0138673412610992,-0.5278739992364712,1.978077880505153
10417,945727.8867921525,945727.8998225001,right,0.1292048841714859,0.03762318193912506,-0.06835052371025085,-0.11270386725664139,0.4986555874347687,0.8594420552253723,-0.34777069091796875,0.3745899200439453,0.11492976546287537,-0.18002489943586547,0.7947095310618368,-0.5460381518772081,0.19460229628514922,-3.011200792146102,-0.5220470482244687,1.9724486662852123
10418,945727.9067921526,945727.9425655834,right,0.1427660584449768,0.06222647801041603,-0.08045633137226105,-0.12095249444246292,0.4923931658267975,0.86192786693573,-0.39264115691185,0.580359160900116,-0.07789469510316849,-0.17448391654378054,0.7943337311164379,-0.5477204929613343,0.19644711288615582,-3.002175347765239,-0.514837178242913,1.9710158331077288
10419,945727.9267921526,945727.94355225,right,0.14105816185474396,0.0831051766872406,-0.07483591139316559,-0.13357138633728027,0.48516130447387695,0.8641626238822937,-0.4014756381511688,0.7017898559570312,-0.18193474411964417,-0.16746826670669293,0.7944868167489088,-0.5485179042319718,0.19968228150569234,-2.9882389879572853,-0.5065475919344811,1.9728430601730071
10420,945727.9467921526,945727.9812142501,right,0.12773482501506805,0.09620807319879532,-0.06715048849582672,-0.14764635264873505,0.4777989685535431,0.8659724593162537,-0.37692031264305115,0.6982746124267578,-0.17746242880821228,-0.16005895242902723,0.79473102865779,-0.5489887955566957,0.20345707841723099,-2.9727189356745147,-0.498147442482388,1.9756120093130534
10421,945727.9667921526,945727.9826270001,right,0.11525989323854446,0.10296332091093063,-0.05133001133799553,-0.1598784476518631,0.47157567739486694,0.8672109842300415,-0.2974867820739746,0.5852349996566772,-0.06657721847295761,-0.15361668150965674,0.7946177516552481,-0.5497163031944592,0.20687269523503443,-2.9592805978335637,-0.4910767540771505,1.9769955042074183
10422,945727.9867921526,945728.0022773334,right,0.10283412039279938,0.0944119542837143,-0.06270155310630798,-0.16762052476406097,0.4674606919288635,0.8679766058921814,-0.20661091804504395,0.3743704855442047,0.11779739707708359,-0.14919678210431978,0.7938359110410883,-0.5511921196316443,0.20916949382382424,-2.9508247827677394,-0.48641610050441003,1.9752262501790572
10423,945728.0067921526,945728.0204755,right,0.10169482231140137,0.08733032643795013,-0.06818080693483353,-0.17001467943191528,0.4655774235725403,0.8685230016708374,-0.11700385808944702,0.16784551739692688,0.2811056971549988,-0.14705565197183082,0.7923386707984789,-0.5535890393014096,0.2100309422441226,-2.9482856819825503,-0.48428694006155365,1.9698019349860827
10424,945728.0267921527,945728.0450921668,right,0.10666882991790771,0.08009309321641922,-0.07480356097221375,-0.16809681057929993,0.465623676776886,0.8688715696334839,-0.04916970431804657,0.019319765269756317,0.3768218755722046,-0.14684207861297574,0.7903254394239235,-0.5566160137731825,0.2097654290286186,-2.9504881226480224,-0.48433918867745823,1.9617391220713418
10425,945728.0467921527,945728.0675753334,right,0.10612015426158905,0.0717562586069107,-0.08392735570669174,-0.16382081806659698,0.4666633605957031,0.8691302537918091,-0.01709696277976036,-0.053759947419166565,0.38041284680366516,-0.14773124147341224,0.7882019430745996,-0.5597345091049564,0.20883047498840374,-2.955290384850099,-0.4855143722201936,1.9528548363991662
10426,945728.0667921527,945728.080053125,right,0.07840342074632645,0.06319915503263474,-0.07557492703199387,-0.15929433703422546,0.4678898751735687,0.8693128228187561,-0.004436159506440163,-0.06262312084436417,0.3117450475692749,-0.14889347731979669,0.7863392548758269,-0.5624294332587003,0.20778454410366662,-2.960361730513534,-0.48690165135743174,1.9449463334180173
10427,945728.0867921527,945728.1317254168,right,-0.004952344112098217,0.032887980341911316,-0.07757634669542313,-0.15624704957008362,0.4676434099674225,0.8699979186058044,-0.05590483173727989,-0.06632490456104279,0.22129616141319275,-0.14930933444733582,0.7854745855769025,-0.5639401797222093,0.20665844848484835,-2.9638924612167843,-0.48662278292141925,1.9404542210930602
10428,945728.1067921527,945728.1317822917,right,-0.08830827474594116,0.002589177805930376,-0.0795731469988823,-0.153199702501297,0.4673844575881958,0.8706786036491394,-0.10737349092960358,-0.07002668082714081,0.13084730505943298,-0.149724478727135,0.7846063335245202,-0.5654485756138797,0.2055314114373571,-2.967421302629265,-0.48632985501123854,1.9359635924236547
10429,945728.1267921528,945728.13993575,right,-0.17856664955615997,-0.0320877842605114,-0.06566868722438812,-0.15133599936962128,0.4673190116882324,0.871039628982544,-0.13396058976650238,-0.07267139106988907,0.11151343584060669,-0.14999426014540132,0.7839866989308764,-0.5664667383167841,0.20489462032028263,-2.96956823965926,-0.48625582029009595,1.9329633679284874
10430,945728.1467921528,945728.164845625,right,-0.20504099130630493,-0.04937765747308731,-0.03622215613722801,-0.1503545343875885,0.46650034189224243,0.8716481328010559,-0.1607709676027298,-0.0308096781373024,0.06555400788784027,-0.1497483435024147,0.7836266910340053,-0.5672329053438312,0.20433117168173676,-2.9707792088694536,-0.4853300557956069,1.930856968071857
10431,945728.1667921528,945728.1836530417,right,-0.19469667971134186,-0.05632718652486801,-0.010833908803761005,-0.15124094486236572,0.46456044912338257,0.8725309371948242,-0.16483569145202637,0.06347836554050446,-0.027945401147007942,-0.14858336280190107,0.7836749925955018,-0.5675551704254789,0.20410199318702726,-2.969962266015201,-0.4831381435042922,1.9303798474120752
10432,945728.1867921528,945728.2010632501,right,-0.14128097891807556,-0.04760213568806648,0.01694435067474842,-0.1550486832857132,0.4624585509300232,0.8729791045188904,-0.07950448244810104,0.22554543614387512,-0.11971906572580338,-0.1466263978652748,0.7840299196557479,-0.5672623160020607,0.20496650572769823,-2.965817110191269,-0.4807660420116972,1.9321073286141568
10433,945728.2067921528,945728.2248807917,right,-0.07879281044006348,-0.03498147800564766,0.02710338681936264,-0.16147655248641968,0.4610964059829712,0.8725342154502869,-0.018719078972935677,0.3075254261493683,-0.19975487887859344,-0.14433540208525208,0.7845081562215414,-0.5664044163678034,0.20712389314750398,-2.9585971079789224,-0.4792303643870106,1.935757379561
10434,945728.2267921529,945728.2563705418,right,-0.02141311950981617,-0.021581221371889114,0.015999900177121162,-0.16959214210510254,0.4603968858718872,0.87136310338974,0.016998568549752235,0.3271220326423645,-0.2719825506210327,-0.1419723981204526,0.78517892177773,-0.5649562041533791,0.21014848208028555,-2.9493674161421835,-0.4784421902509227,1.9411900699608338
10435,945728.2467921529,945728.263643,right,0.0325818806886673,-0.011600167490541935,-0.010597831569612026,-0.1780868023633957,0.4591650366783142,0.8703175187110901,-0.03091207891702652,0.25954610109329224,-0.363933801651001,-0.1394677366517367,0.786381741932258,-0.5628164848135352,0.21304924942811818,-2.93975624900255,-0.4770550517065356,1.9484518601285248
10436,945728.2667921529,945728.2874797501,right,0.07019734382629395,0.004842228721827269,-0.013484708033502102,-0.18575437366962433,0.4566951096057892,0.8700141310691833,-0.0723053440451622,0.15746323764324188,-0.43161410093307495,-0.13689227473684815,0.788297778103617,-0.5599942565316005,0.21506590669227416,-2.931243836185474,-0.4742766942648081,1.957285465928702
10437,945728.2867921529,945728.3021566251,right,0.094702810049057,0.01612672209739685,-0.00396127812564373,-0.1918543428182602,0.4537196159362793,0.8702471852302551,-0.07415258139371872,0.04806985706090927,-0.45968538522720337,-0.13471427989330784,0.7906978826947485,-0.5567049093072606,0.21616748302968974,-2.924604188545525,-0.4709348722837729,1.9669436182466569
10438,945728.3067921529,945728.3215765001,right,0.09989845752716064,0.012366698123514652,-0.00634436309337616,-0.19584795832633972,0.450386106967926,0.8710890412330627,-0.10238129645586014,-0.07917390763759613,-0.4706345796585083,-0.1331007217799126,0.7934756914277012,-0.5531190941857825,0.2161936763021766,-2.9204390912990372,-0.46719770749680317,1.976885411517528
10439,945728.326792153,945728.3451482501,right,0.09270547330379486,0.01153656654059887,-0.0039780582301318645,-0.19743256270885468,0.447125107049942,0.8724100589752197,-0.058015961199998856,-0.1944064050912857,-0.42042529582977295,-0.13223101423518646,0.7963858534615628,-0.5495220698641107,0.21519724423517306,-2.919034646246376,-0.4635486575180175,1.9863324526356985
10440,945728.346792153,945728.3637056251,right,0.07339227944612503,0.00489226495847106,-0.0020198128186166286,-0.19649554789066315,0.445197194814682,0.8736065626144409,0.007511131465435028,-0.2773300111293793,-0.3360567092895508,-0.1325845981569252,0.7990501536938616,-0.5461886438504039,0.21358343387743114,-2.920350213165309,-0.46139445438558374,1.9945619801121979
10441,945728.366792153,945728.3812766251,right,0.04579760134220123,-0.007145125884562731,-0.007696999702602625,-0.19407539069652557,0.4444384276866913,0.8745338320732117,0.018839014694094658,-0.29645341634750366,-0.33867892622947693,-0.1337878123617913,0.8014424890722068,-0.5430992183684125,0.2117402722072097,-2.9232131628653835,-0.46054727474439494,2.001842021210204
10442,945728.386792153,945728.4222542084,right,0.01647443138062954,-0.009790733456611633,0.0020037495996803045,-0.1910967081785202,0.4440193176269531,0.8754021525382996,0.040393635630607605,-0.3035014569759369,-0.32705989480018616,-0.13524479200248773,0.8037023878143658,-0.5401513215072223,0.20978027878323235,-2.9266685130023,-0.46007946922992093,2.0086283215922225
10443,945728.406792153,945728.4244954584,right,-0.03854135796427727,-0.012590632773935795,0.016583308577537537,-0.18835967779159546,0.4438939094543457,0.8760586380958557,0.07439921051263809,-0.27551180124282837,-0.283245712518692,-0.13673617084767636,0.8058621448637375,-0.5372293995631421,0.2080237037926873,-2.929808956793536,-0.4599395132013381,2.015364858250104
10444,945728.426792153,945728.4430690834,right,-0.09524673223495483,-0.022848334163427353,0.014951439574360847,-0.18590377271175385,0.4447845220565796,0.8761317133903503,0.12550513446331024,-0.2235831618309021,-0.19225724041461945,-0.13844271837223376,0.8074920331908965,-0.5348105820727196,0.2068037993912523,-2.9325069006749733,-0.4609336412568481,2.0208594859300804
10445,945728.4467921531,945728.4658777084,right,-0.1248067170381546,-0.031198080629110336,0.006165559869259596,-0.18374867737293243,0.4461212158203125,0.8759064674377441,0.10241937637329102,-0.16660076379776,-0.1409004032611847,-0.1400915843364067,0.8086113060814101,-0.5330111413501142,0.2059637430766956,-2.934810235403016,-0.46242666565247686,2.0248512022891414
10446,945728.4667921531,945728.4864392501,right,-0.12020490318536758,-0.03095611184835434,0.0026918365620076656,-0.18254640698432922,0.44676414132118225,0.8758301138877869,0.033890027552843094,-0.08897915482521057,-0.13168387115001678,-0.14105968534986252,0.8094923555431275,-0.5316362234076253,0.2053948308260601,-2.9361079154059477,-0.46314516363034197,2.027992800717004
10447,945728.4867921531,945728.524574,right,-0.09288781136274338,-0.026573028415441513,0.011371624656021595,-0.1834305375814438,0.4463309943675995,0.875866174697876,-0.014547375030815601,0.05345122888684273,-0.13920113444328308,-0.14091105500182058,0.8102499574140634,-0.530497859444043,0.2054528725756382,-2.935148927698035,-0.4626610478250768,2.0309920943447977
10448,945728.5067921531,945728.5282612917,right,-0.05703231692314148,-0.02180842123925686,0.016724077984690666,-0.18766352534294128,0.4453640282154083,0.8754616975784302,-0.0045734285376966,0.22382955253124237,-0.13530930876731873,-0.13956454716287922,0.8108110778327074,-0.5294488985676716,0.20685947921405679,-2.9304289521437106,-0.46158077455140134,2.034442051330372
10449,945728.5267921531,945728.585316375,right,-0.02687651850283146,-0.019308356568217278,0.013797732070088387,-0.19327570497989655,0.44534832239151,0.8742480874061584,0.02304612286388874,0.2381303608417511,-0.04653735086321831,-0.13803195105900087,0.8105837395698472,-0.5292238955021907,0.20933995360785465,-2.9240159373692687,-0.4615632540113525,2.036095966534922
10450,945728.5467921532,945728.58547225,right,0.0032723527401685715,-0.01679982617497444,0.010903299786150455,-0.19888082146644592,0.4453241527080536,0.873002290725708,0.05066567659378052,0.25243115425109863,0.04223461449146271,-0.1364981883461846,0.8103493327085836,-0.5289943292439112,0.211818620674343,-2.9176030321800956,-0.4615362352731329,2.0377494544763164
10451,945728.5667921532,945728.58614625,right,0.025133369490504265,-0.014646923169493675,0.005808745976537466,-0.20246101915836334,0.44639962911605835,0.8716287016868591,0.04854080080986023,0.18747755885124207,0.13406014442443848,-0.13575400046723562,0.8094377567857665,-0.5297402879054197,0.2139074575241931,-2.913361043861749,-0.4627377674593396,2.0365817342727905
10452,945728.5867921532,945728.6336399583,right,0.02983098104596138,-0.014744537882506847,0.0003799877013079822,-0.2025700807571411,0.44814786314964294,0.8707060217857361,0.04496348276734352,0.12106111645698547,0.20432159304618835,-0.1360153245073415,0.8080085166212236,-0.5314838970838843,0.21481814568755392,-2.913008682932396,-0.4646924122293724,2.0322670370963927
10453,945728.6067921532,945728.6336671667,right,0.034519147127866745,-0.014841574244201183,-0.0050466652028262615,-0.20266973972320557,0.44989559054374695,0.8697810769081116,0.04138616472482681,0.05464468151330948,0.27458304166793823,-0.13627582040638908,0.8065743820223586,-0.5332243516454014,0.21572759998890317,-2.912665314170903,-0.46664842633014325,2.0279487308466706
10454,945728.6267921532,945728.6432707917,right,0.026764903217554092,-0.012444398365914822,-0.004133132286369801,-0.20095588266849518,0.4516318440437317,0.8692786693572998,0.0205319095402956,0.02675786241889,0.30853337049484253,-0.13690209252965216,0.8049056185367007,-0.5355055272095041,0.21591310108902662,-2.914408328753085,-0.46859349771070397,2.0219230820188043
10455,945728.6467921532,945728.6655739167,right,0.01095273345708847,-0.011049062944948673,-0.0018152493285015225,-0.19850528240203857,0.45292961597442627,0.8691663146018982,-0.00547798303887248,0.022471025586128235,0.2922482490539551,-0.1374939154110723,0.8032043718773468,-0.5380016683257256,0.21566677273899026,-2.917058036632657,-0.4700485774979833,2.015207202395349
10456,945728.6667921533,945728.6996055001,right,-0.011552038602530956,-0.008765184320509434,0.003067728830501437,-0.19613726437091827,0.4537251889705658,0.8692891001701355,-0.025614796206355095,-0.002501637674868107,0.28923311829566956,-0.13788933649281804,0.8016676844972692,-0.5403455874377581,0.21527177780213194,-2.9196792833123455,-0.4709411236316197,2.0088793634793376
10457,945728.6867921533,945728.7273765417,right,-0.03045516647398472,-0.011995033361017704,0.006015175953507423,-0.19313427805900574,0.4542577266693115,0.8696835041046143,-0.04429534450173378,-0.028526101261377335,0.29768460988998413,-0.13833748649533179,0.8001510756443283,-0.5427705864476723,0.21452518868013623,-2.9230649231061516,-0.4715388092652259,2.0022142167548633
10458,945728.7067921533,945728.7286199167,right,-0.03740349039435387,-0.014578605070710182,0.005120634566992521,-0.1897830367088318,0.45441287755966187,0.8703396320343018,-0.06493491679430008,-0.03307561203837395,0.2929328978061676,-0.13872072981728165,0.7986805620693248,-0.5452330475574031,0.2135103251922948,-2.926897241969979,-0.47171299422889673,1.9953811026837402
10459,945728.7267921533,945728.7582281667,right,-0.034619104117155075,-0.015861377120018005,0.008316081948578358,-0.18701830506324768,0.4542008340358734,0.8710488080978394,-0.07135132700204849,0.025322258472442627,0.24982276558876038,-0.13880590884815147,0.7972786600827129,-0.5476048168012134,0.21262306752997398,-2.9300989028796707,-0.4714749488706824,1.988891937899595
10460,945728.7467921533,945728.762171625,right,-0.03304474800825119,-0.016985321417450905,0.008049333468079567,-0.1859220415353775,0.45376056432724,0.8715127110481262,-0.06579519063234329,0.11150910705327988,0.21325832605361938,-0.13836955351125316,0.7959490014418177,-0.5497466950811517,0.21236174961665497,-2.9314109750786272,-0.4709808430204397,1.983311592946433
10461,945728.7667921534,945728.8002920834,right,-0.024927563965320587,-0.016314605250954628,0.010325275361537933,-0.1867750585079193,0.4532870948314667,0.871576726436615,-0.06426028907299042,0.19415944814682007,0.15962563455104828,-0.137407085137621,0.7946471988842514,-0.5516557662488212,0.21291063477988556,-2.9304900374042973,-0.4704495783167043,1.9786982173575798
10462,945728.7867921534,945728.8036137084,right,-0.010694032534956932,-0.01634499430656433,0.0009370225016027689,-0.18882159888744354,0.452682226896286,0.8714501261711121,-0.06563089787960052,0.20939324796199799,0.14788079261779785,-0.13609674259162635,0.793444503067845,-0.5533269947405075,0.21389864438353254,-2.928216051563667,-0.4697711215393138,1.9749157722135204
10463,945728.8067921534,945728.8261965418,right,-0.008950341492891312,-0.014414611272513866,0.003202929859980941,-0.19117403030395508,0.4521627426147461,0.8712068796157837,-0.05454351380467415,0.1982862651348114,0.13760194182395935,-0.13476397729625753,0.7922951573268979,-0.5548619037636572,0.21502379463864996,-2.925580686286754,-0.46918859934658524,1.971524009583727
10464,945728.8267921534,945728.8664731251,right,-0.00037607253761962056,-0.010133231058716774,0.005433591082692146,-0.19324414432048798,0.4518759548664093,0.8708986043930054,-0.031873591244220734,0.16905200481414795,0.1544082909822464,-0.13362751485972993,0.7911693701526652,-0.556327442848857,0.21608852422699779,-2.9232399989078717,-0.46886710953663824,1.9682345669867858
10465,945728.8467921534,945728.8671685418,right,0.0016161015955731273,-0.0064435601234436035,0.004455686081200838,-0.19442158937454224,0.4519631862640381,0.8705913424491882,-0.02760402299463749,0.11192934215068817,0.1577102392911911,-0.13291344783582493,0.7900461845883843,-0.5577836342801541,0.21688306595961637,-2.921876763317155,-0.46896489280923115,1.9647758335107157
10466,945728.8667921535,945728.8901082084,right,0.006691601127386093,-0.0023427868727594614,0.0058631496503949165,-0.19441819190979004,0.45226526260375977,0.8704352378845215,-0.013258346356451511,0.0574568510055542,0.17772242426872253,-0.13263573319872266,0.7889536989202072,-0.5592580485109988,0.217232767310177,-2.9218423332769445,-0.4693035598767773,1.9610295344226731
10467,945728.8867921535,945728.9198764584,right,0.003604453755542636,0.005683451890945435,0.006599792279303074,-0.19379755854606628,0.45269453525543213,0.8703508377075195,-0.0070791724137961864,0.04416997358202934,0.15563683211803436,-0.1326159549393918,0.7879321113162883,-0.5606588101065035,0.21734230944819088,-2.922500995819228,-0.46978490154385555,1.9573411072726825
10468,945728.9067921535,945728.9219144167,right,0.009269497357308865,0.004873371683061123,0.003944989759474993,-0.19317352771759033,0.4530700743198395,0.8702940344810486,-0.009392893873155117,0.051706284284591675,0.12138586491346359,-0.13261210446677446,0.7870131480424954,-0.5619227868447546,0.21740987428900183,-2.9231704121311948,-0.47020614096881225,1.9539959852044186
10469,945728.9267921535,945728.9505465,right,0.008771794848144054,0.006038105580955744,0.0024477983824908733,-0.19325530529022217,0.4532333314418793,0.8701910376548767,-0.012291270308196545,0.07292777299880981,0.09210716187953949,-0.1323860805801555,0.7862837776247231,-0.5628971765012428,0.2176660781102266,-2.923055810121616,-0.47038925296935313,1.9515283500678475
10470,945728.9467921535,945728.9805370417,right,-0.004543050657957792,0.0019756562542170286,-0.0007356774294748902,-0.19357311725616455,0.4532868564128876,0.8700923919677734,-0.012579024769365788,0.061393700540065765,0.0876317098736763,-0.13207378889477356,0.785635750095172,-0.5637575345270148,0.21796875807859672,-2.9226837660930323,-0.470449320691681,1.949398314265421
10471,945728.9667921535,945728.982545875,right,-0.015068423002958298,-0.001945645548403263,-0.002962273545563221,-0.19356635212898254,0.4535611569881439,0.8699506521224976,0.002757404698058963,0.036235980689525604,0.09905815869569778,-0.13196035681817317,0.7849963563286174,-0.5645847605450351,0.2181995894981743,-2.922656635660485,-0.47075705811563995,1.9472793231269212
10472,945728.9867921536,945729.0403777084,right,-0.013429993763566017,-0.002073613228276372,-0.0027188966050744057,-0.19314680993556976,0.45404186844825745,0.8697934150695801,0.00021511521481443197,0.040037546306848526,0.08159689605236053,-0.1320716031329381,0.7843866304000817,-0.5653620181317199,0.21831271143375017,-2.9230779384407244,-0.471296507896996,1.9451981905832907
10473,945729.0067921536,945729.0405311667,right,-0.011792446486651897,-0.0022005755454301834,-0.0024757436476647854,-0.19272610545158386,0.45452165603637695,0.8696362376213074,-0.002327175112441182,0.043839115649461746,0.06413563340902328,-0.13218270223184603,0.7837760163368634,-0.5661388179747905,0.21842555048437065,-2.9235007700039,-0.47183508949489655,1.9431158040126184
10474,945729.0267921536,945729.0449639584,right,-0.00995561946183443,-0.001268057501874864,-0.0011765448143705726,-0.19304241240024567,0.45478329062461853,0.869428813457489,-0.00528987729921937,0.05865137279033661,0.04685042425990105,-0.132037957776878,0.7833026822833551,-0.5667020538133952,0.21874977993113265,-2.92310362667993,-0.472128849147537,1.9417283469263473
10475,945729.0467921536,945729.0831370418,right,-0.008744398131966591,-0.0028312664944678545,-0.004779282491654158,-0.1937580555677414,0.4547885060310364,0.8692668080329895,-0.014018358662724495,0.06037462502717972,0.02527586556971073,-0.1317108320060462,0.782963234381549,-0.5670995388831788,0.21913171971557863,-2.9222797541298067,-0.472134688324492,1.9408515836084659
10476,945729.0667921536,945729.0836920834,right,-0.006006987299770117,-0.0024916534312069416,-0.003258999902755022,-0.19455258548259735,0.4545999765396118,0.8691880702972412,-0.013751250691711903,0.05150457099080086,0.01707935705780983,-0.13130466920676992,0.7827168638716095,-0.5674048290398982,0.21946517652873573,-2.9213898509799474,-0.4719230302608987,1.940232924078122
10477,945729.0867921537,945729.1253697084,right,-0.0026646838523447514,1.09105053525127E-06,-0.004807892255485058,-0.195393905043602,0.4543898105621338,0.8691092729568481,-0.01652638614177704,0.04591779038310051,0.00935002788901329,-0.13090639042067986,0.7825515409653403,-0.5675981234856315,0.21979264426350584,-2.9204488909855493,-0.471687071905722,1.9399096015871935
10478,945729.1067921537,945729.1258709584,right,0.0009312897454947233,6.428323104046285E-05,-0.004151658155024052,-0.19624198973178864,0.45422932505607605,0.8690024614334106,-0.013370008207857609,0.04047717526555061,0.005679070483893156,-0.130536949360331,0.7824042330782992,-0.5677541165663545,0.22013401588339387,-2.9194938042003167,-0.4715069404143146,1.9396805555637633
10479,945729.1267921537,945729.155491,right,0.0015623506624251604,0.00044827230158261955,-0.0014517962699756026,-0.1968248337507248,0.45412370562553406,0.8689258694648743,-0.007229114882647991,0.02423294261097908,0.006494884844869375,-0.13028313939117792,0.7822974712717102,-0.5678674879290211,0.2203712505930699,-2.9188367513914275,-0.4713883731447538,1.9395066610513283
10480,945729.1467921537,945729.1857971668,right,-0.00022649603488389403,0.002455090405419469,4.779989103553817E-05,-0.1970200389623642,0.45420727133750916,0.8688374161720276,0.004570635035634041,0.00537010608240962,0.020624808967113495,-0.13021877814873717,0.782167931636321,-0.5680069814883307,0.22050903427603918,-2.918601116632611,-0.4714821738402573,1.9391837655355038
10481,945729.1667921537,945729.186114375,right,-0.0018646727548912168,0.004720625467598438,0.001560020144097507,-0.19675487279891968,0.45448511838912964,0.8687523603439331,0.0169069804251194,-0.0034229778684675694,0.027554135769605637,-0.13036386859190813,0.7820090626921369,-0.5681882735538286,0.22051989757783358,-2.9188703225041106,-0.4717940717520304,1.9386586284160514
10482,945729.1867921537,945729.2217339167,right,9.130769467446953E-05,0.004690018482506275,0.0021610180847346783,-0.19634969532489777,0.45479270815849304,0.8686832189559937,0.004957512952387333,-0.01227861363440752,0.01964212954044342,-0.13057252640725864,0.7818768911761165,-0.568339711300237,0.22047499308228144,-2.919296874181767,-0.4721394013391756,1.938181452373683
10483,945729.2067921538,945729.2235633751,right,0.0010510211577638984,0.004295550286769867,0.003766200738027692,-0.19607552886009216,0.4548037052154541,0.8687393069267273,-0.008982411585748196,-0.01024581491947174,-0.008677494712173939,-0.13065480246014163,0.7818789388700517,-0.5683615796974193,0.22036254645744263,-2.919611045931962,-0.47215177145531556,1.9380723220188052
10484,945729.2267921538,945729.2554853334,right,-0.0015485708136111498,-0.0008347699185833335,0.0030008007306605577,-0.19610245525836945,0.4545476734638214,0.8688675165176392,-0.01007053442299366,-0.003521117614582181,-0.02094973810017109,-0.13057066274219845,0.7819977287212029,-0.5682545155707736,0.22026726139620295,-2.9196132318140173,-0.47186430796944656,1.938361733884837
10485,945729.2467921538,945729.2803928334,right,-0.005762879271060228,-0.005052505061030388,0.002941080601885915,-0.19631950557231903,0.4543403387069702,0.8689268827438354,-0.003691416233778,-0.002271887846291065,-0.02082104980945587,-0.13046869563186578,0.782146518108059,-0.5680758489002111,0.22026022790696764,-2.9193902405344505,-0.4716315317278356,1.9388685078631493
10486,945729.2667921538,945729.2836691667,right,-0.009806553833186626,-0.006757020950317383,0.0028824894689023495,-0.19653524458408356,0.4543605446815491,0.8688672184944153,0.008146077394485474,0.00039677403401583433,-0.017572876065969467,-0.13046249798043197,0.7822598978830563,-0.5678934448819217,0.2203312702982396,-2.919139264327568,-0.47165423543963697,1.9393752474780377
10487,945729.2867921538,945729.3272958334,right,-0.010008813813328743,-0.0064301625825464725,0.002179292030632496,-0.19674086570739746,0.4545869827270508,0.8687021136283875,0.021759746596217155,0.011579219251871109,-0.01379367709159851,-0.130536111162574,0.7823168779421111,-0.5677422394862608,0.22047484664332379,-2.9188731992397727,-0.47190844905143126,1.9397923518436306
10488,945729.3067921539,945729.3280577083,right,-0.011146768927574158,-0.005683799274265766,0.001131105120293796,-0.19727091491222382,0.45509833097457886,0.868314266204834,0.040411919355392456,0.03289107605814934,-0.010917004197835922,-0.13062454932218637,0.7822918733883902,-0.5676059021426323,0.22086209235998805,-2.918196430734449,-0.47248260703580686,1.940223102539998
10489,945729.3267921539,945729.3555087917,right,-0.012716827914118767,-0.004855078179389238,-0.0009608093532733619,-0.1979261040687561,0.45586690306663513,0.8677616119384766,0.04320000484585762,0.02347583696246147,-0.00010790018131956458,-0.13076975466417462,0.7821841170498205,-0.5675109827698578,0.2214008468220341,-2.91734102316108,-0.473345935279448,1.940562184555338
10490,945729.3467921539,945729.3879835417,right,-0.013675084337592125,-0.0032490896992385387,-0.005926697980612516,-0.1979837864637375,0.4564402997493744,0.8674472570419312,0.0255222599953413,-0.003640146227553487,0.014994190074503422,-0.13098806926065046,0.7820790637329815,-0.5675172814129255,0.22162693549462137,-2.9171992517281327,-0.47399028834631957,1.940535449559611
10491,945729.3667921539,945729.38829775,right,-0.012004515156149864,0.00040164237725548446,-0.006505945231765509,-0.19779054820537567,0.45683178305625916,0.8672851920127869,0.00976729765534401,-0.008553994819521904,0.008667481131851673,-0.13120009821538275,0.7820032864168704,-0.5675502974296822,0.22168427342239042,-2.917370486746855,-0.47443032661067047,1.9403985243240953
10492,945729.3867921539,945729.4178988334,right,-0.007510450668632984,0.0023779442999511957,-0.0068610655143857,-0.19760020077228546,0.45671337842941284,0.8673907518386841,-0.0245648343116045,-0.014898048713803291,-0.01628333330154419,-0.1312088689826361,0.7820361781113653,-0.567551476986571,0.22155981352916435,-2.917605480746202,-0.4742972273445882,1.9403631280380707
10493,945729.406792154,945729.4440769167,right,-0.007502976339310408,0.00451156310737133,-0.003971547354012728,-0.19751770794391632,0.4560425877571106,0.8677626252174377,-0.0367514044046402,-0.019337141886353493,-0.020037438720464706,-0.13098149267549633,0.7822205199911637,-0.5674612534427232,0.2212747797978691,-2.917788690243162,-0.4735433232810607,1.9406040545846295
10494,945729.426792154,945729.4458945834,right,-0.006024484522640705,0.004199202638119459,-0.004657353274524212,-0.1973646730184555,0.45512399077415466,0.8682793974876404,-0.04873577132821083,-0.025435959920287132,-0.019751228392124176,-0.1306732791122404,0.7824522042445319,-0.5673695008151829,0.22087261992995094,-2.918085074040202,-0.4725114307295991,1.9408443788041185
10495,945729.446792154,945729.4741941667,right,-0.00528077082708478,0.00370052270591259,-0.008220646530389786,-0.19702623784542084,0.45401716232299805,0.8689353466033936,-0.058433566242456436,-0.033287644386291504,-0.024159148335456848,-0.13034432946514446,0.7827303894705535,-0.5672748013998957,0.220323720024237,-2.9186186394685683,-0.47126878001840716,1.9410637547504141
10496,945729.466792154,945729.5256604584,right,-0.007251109927892685,0.002602595603093505,-0.005989456083625555,-0.19668535888195038,0.452963262796402,0.8695629835128784,-0.04950037598609924,-0.027677884325385094,-0.01685916818678379,-0.13003313315404066,0.7829870783103756,-0.5671971601567974,0.21979545473120699,-2.919147206553943,-0.4700863173473982,1.941237748802278
10497,945729.486792154,945729.5257712917,right,-0.009222323074936867,0.0015053307870402932,-0.0037568623665720224,-0.1963435411453247,0.45190873742103577,0.8701887130737305,-0.04056718572974205,-0.022068122401833534,-0.009559190832078457,-0.12972190377951334,0.783243348734311,-0.5671191432547651,0.21926703239050774,-2.919675695466885,-0.4689038262723764,1.9414121701269702
10498,945729.506792154,945729.5258884584,right,-0.010477082803845406,0.000944387458730489,-0.0029290823731571436,-0.1959950178861618,0.45109131932258606,0.8706911206245422,-0.03433803841471672,-0.0211035143584013,-0.005779880564659834,-0.12949416766931163,0.7834167015677063,-0.5671011517821773,0.2188282456701168,-2.920180515014572,-0.4679877234890462,1.9414229235702642
10499,945729.5267921541,945729.5594755417,right,-0.015689946711063385,-0.0003493297263048589,-0.0042192633263766766,-0.1955288052558899,0.4503847658634186,0.871161162853241,-0.03157610446214676,-0.02838652953505516,0.0013612230541184545,-0.12933787889382636,0.7835528242396245,-0.5671203106984101,0.21838277868570008,-2.9208055579357537,-0.46719621100187053,1.9413123210082721
10500,945729.5467921541,945729.5667000834,right,-0.019542302936315536,-0.0034415435511618853,-0.006055301520973444,-0.19496582448482513,0.45000141859054565,0.8714854121208191,-0.017609229311347008,-0.027407119050621986,0.021238846704363823,-0.129326934686509,0.7835951152252667,-0.5672048184726319,0.21801778839653127,-2.921500196499691,-0.4667668941575623,1.9410047953499834
10501,945729.5667921541,945729.5999783333,right,-0.019224587827920914,-0.0044176108203828335,-0.00549697270616889,-0.19436368346214294,0.4499630630016327,0.8716397881507874,-0.005800341255962849,-0.01785329356789589,0.03087492100894451,-0.12943529507115517,0.7834900388722471,-0.5674179593567822,0.21777641960533375,-2.922195914531642,-0.4667239432108572,1.9403482094652824
10502,945729.5867921541,945729.6295200418,right,-0.01910518854856491,-0.001817546901293099,-0.0035911144223064184,-0.19388370215892792,0.45022207498550415,0.871613085269928,0.009940826334059238,0.0018921950832009315,0.037947218865156174,-0.12961441021818096,0.7832869312640303,-0.5676865482683372,0.2177006970820461,-2.922714065569735,-0.467014016129507,1.9395613307867876
10503,945729.6067921541,945729.6295773333,right,-0.018644560128450394,0.001611812855117023,-0.0036196622531861067,-0.1939001828432083,0.45044228434562683,0.8714957237243652,0.0014740588376298547,0.02331799641251564,0.013656514696776867,-0.12964038346943801,0.7830922607072374,-0.5679033948780732,0.21782006486481123,-2.9226675066293626,-0.4672606488264949,1.939001981187855
10504,945729.6267921542,945729.6632266667,right,-0.011924609541893005,0.005422885064035654,-0.0005815834738314152,-0.1945841908454895,0.4505763053894043,0.871273934841156,0.0015871865907683969,0.04691724479198456,0.006172322668135166,-0.12945538295764814,0.782938647335293,-0.5680175642381436,0.21818430438724562,-2.921865665875857,-0.4674107527632261,1.938834899938802
10505,945729.6467921542,945729.6650136667,right,-0.012651507742702961,0.008606516756117344,-0.001064837328158319,-0.19566519558429718,0.4505247473716736,0.8710583448410034,-0.0076815360225737095,0.05461011081933975,-0.010680751875042915,-0.12909814611619602,0.7828546459604169,-0.5680384331934071,0.21864238047695403,-2.9206312796338514,-0.46735299679310865,1.9389883599731557
10506,945729.6667921542,945729.6854487917,right,-0.007619256153702736,0.01046908088028431,-0.0011495245853438973,-0.19670361280441284,0.4503536522388458,0.8709129095077515,-0.011294825933873653,0.05605152249336243,-0.01341486256569624,-0.12869809553224937,0.782777001845484,-0.5680814395920811,0.21904412972881682,-2.9194608176810304,-0.4671613657192594,1.939081378571475
10507,945729.6867921542,945729.7181986667,right,-0.004114481154829264,0.012663452886044979,0.00032107927836477757,-0.1976930946111679,0.4503231644630432,0.8707043528556824,0.007200194057077169,0.05247478932142258,0.004166898783296347,-0.12836850896715923,0.7826724447224289,-0.5681337202010889,0.21947486269480523,-2.91832837673149,-0.4671272081197611,1.9391353246048406
10508,945729.7067921542,945729.7481297917,right,-0.006389937829226255,0.009365341626107693,-0.0030791054014116526,-0.19839076697826385,0.4505861699581146,0.8704100251197815,0.019558697938919067,0.03885803371667862,0.021788476034998894,-0.12822155418328987,0.7824682068087807,-0.5682855128673576,0.2198961387793513,-2.9174932729963294,-0.4674218199247167,1.9388694253613585
10509,945729.7267921543,945729.7486028334,right,-0.005185428541153669,0.0069914571940898895,-0.007237965706735849,-0.1985170990228653,0.4510800242424011,0.8701249957084656,0.022808104753494263,0.009909615851938725,0.039255883544683456,-0.12832273574298347,0.7822102400329743,-0.5685151989286068,0.22016060206179988,-2.9172842824724494,-0.46797509024026723,1.9382874609345702
10510,945729.7467921543,945729.801709625,right,-0.004101433791220188,0.0053417072631418705,-0.0078806784003973,-0.19796976447105408,0.4516870379447937,0.8699346780776978,0.01840892992913723,0.0011546706082299352,0.04152354970574379,-0.12865016306677413,0.7819136763566272,-0.568839369803963,0.22018550965118538,-2.917834946171344,-0.4686553365734986,1.9373322730181821
10511,945729.7667921543,945729.8018372917,right,-0.0030180364847183228,0.003692535450682044,-0.00852296594530344,-0.19742201268672943,0.45229363441467285,0.8697443604469299,0.014009755104780197,-0.007600274868309498,0.04379121586680412,-0.12897756801640123,0.7816169467963148,-0.5691634511827219,0.22021045871157363,-2.9183864538163045,-0.46933533950910034,1.9363765935667776
10512,945729.7867921543,945729.8345657084,right,-0.004097518045455217,0.0021652670111507177,-0.0070955790579319,-0.1969211846590042,0.45273467898368835,0.8696282505989075,0.00799096841365099,-0.0025374514516443014,0.03384721279144287,-0.129228538087351,0.7813602492395466,-0.5694648188727383,0.22019497327268298,-2.9189053820818223,-0.46982994882922824,1.9354928860812246
10513,945729.8067921543,945729.83470925,right,-0.00483138719573617,0.0005619720323011279,-0.002833397826179862,-0.19675064086914062,0.45301610231399536,0.8695204257965088,0.011745641008019447,0.013543740846216679,0.020582357421517372,-0.12933578319956066,0.7811669131581946,-0.5696826852860581,0.22025455748473863,-2.919065257565595,-0.4701455906154729,1.9348917242367325
10514,945729.8267921543,945729.8515244584,right,-0.0074732606299221516,-0.00078839116031304,-0.0009573273709975183,-0.19680571556091309,0.4533423185348511,0.8693377375602722,0.016513656824827194,0.00787693914026022,0.022431038320064545,-0.12941336852081659,0.7810039927344619,-0.5698258754631065,0.22041608783661487,-2.9189597484632297,-0.47051153612270435,1.9345224955005669
10515,945729.8467921544,945729.9017803334,right,-0.006329887080937624,-0.0010794539703056216,-0.00027346715796738863,-0.1965925544500351,0.4537990391254425,0.8691479563713074,0.019419169053435326,0.007902216166257858,0.02191331423819065,-0.12962279392994716,0.7808274870132067,-0.5699844808971146,0.22050857968839033,-2.9191460274432606,-0.47102400430723346,1.9340576497489852
10516,945729.8667921544,945729.9018255417,right,-0.005186737049371004,-0.0013702583964914083,0.00041052125743590295,-0.19637911021709442,0.4542553722858429,0.8689576387405396,0.022324679419398308,0.007927494123578072,0.021395590156316757,-0.12983214409251873,0.7806508205382804,-0.5701429674770877,0.22060098275574086,-2.9193325866186837,-0.4715361549321264,1.933592319440199
10517,945729.8867921544,945729.9403646251,right,-0.004714160691946745,-0.0033544483594596386,-0.0018591061234474182,-0.19635586440563202,0.4543866217136383,0.868894100189209,0.011392119340598583,0.004091194365173578,0.01335217896848917,-0.1298765775695675,0.780586668886279,-0.5702029443660416,0.22064665583559132,-2.919342321393304,-0.47168349735315296,1.9334287681273268
10518,945729.9067921544,945729.9405375418,right,-0.004241593647748232,-0.005338774528354406,-0.004128682427108288,-0.19633260369300842,0.45451799035072327,0.868830680847168,0.00045956074609421194,0.0002548950142227113,0.005308767315000296,-0.12992103527374793,0.7805225069736927,-0.5702629799698494,0.22069236340315362,-2.9193521079603855,-0.47183096306919714,1.9332652019237544
10519,945729.9267921544,945729.9707592917,right,-0.0053311968222260475,-0.0059855906292796135,-0.0042841797694563866,-0.19628466665744781,0.45458361506462097,0.8688070774078369,-0.0026525899302214384,-0.010262972675263882,0.004634764511138201,-0.12995943377502928,0.7805060366654843,-0.5702751682103369,0.2206963961722041,-2.919398758763266,-0.4719046563323962,1.933222027564406
10520,945729.9467921545,945729.970856625,right,-0.004448420368134975,-0.0034446592908352613,-0.003318391740322113,-0.19593118131160736,0.4545227587223053,0.8689186573028564,-0.009857499971985817,-0.031039705500006676,0.006186150014400482,-0.13004127803351842,0.7805378270409382,-0.5702805723844766,0.22052167195295538,-2.919813447669163,-0.4718363179983923,1.933142866021716
10521,945729.9667921545,945730.0007077918,right,-0.00015001311840023845,-0.001212771632708609,-0.004555226303637028,-0.1952715963125229,0.45438340306282043,0.8691404461860657,-0.018792320042848587,-0.04895937442779541,0.0037402911111712456,-0.13018970131947996,0.7806180097303362,-0.5702680517865355,0.22018288274288558,-2.920590523419805,-0.4716798854230889,1.9330545453551942
10522,945729.9867921545,945730.0306113751,right,-0.0008108813781291246,0.0007193145575001836,-0.0038172241766005754,-0.1944977343082428,0.4540347456932068,0.8694958090782166,-0.01939341053366661,-0.04884558916091919,-0.008632011711597443,-0.13030232496416483,0.7807817832483799,-0.5701996169296559,0.21971196585595068,-2.9215253712256564,-0.4712885291512911,1.9330956022991939
10523,945730.0067921545,945730.0309138334,right,0.001298117102123797,0.002191726816818118,-0.003952888771891594,-0.19396468997001648,0.4535594582557678,0.8698630332946777,-0.028177307918667793,-0.0497802272439003,-0.02603166177868843,-0.130322878993394,0.78103856163369,-0.5700089323128764,0.2192816857266066,-2.9221989905343877,-0.4707551534212821,1.933501779223126
10524,945730.0267921545,945730.0604478751,right,-0.0011508369352668524,0.002580720465630293,-0.003502582898363471,-0.1933974325656891,0.4529666006565094,0.8702979683876038,-0.02947268821299076,-0.05043194815516472,-0.029848501086235046,-0.1303166169046598,0.7813471217374998,-0.5697767725792625,0.21878879820547406,-2.922926200152738,-0.4700900594612741,1.934012214516102
10525,945730.0467921545,945730.0900630418,right,-0.004439222626388073,0.002380956197157502,-0.0025074705481529236,-0.1928994059562683,0.4523470103740692,0.8707306981086731,-0.026431119069457054,-0.04483967274427414,-0.03830172121524811,-0.13029437489418025,0.7816982384155133,-0.5694849464469682,0.21830711060798577,-2.923576582955636,-0.4693952122952745,1.9346897826410279
10526,945730.0667921546,945730.0907373334,right,-0.009327390231192112,0.0015374711947515607,-0.001987103372812271,-0.1924191266298294,0.45176830887794495,0.8711370825767517,-0.02150539867579937,-0.04897862672805786,-0.030937422066926956,-0.13029031859202322,0.7820593410575634,-0.5691674855598123,0.21784341032793902,-2.9242007128302445,-0.46874643789260567,1.9354341901380308
10527,945730.0867921546,945730.150520875,right,-0.008841661736369133,0.0007435381994582713,-0.0009978213347494602,-0.19201134145259857,0.45131349563598633,0.8714628219604492,-0.014341820031404495,-0.04165063425898552,-0.03445165231823921,-0.13031970709835497,0.7824067853053516,-0.5688329646679662,0.21745173515618768,-2.9247256655799267,-0.4682366963910024,1.936230809833379
10528,945730.1067921546,945730.1507039167,right,-0.008356660604476929,-5.0616057706065476E-05,-8.010944839043077E-06,-0.19160272181034088,0.4508588910102844,0.8717880845069885,-0.007178240455687046,-0.034322645515203476,-0.037965886294841766,-0.13034907721998046,0.7827538977852027,-0.5684982647829045,0.2170599055018938,-2.9252511243034194,-0.46772730620411174,1.9370273505986337
10529,945730.1267921546,945730.1508555834,right,-0.007673343643546104,0.0002865552669391036,0.0006874467362649739,-0.1914825290441513,0.45052629709243774,0.8719866871833801,-0.004907764028757811,-0.02254977449774742,-0.046722229570150375,-0.1303587878341789,0.783107796388736,-0.5680980710814595,0.21682550059411385,-2.9254303720318506,-0.4673547285433783,1.9380409210811054
10530,945730.1467921546,945730.1880573333,right,-0.007410981226712465,-0.0005011570756323636,-0.0007770045194774866,-0.19151894748210907,0.45034703612327576,0.8720709085464478,0.005243188235908747,-0.01696483977138996,-0.039086733013391495,-0.13037377763251223,0.7833978197185627,-0.56773515159633,0.21671894871797245,-2.9254107576740367,-0.4671539388114995,1.9389817631649506
10531,945730.1667921547,945730.1886808751,right,-0.004941224120557308,-0.00045701145427301526,-0.0021382267586886883,-0.19150958955287933,0.4504091143608093,0.8720409274101257,0.013247694820165634,-0.019904913380742073,-0.028754383325576782,-0.1304915408730214,0.7836217565684772,-0.5674128108940458,0.21668268100553412,-2.925413803698618,-0.467223472655429,1.9398002195552018
10532,945730.1867921547,945730.2225748751,right,-0.0048040831461548805,-0.0002423254045424983,-0.002971828216686845,-0.19136324524879456,0.4505639374256134,0.8719931244850159,0.01020638644695282,-0.02299516648054123,-0.025664910674095154,-0.13067551822115187,0.7838032872918187,-0.5671409656792319,0.21662700433649404,-2.92556243682249,-0.4673968845217654,1.940459617910459
10533,945730.2067921547,945730.22827175,right,0.0002813616010826081,-0.001675314619205892,-0.0035406448878347874,-0.19110512733459473,0.4506416320800781,0.8720093369483948,0.0072405776008963585,-0.022020483389496803,-0.02346494235098362,-0.13085740218177963,0.7839944775188438,-0.5668837874311109,0.21649821619860188,-2.9258487336572276,-0.4674839443904977,1.941062962152382
10534,945730.2267921547,945730.26315675,right,0.0029391045682132244,-0.0015025556785985827,-0.001718362676911056,-0.19093158841133118,0.450736403465271,0.8719988465309143,0.013955846428871155,-0.009945313446223736,-0.022680919617414474,-0.13100799863440055,0.7841441286484426,-0.5666721432702815,0.2164197487775828,-2.9260361325537754,-0.4675901108614012,1.9415660369569252
10535,945730.2467921547,945730.2674757917,right,0.0015314554329961538,-0.0031446716748178005,-0.0032016087789088488,-0.19083812832832336,0.4509204626083374,0.871924102306366,0.013965168967843056,-0.01172912959009409,-0.01121460273861885,-0.13116029128753537,0.7842443968112622,-0.5665003663997005,0.21641380909512253,-2.926120492537811,-0.46779631466203175,1.941978469933893
10536,945730.2667921548,945730.3032129584,right,-0.001130457385443151,-0.0017568536568433046,-0.0009173029684461653,-0.190473735332489,0.45110973715782166,0.8719058036804199,0.010547599755227566,-0.018081890419125557,-4.664154857891845E-06,-0.13136550407361983,0.7842798585740898,-0.5664432116508432,0.21631036625437863,-2.926514978873127,-0.4680083709696953,1.942046310467565
10537,945730.2867921548,945730.3255766667,right,-0.002486767480149865,0.0009066872880794108,0.0020636296831071377,-0.19009676575660706,0.4512907564640045,0.8718941807746887,0.00855318084359169,-0.01619194634258747,0.008457920514047146,-0.13155977508971325,0.7842877507807561,-0.566427134299186,0.2162054802425598,-2.9269248826157175,-0.4682112191420733,1.9420069850784294
10538,945730.3067921548,945730.3288657917,right,-0.004062696825712919,0.0011068785097450018,0.0029595810920000076,-0.18976905941963196,0.45150232315063477,0.871856689453125,0.007658449001610279,-0.014623261988162994,0.012501737102866173,-0.13173999975304632,0.7842566006801345,-0.5664537296739969,0.2161397690352642,-2.9272747901068477,-0.46844829009689776,1.9418676134242536
10539,945730.3267921548,945730.3617531668,right,-0.007641916628926992,0.000643095001578331,-0.0001119637890951708,-0.18937303125858307,0.45163339376449585,0.8718742728233337,0.001705180504359305,-0.01681191846728325,0.021096138283610344,-0.13188484926271296,0.7841834550347005,-0.5665627496990252,0.21603039126172635,-2.9277126978962627,-0.4685952165030325,1.9415071054560142
10540,945730.3467921548,945730.3957986251,right,-0.009028058499097824,-0.0013401859905570745,-0.001186237670481205,-0.18890953063964844,0.4517006576061249,0.8719400763511658,-0.00020080298418179154,-0.010332797653973103,0.025673063471913338,-0.13200081647663323,0.7840655149182972,-0.5667549759211151,0.21588347347001094,-2.928236028988119,-0.4686706081210304,1.9409245153646228
10541,945730.3667921548,945730.3958915834,right,-0.009674709290266037,-0.0030303949024528265,-0.004118346609175205,-0.18836212158203125,0.45185697078704834,0.8719777464866638,-0.0024853982031345367,-0.01468182634562254,0.04265811666846275,-0.13215994279832333,0.7838874995993401,-0.5670177844438251,0.21574269103911373,-2.9288446912131296,-0.4688458042078453,1.9401416390326718
10542,945730.3867921549,945730.420698125,right,-0.01026134006679058,-0.00244769174605608,-0.004820060450583696,-0.18771912157535553,0.45188504457473755,0.8721020221710205,-0.012541325762867928,-0.013127665966749191,0.03922247886657715,-0.13227219129975454,0.7836769657639048,-0.5673634938466261,0.2155299714831268,-2.9295786456800728,-0.4688772752413156,1.9391339939345251
10543,945730.4067921549,945730.459183875,right,-0.008264780975878239,-0.00021451464272104204,-0.0046221972443163395,-0.18742893636226654,0.4516165256500244,0.8723031282424927,-0.022825943306088448,-0.0054245698265731335,0.02968546748161316,-0.13217016386908365,0.7835333477583402,-0.5676503749975155,0.21535881482647087,-2.92994402548648,-0.468576283050251,1.9383573951571333
10544,945730.4267921549,945730.4592223751,right,-0.006268222350627184,0.002019084058701992,-0.004424163140356541,-0.18713894486427307,0.4513477087020874,0.872504472732544,-0.03311055898666382,0.0022785281762480736,0.02014845795929432,-0.13206811477642783,0.7833897451436518,-0.5679371680761245,0.21518760900339304,-2.9303091439755224,-0.4682750437526346,1.9375813818523164
10545,945730.4467921549,945730.4998149584,right,-0.0025031438563019037,0.0034360825084149837,-0.004407302942126989,-0.18716983497142792,0.45084497332572937,0.8727579116821289,-0.039664216339588165,0.013307000510394573,0.009612975642085075,-0.13178932792134337,0.7833102502761101,-0.5681583493610283,0.2150642385672517,-2.9303348707143044,-0.4677117254753231,1.9370456547298065
10546,945730.4667921549,945730.5001670833,right,0.0008059969986788929,0.0059304870665073395,-0.0009402296273037791,-0.18738719820976257,0.4500909447669983,0.8731000423431396,-0.04683133587241173,0.016050854697823524,-0.0022227263543754816,-0.1313659026391837,0.7833022241905392,-0.5683199248264776,0.21492516754441507,-2.9301771925811155,-0.4668671497859705,1.9367087663467526
10547,945730.486792155,945730.5282343334,right,-0.00030906431493349373,0.0060955677181482315,0.0033733954187482595,-0.18761058151721954,0.4493759870529175,0.8734206557273865,-0.03793937340378761,0.004150926601141691,0.006510544568300247,-0.13096395277772477,0.7833057898907415,-0.5684560251426138,0.21479789696573,-2.9300080270071898,-0.46606667400954493,1.9364365353847712
10548,945730.506792155,945730.5283372084,right,-0.0018444409361109138,0.004909892100840807,0.0035874906461685896,-0.1874421238899231,0.44885289669036865,0.8737255930900574,-0.025938017293810844,-0.013586696237325668,0.019465144723653793,-0.1307563547486465,0.7832917423460443,-0.5686094689142153,0.21456917319325597,-2.930264000778896,-0.4654812186299658,1.936035861211033
10549,945730.526792155,945730.5580067501,right,-0.001672367099672556,0.0024998588487505913,0.000679759425111115,-0.18681751191616058,0.4485952854156494,0.8739917874336243,-0.012280364520847797,-0.026376960799098015,0.0285435039550066,-0.1307791073050728,0.7832151672329186,-0.5688319470293477,0.21424507532842738,-2.9310097994630486,-0.4651929405002511,1.9353601940054408
10550,945730.546792155,945730.5880844167,right,-0.001973956823348999,0.0018681385554373264,0.0016961245564743876,-0.18611443042755127,0.44858241081237793,0.874148428440094,-0.002484738826751709,-0.02550410106778145,0.025205006822943687,-0.130932906239752,0.78311822140329,-0.5690342256364831,0.21396823262116443,-2.931815728668518,-0.4651785480963353,1.9347098505629166
10551,945730.566792155,945730.5886122917,right,-0.0014713082928210497,0.0013875736622139812,0.0015901424922049046,-0.18554569780826569,0.44867077469825745,0.8742235898971558,0.00018807007290888578,-0.012346531264483929,0.012445003725588322,-0.13110207186748712,0.7830332696966645,-0.5691841431334409,0.2137763206752022,-2.9324556774882296,-0.46527742407612527,1.9342137167015898
10552,945730.586792155,945730.6179316251,right,-0.0024442828726023436,0.0012450707145035267,0.002147569553926587,-0.18540455400943756,0.44867268204689026,0.8742526173591614,3.468920840532519E-05,0.0003678180801216513,-0.007125224452465773,-0.1311402024648833,0.7830273088059521,-0.5692050960749073,0.2137190423612812,-2.932616922812067,-0.4652795544376866,1.93413312787849
10553,945730.6067921551,945730.6479444584,right,-0.002372398739680648,2.6480449378141202E-05,0.0027771133463829756,-0.18567992746829987,0.4486134648323059,0.8742247819900513,-0.0024263965897262096,0.012500133365392685,-0.022442050278186798,-0.13106231963044698,0.7831000639485284,-0.5690927706345311,0.21379959757109437,-2.9323090511804857,-0.46521328776922927,1.9344756842951418
10554,945730.6267921551,945730.6485581667,right,-0.0023679123260080814,-0.0022148569114506245,0.00311871524900198,-0.1862032264471054,0.44849684834480286,0.8741735816001892,-0.0018957573920488358,0.015205565840005875,-0.031176116317510605,-0.13090986205006108,0.7832312843976712,-0.5688896442072914,0.21395311751830873,-2.9317244274823904,-0.4650828181896443,1.9351001037936946
10555,945730.6467921551,945730.6779826668,right,-0.0034053141716867685,-0.0030205361545085907,0.0046678027138113976,-0.18679678440093994,0.44847333431243896,0.8740590810775757,0.0077905235812067986,0.01594950072467327,-0.031064482405781746,-0.13078292998727442,0.7833642273941747,-0.5686562320542965,0.21416451148610488,-2.9310482248896434,-0.46505650497451734,1.93581064005224
10556,945730.6667921551,945730.73805625,right,-0.0036081813741475344,-0.004560773726552725,0.002759512048214674,-0.18712633848190308,0.44869962334632874,0.8738722801208496,0.014560546725988388,0.007777193561196327,-0.021873246878385544,-0.13082844648761546,0.7834429824965429,-0.568465599005176,0.214354518827361,-2.93064392012325,-0.46530970004204214,1.9363499847114336
10557,945730.6867921551,945730.7382791251,right,-0.0038108222652226686,-0.006100913509726524,0.0008512456552125514,-0.18745611608028412,0.448925644159317,0.8736850619316101,0.021330567076802254,-0.00039511281647719443,-0.012682013213634491,-0.13087391125637457,0.7835216406903821,-0.56827482800519,0.2145445625093314,-2.9302391834478176,-0.46556264207441417,1.9368895220153364
10558,945730.7067921552,945730.7384805001,right,-0.0013494534650817513,-0.0063022528775036335,-0.002411520341411233,-0.18751280009746552,0.4491504728794098,0.8735572695732117,0.012042568996548653,-0.008546642027795315,-0.016069084405899048,-0.13099243726794085,0.7835934989441139,-0.5681195062323429,0.21462104844218752,-2.930147147302802,-0.46581425640425606,1.9372867158839806
10559,945730.7267921552,945730.7676541251,right,4.083821477252059E-05,-0.004522193223237991,-0.0013852695701643825,-0.1875915825366974,0.4491586983203888,0.8735364079475403,0.0033645108342170715,-0.004810393787920475,-0.025348501279950142,-0.13102502929372695,0.7837275690767103,-0.5679253488963862,0.21462576074829512,-2.930056029597632,-0.46582345985363466,1.9377971540807413
10560,945730.7467921552,945730.7682285,right,-0.0010818819282576442,-0.004795228596776724,-0.0019075110321864486,-0.18781451880931854,0.44900819659233093,0.8735662698745728,-0.0017978559480980039,-0.005579332821071148,-0.028734231367707253,-0.13096398417129737,0.783920397659731,-0.5676722992119395,0.21462866185943136,-2.9298191005587846,-0.46565501194527237,1.9384924630164138
10561,945730.7667921552,945730.8002895417,right,-0.003206194844096899,-0.0033072801306843758,-0.0015285309636965394,-0.1879272758960724,0.44871458411216736,0.8736927509307861,-0.008861119858920574,-0.011004815809428692,-0.025774303823709488,-0.1308656551793663,0.784113751439575,-0.5674609102363496,0.2145411684085416,-2.929725495058227,-0.46532645834164316,1.9390660609309711
10562,945730.7867921552,945730.8229635417,right,-0.0043396297842264175,-0.0010722961742430925,0.00023995048832148314,-0.18795840442180634,0.4483810067176819,0.8738569021224976,-0.01225118525326252,-0.01166256982833147,-0.024568216875195503,-0.13077304725228608,0.7843125617437933,-0.5672584618445076,0.21440587509445624,-2.9297300708567127,-0.4649532124436641,1.9396026108223514
10563,945730.8067921553,945730.8593647084,right,-0.005441403016448021,0.00134554342366755,0.000158877155627124,-0.18794459104537964,0.4480046331882477,0.8740531206130981,-0.018761854618787766,-0.01535901427268982,-0.02476894110441208,-0.13067035948277833,0.7845058369898643,-0.5670776458894982,0.21423988238735897,-2.929791323579245,-0.46453219230961934,1.940077570167348
10564,945730.8267921553,945730.8599941251,right,-0.004522921051830053,0.0027938156854361296,-0.001755509409122169,-0.18785905838012695,0.4474588632583618,0.8743511438369751,-0.029506439343094826,-0.022994887083768845,-0.026600509881973267,-0.1305165080759257,0.7847247923111849,-0.566906037207232,0.21398587997155255,-2.929954880180516,-0.46392183497790546,1.9405224259615688
10565,945730.8467921553,945730.8932122918,right,-0.004426483064889908,0.0024383810814470053,-0.002450409345328808,-0.1876857876777649,0.4467385709285736,0.8747561573982239,-0.041686151176691055,-0.028719747439026833,-0.027673909440636635,-0.13031663381170502,0.7849776768124888,-0.5667345187196452,0.21363375377245447,-2.9302393289383293,-0.46311655371373456,1.9409573128510822
10566,945730.8667921553,945730.8934122084,right,-0.0023979521356523037,0.002100737299770117,-0.002211444778367877,-0.1875346451997757,0.4457912743091583,0.8752719759941101,-0.049148838967084885,-0.02504626475274563,-0.0378895178437233,-0.13002436934770978,0.785289111811522,-0.5665305740042704,0.21320810549868097,-2.93052530525711,-0.46205802486297987,1.9414891010870832
10567,945730.8867921553,945730.9265559583,right,-0.0019073992734774947,0.0014188624918460846,-0.0016229752218350768,-0.18753446638584137,0.4447758197784424,0.8757882118225098,-0.044304005801677704,-0.018329212442040443,-0.04276003688573837,-0.12966931326465983,0.7856313091979915,-0.5662839013095651,0.21281837785249957,-2.9306462561704674,-0.46092390778446285,1.942160214269747
10568,945730.9067921554,945730.9288058333,right,-0.002672503935173154,0.0012419463600963354,-0.0032801982015371323,-0.1875963658094406,0.4439210295677185,0.8762088418006897,-0.034890223294496536,-0.019046109169721603,-0.03674355149269104,-0.12936530164778542,0.7859516076157447,-0.56602508187936,0.21250937813975207,-2.930677005064998,-0.45996975976330157,1.9428668772284878
10569,945730.9267921554,945730.9691225417,right,-0.0036457027308642864,0.0009508930961601436,-0.004672031383961439,-0.1875295788049698,0.44327035546302795,0.8765526413917542,-0.02454586885869503,-0.022304654121398926,-0.02366415597498417,-0.12917225326539294,0.7862134815769806,-0.5658132023449833,0.2122223260179978,-2.9308301567146393,-0.4592437291761639,1.9434207431409132
10570,945730.9467921554,945730.9699820417,right,-0.003639776026830077,0.0009679701761342585,-0.006135181989520788,-0.18735162913799286,0.44285842776298523,0.8767982125282288,-0.017447354272007942,-0.020185988396406174,-0.016384359449148178,-0.1290980084836721,0.7864066913547353,-0.5656531896663457,0.21197736419385826,-2.9310815337167386,-0.4587842683909485,1.943811055631253
10571,945730.9667921554,945731.0020714167,right,-0.002828554017469287,0.0020913355983793736,-0.006925150286406279,-0.18715238571166992,0.442501962184906,0.8770209550857544,-0.01663045771420002,-0.014091909863054752,-0.015718922019004822,-0.12904043963360212,0.7865586134281439,-0.5655403887190354,0.2117498535591661,-2.9313507200080653,-0.4583866990816031,1.9440756335418943
10572,945730.9867921554,945731.0175628334,right,-0.0035056802444159985,0.0034845652990043163,-0.004305573645979166,-0.18716485798358917,0.442230761051178,0.8771553635597229,-0.009323392994701862,-0.004151707049459219,-0.016879132017493248,-0.1289583454726874,0.7866934289085512,-0.5654122547417375,0.2116414780817004,-2.931368377137892,-0.45808431225160456,1.944415219206882
10573,945731.0067921554,945731.0502822917,right,-0.0045719328336417675,0.004650401417165995,-0.0031162945087999105,-0.1872766613960266,0.44209033250808716,0.8772024512290955,-0.002713964320719242,-0.003866986371576786,-0.01123721245676279,-0.12889874744969979,0.786795593855639,-0.5652909098860613,0.21162233490188592,-2.9312574391149253,-0.4579277358304037,1.9447505264704184
10574,945731.0267921555,945731.0509713751,right,-0.005382813047617674,0.0050225527957081795,-0.00497992429882288,-0.18722037971019745,0.44203779101371765,0.8772404789924622,0.0006963821942918003,-0.010272965766489506,-0.0037874137051403522,-0.12891289848611093,0.7868583933052316,-0.5652203195895122,0.2115682783184835,-2.9313276640316164,-0.4578691779400311,1.9449212522811414
10575,945731.0467921555,945731.0995924583,right,-0.006307174917310476,0.004566531162708998,-0.006855498068034649,-0.1869276463985443,0.4420410096645355,0.8773015141487122,-0.0007511985022574663,-0.021493766456842422,0.0010267695179209113,-0.12901500238263236,0.7869105307021872,-0.5651747315801435,0.21143412537567655,-2.9316610257751057,-0.45787275205829814,1.9449824895059729
10576,945731.0667921555,945731.0997066668,right,-0.006116253323853016,0.004985480103641748,-0.006559675093740225,-0.18647657334804535,0.4421022832393646,0.8773666620254517,0.0016898741014301777,-0.019353587180376053,0.006275137886404991,-0.1291708134809999,0.7869149931093828,-0.5651973244919033,0.21126193483217118,-2.932167999390691,-0.4579410726301019,1.9448381817847504
10577,945731.0867921555,945731.1326537917,right,-0.0075991107150912285,0.007148493081331253,-0.004685837309807539,-0.1861710548400879,0.44217777252197266,0.877393364906311,0.003740607062354684,-0.006389454007148743,0.002917472505941987,-0.12928439839569092,0.7868961936947662,-0.5652353056354283,0.2111606775153115,-2.9325073720541055,-0.4580252269908544,1.9446811782788644
10578,945731.1067921555,945731.13340525,right,-0.008677150122821331,0.0066673788242042065,-0.005757039878517389,-0.18600574135780334,0.44222739338874817,0.8774036765098572,0.0007615126669406891,-0.00801141932606697,3.166817259625532E-05,-0.12935279606354816,0.7868934626307428,-0.5652436625276233,0.21110687321962573,-2.9326900569976435,-0.45808057381367295,1.9446270893382533
10579,945731.1267921556,945731.1628895,right,-0.008886006660759449,0.005712646991014481,-0.006213991902768612,-0.18582230806350708,0.44216081500053406,0.8774759769439697,-0.004736350383609533,-0.009273138828575611,-0.006124293431639671,-0.1293882542105601,0.786937089311083,-0.5652149211456063,0.2109993601294205,-2.9329068550458257,-0.4580063443063478,1.9446685172576366
10580,945731.1467921556,945731.1849944583,right,-0.0075504290871322155,0.005358132999390364,-0.0014355314197018743,-0.1857246607542038,0.44206130504608154,0.8775467276573181,-0.004384470637887716,-0.009745802730321884,-0.00677140150219202,-0.1293934117620358,0.7870052728819029,-0.5651512620197439,0.210912282919416,-2.933029683931787,-0.4578953858722308,1.9448161398299875
10581,945731.1667921556,945731.1896129583,right,-0.005002172663807869,0.0062767015770077705,0.003842007601633668,-0.18577197194099426,0.44201260805130005,0.8775612115859985,0.0004653496143873781,-0.0009037958807311952,-0.010614361613988876,-0.12938044658733444,0.787067769025983,-0.5650706349166075,0.2109030285598116,-2.9329814277823854,-0.45784108803385953,1.9450319308661952
10582,945731.1867921556,945731.238144375,right,-0.0042246319353580475,0.004497336223721504,0.0034760127309709787,-0.18595916032791138,0.4419536590576172,0.877551257610321,-0.0009200428030453622,0.005059463903307915,-0.021393854171037674,-0.12933252551966526,0.7871534807056154,-0.5649468383677129,0.21094422533818755,-2.9327749850960334,-0.45777538874861534,1.9453840607576358
10583,945731.2067921556,945731.2383800833,right,-0.005156449507921934,0.002486434066668153,0.00039624920464120805,-0.18622221052646637,0.4418022036552429,0.8775715231895447,0.0001660076668485999,-8.833949686959386E-05,-0.024313190951943398,-0.12923975970477317,0.7872931481750578,-0.5647611621619684,0.2109768139000268,-2.9324928256714564,-0.4576065446797865,1.9459111838428855
10584,945731.2267921556,945731.272647875,right,-0.006445418111979961,-0.0011482811532914639,-0.004623481072485447,-0.18622097373008728,0.441811740398407,0.877566933631897,0.010489030741155148,-0.018043234944343567,0.0014648844953626394,-0.12928197414667997,0.7873930596312216,-0.5646198189408151,0.21095632710493,-2.9324931130996714,-0.45761716655969265,1.946269537936246
10585,945731.2467921557,945731.2732484167,right,-0.006993994116783142,-0.006830323487520218,-0.011339663527905941,-0.18569132685661316,0.44193345308303833,0.8776182532310486,0.0030189615208655596,-0.03801798075437546,0.008712070994079113,-0.12950919416278647,0.7874538171896888,-0.5645577967298074,0.21075646847166957,-2.933082555077404,-0.45775286136053844,1.9463230974564807
10586,945731.2667921557,945731.3032237501,right,-0.005681552458554506,-0.007548320107161999,-0.008646773174405098,-0.18503525853157043,0.4420289397239685,0.8777087926864624,0.005459085572510958,-0.027489177882671356,-0.0002514063089620322,-0.12975740260521332,0.7875104043851726,-0.5645189463585149,0.21049632075519908,-2.9338189944303497,-0.4578593222668288,1.946294715496885
10587,945731.2867921557,945731.3380231668,right,-0.0033598393201828003,-0.006044173147529364,-0.00744243897497654,-0.18469330668449402,0.4421108067035675,0.8777394890785217,0.0020991323981434107,-0.01781148463487625,-0.013186698779463768,-0.1299305257303396,0.7876162460547632,-0.5643848717674661,0.2103529167921271,-2.934199099139927,-0.45795058642490105,1.9465674093947805
10588,945731.3067921557,945731.3383349584,right,-0.0013405075296759605,-0.0034178083296865225,-0.004021778237074614,-0.184681236743927,0.442128986120224,0.8777331113815308,-0.001161884400062263,-0.011731419712305069,-0.025721078738570213,-0.12999651790907032,0.7877611914859007,-0.5641797267318542,0.21031997580383324,-2.934210813309573,-0.45797083584475595,1.9470854516016693
10589,945731.3267921557,945731.3680032501,right,-0.0019575252663344145,-0.0015486847842112184,0.0004155640199314803,-0.18493060767650604,0.4420735836029053,0.8777080178260803,0.001244851271621883,-0.011070006527006626,-0.033250726759433746,-0.1299822177670915,0.7879784531362349,-0.5638651141858092,0.21035809277329545,-2.9339329830942407,-0.4579090688530695,1.9479329196759894
10590,945731.3467921558,945731.37110025,right,-0.0021407268941402435,0.0005230755195952952,0.0018882246222347021,-0.18502476811408997,0.44207504391670227,0.8776875138282776,0.011693171225488186,-0.013373016379773617,-0.02765849232673645,-0.13003377833560112,0.7881844946278553,-0.5635679639249928,0.2103506903730757,-2.933825558362849,-0.45791072163062296,1.9487047159563688
10591,945731.3667921558,945731.4282281251,right,-0.0023226274643093348,-0.0004992112517356873,-0.00161027442663908,-0.18456192314624786,0.44233065843582153,0.8776564002037048,0.01506381668150425,-0.028503993526101112,-0.012394965626299381,-0.13032482687318087,0.7882952436671762,-0.5633992287675411,0.21020774507056428,-2.934323376312577,-0.45819570840020224,1.949035125395155
10592,945731.3867921558,945731.4283839584,right,-0.002504390198737383,-0.0015215192688629031,-0.005108473356813192,-0.1840990036725998,0.4425862729549408,0.87762451171875,0.01843446120619774,-0.04363496974110603,0.002868560841307044,-0.13061584676547838,0.7884057629773876,-0.5632304232103217,0.21006470400034954,-2.9348212385454997,-0.45848071602520996,1.9493650283571642
10593,945731.4067921558,945731.4314384167,right,-0.004218928050249815,-8.250965038314462E-05,-0.005712490063160658,-0.18336844444274902,0.4427928030490875,0.8776736259460449,0.010935596190392971,-0.04841426759958267,0.0015144073404371738,-0.13095085034477374,0.788498851088208,-0.5631218930272619,0.20979791087657132,-2.9356299218465036,-0.45871106328423156,1.9494936429958498
10594,945731.4267921558,945731.458943375,right,-0.0048696366138756275,0.0013957549817860126,-0.0037011937238276005,-0.1826501190662384,0.4429319500923157,0.8777530193328857,0.005772297736257315,-0.03411449119448662,-0.005069348961114883,-0.13124882790501027,0.7885877899165415,-0.5630326053554019,0.2095167208144761,-2.936432311408672,-0.45886626593185575,1.9495778685742093
10595,945731.4467921559,945731.4829322917,right,-0.005802348256111145,0.003449650714173913,-0.000449793238658458,-0.18233872950077057,0.4428635537624359,0.8778520822525024,-0.004104181658476591,-0.020598266273736954,-0.018058741465210915,-0.13135336668987274,0.7887252007123868,-0.5628840799389786,0.2093327113032352,-2.936794828355049,-0.45878995929420585,1.9498982799337397
10596,945731.4667921559,945731.5189845834,right,-0.009130897000432014,0.005807175766676664,0.0036955636460334063,-0.18233263492584229,0.44270244240760803,0.8779348134994507,-0.0059465984813869,-0.010530008003115654,-0.021309085190296173,-0.13133719224445722,0.7888839379436098,-0.5626983477757531,0.20924426608391258,-2.9368202461072315,-0.4586102709221806,1.9503752854356304
10597,945731.4867921559,945731.519363,right,-0.011013375595211983,0.00430334685370326,0.004952883813530207,-0.18235544860363007,0.4425036311149597,0.8780301213264465,-0.009429184719920158,-0.01339645404368639,-0.018880469724535942,-0.13129259129182863,0.7890359532524023,-0.5625275360428472,0.2091581747101631,-2.936816964397523,-0.45838858099811225,1.9508211883646716
10598,945731.5067921559,945731.5515636251,right,-0.01072752196341753,0.0007932021981105208,0.003162686713039875,-0.18228529393672943,0.44229182600975037,0.8781516551971436,-0.008265105076134205,-0.013773045502603054,-0.013621540740132332,-0.13126036459821774,0.7891691001812126,-0.5623947539117209,0.2090333877996155,-2.9369210933545316,-0.4581524060697681,1.95115387911607
10599,945731.5267921559,945731.55203675,right,-0.008814936503767967,-0.00218790490180254,0.0033175309654325247,-0.18227942287921906,0.44213664531707764,0.8782308101654053,-0.0014325666707009077,-0.0029975352808833122,-0.013560386374592781,-0.13122853259223896,0.7892782453608148,-0.5622767466441808,0.2089584527491782,-2.9369454440506617,-0.4579793683842025,1.9514583626156699
10600,945731.546792156,945731.573800125,right,-0.007498080842196941,-0.004567188210785389,0.0006719744997099042,-0.18251754343509674,0.4420871436595917,0.8782064318656921,0.004440192133188248,0.007573100738227367,-0.01271142065525055,-0.13116590258670577,0.7893500297154683,-0.5621651289201484,0.20902712127943024,-2.9366799921017055,-0.4579242103899557,1.9517885385964435
10601,945731.566792156,945731.6377372084,right,-0.006030729040503502,-0.00515054352581501,-1.72213349287631E-05,-0.18281087279319763,0.44224056601524353,0.8780680298805237,0.008875658735632896,0.008958010002970695,-0.008342293091118336,-0.13116007958704862,0.7893549825548863,-0.5620966221314204,0.20919608556280408,-2.936328380626626,-0.45809525459298567,1.9520108979639401
10602,945731.586792156,945731.6377952084,right,-0.004563570488244295,-0.0057339416816830635,-0.0007062361110001802,-0.18310415744781494,0.4423939883708954,0.8779295682907104,0.01331112626940012,0.010342920199036598,-0.003973165526986122,-0.13115430318867607,0.7893599405245917,-0.5620280859852674,0.20936504286290541,-2.93597675929644,-0.4582663225418331,1.95223344697969
10603,945731.606792156,945731.6425552918,right,-0.0027019556146115065,-0.004400314297527075,-0.0008975860546343029,-0.18330265581607819,0.44258564710617065,0.8777916431427002,0.011383269913494587,0.005670078098773956,-0.001903798314742744,-0.13118650418779942,0.7893476854682229,-0.5619839518999704,0.20950962651030564,-2.9357286553798305,-0.4584800309797142,1.952374751633608
10604,945731.626792156,945731.6681046251,right,-0.0013612404000014067,-0.0036312155425548553,-0.0010690722847357392,-0.18344371020793915,0.4427480697631836,0.8776801824569702,0.0066579668782651424,-0.00010957469930872321,-0.0040184310637414455,-0.13122517805354406,0.7893476236852335,-0.5619344456386066,0.20961829533766838,-2.9355492503127563,-0.45866116846452376,1.9525198976098135
