index,source_timestamp,receipt_uptime,sensor_location,user_acceleration_x,user_acceleration_y,user_acceleration_z,gravity_x,gravity_y,gravity_z,rotation_rate_x,rotation_rate_y,rotation_rate_z,quaternion_w,quaternion_x,quaternion_y,quaternion_z,roll,pitch,yaw
737,941266.9562357222,941266.9830629167,right,-0.000990908476524055,0.001463641645386815,-0.002134747803211212,-0.37318116426467896,0.45645421743392944,0.8077036738395691,0.04245453700423241,-0.005783403292298317,-0.02526560239493847,0.2170368194363508,-0.944952951342493,0.10447869370181713,-0.22145682429011523,-2.7087820334381143,-0.474005933861285,3.027462847481852
738,941266.9762357222,941266.985224375,right,-0.002056526020169258,0.0018987810472026467,0.0005685655050911009,-0.3735450804233551,0.45684197545051575,0.8073163032531738,0.03759559243917465,0.014003124088048935,-0.03680744767189026,0.2173346449045994,-0.9448953890767373,0.10407155250902023,-0.2216021637973683,-2.70822801177423,-0.4744417970865634,3.0285421170097573
739,941266.9962357222,941267.0052841668,right,-0.004226024728268385,0.0008897455409169197,0.001200815662741661,-0.37425482273101807,0.45716509222984314,0.8068045377731323,0.036891475319862366,0.028217710554599762,-0.03673086315393448,0.21758632759482202,-0.9448050262391128,0.10366171175175708,-0.22193229829676925,-2.707262119337314,-0.47480505551012014,3.0297072829255725
740,941267.0162357222,941267.0332640418,right,-0.006256248336285353,0.0011603435268625617,-0.0013903200160712004,-0.3750593960285187,0.45752760767936707,0.8062250018119812,0.039609771221876144,0.02715706080198288,-0.021100295707583427,0.21783967893370684,-0.9446884089870995,0.10332640456814259,-0.22233602422542842,-2.706167037337762,-0.47521271574067736,3.030754275155861
741,941267.0362357222,941267.0464154168,right,-0.008047006092965603,-0.0006936457939445972,-0.004333706572651863,-0.3754902482032776,0.4581907093524933,0.805647611618042,0.0425439216196537,0.019326137378811836,0.007176259998232126,0.21821382573500733,-0.9445453484902512,0.10323727508310397,-0.22261811410153562,-2.705453547191931,-0.4759585664652115,3.0312632534447204
742,941267.0562357223,941267.08654875,right,-0.004401028621941805,-0.0018903716700151563,-0.007776687387377024,-0.37566643953323364,0.4589785039424896,0.805117130279541,0.03610841557383537,0.022757120430469513,0.018323704600334167,0.21862353424369677,-0.9443952422281778,0.10332576052269601,-0.22281205207887655,-2.705021540046006,-0.47684509871501324,3.0313610257749457
743,941267.0762357223,941267.0867172084,right,-0.003331840503960848,-0.0012318517547100782,-0.006885970011353493,-0.3759230077266693,0.4596356153488159,0.8046223521232605,0.027371643111109734,0.033747561275959015,0.01826062984764576,0.2189375714882018,-0.9442449119461556,0.10350243638144903,-0.22305869973729858,-2.704524212023523,-0.4775848595836171,3.031256780797478
744,941267.0962357223,941267.1052904167,right,-0.004014255478978157,-0.004424227401614189,-0.006297259591519833,-0.3763163983821869,0.46022167801856995,0.8041031360626221,0.02641325630247593,0.034516841173172,0.023005420342087746,0.21919744217889142,-0.944083194908185,0.10372323190413794,-0.2233850193673214,-2.7038751770811587,-0.47824487191520854,3.0310778628530306
745,941267.1162357223,941267.1574565417,right,-0.006104797590523958,-0.003979903645813465,-0.005901180673390627,-0.3766642212867737,0.4608446955680847,0.8035835027694702,0.028944287449121475,0.03771256282925606,0.029704442247748375,0.21947142166857667,-0.9439176773919126,0.10397696257968392,-0.22369753631987305,-2.7032720396303604,-0.4789467474523602,3.030827643745428
746,941267.1362357223,941267.1578589584,right,-0.0066843279637396336,-0.006362061481922865,-0.0061508407816290855,-0.37709417939186096,0.46151524782180786,0.8029967546463013,0.029375022277235985,0.05276545137166977,0.02328212931752205,0.2197613990321996,-0.9437306914729331,0.10426308867187475,-0.22406822979031243,-2.702552485268536,-0.4797024678031229,3.0305474555053147
747,941267.1562357224,941267.1818342917,right,-0.0016869354294613004,-0.006871060002595186,-0.00946076400578022,-0.37812018394470215,0.4619515836238861,0.8022630214691162,0.021036583930253983,0.08284983038902283,-0.0039004620630294085,0.2199340836957681,-0.943519557801415,0.10441456506880974,-0.22471647451518678,-2.7011537136106534,-0.4801943617332544,3.030655849872325
748,941267.1762357224,941267.1869898334,right,0.002925928682088852,-0.005490931682288647,-0.010536144487559795,-0.3798193037509918,0.4620262086391449,0.8014171123504639,0.0002930110495071858,0.10412665456533432,-0.02744453214108944,0.21991077081382268,-0.943290896531787,0.10445513716547819,-0.22567845388472293,-2.6990140374982,-0.4802785206475435,3.031086440046087
749,941267.1962357224,941267.2082622084,right,0.001759101403877139,-0.0019130660220980644,-0.002889362396672368,-0.3818797767162323,0.4617680609226227,0.8005858659744263,-0.011124327778816223,0.10391175001859665,-0.026772676035761833,0.21970857382027423,-0.9430740416263712,0.10442367916357426,-0.2267930485151999,-2.696513516166474,-0.47998743955562023,3.031673911374361
750,941267.2162357224,941267.2587164583,right,-0.00047154471394605935,0.00013801750901620835,0.0018789760069921613,-0.38263124227523804,0.4617193639278412,0.8002550005912781,-0.004408964887261391,0.05570559948682785,0.015467180870473385,0.2195871871849596,-0.9429540414120231,0.10471486892526254,-0.22727475053664128,-2.695588275938321,-0.47993254542075503,3.0312601104643035
751,941267.2362357224,941267.258871,right,-0.002702457131817937,0.002188778016716242,0.006648107897490263,-0.38338252902030945,0.46167096495628357,0.799923837184906,0.0023063989356160164,0.007499450817704201,0.0577070415019989,0.21946568542297412,-0.9428338535157423,0.10500604129067577,-0.2277564182251787,-2.694663145872778,-0.4798779963832532,3.030846263780669
752,941267.2562357225,941267.2858872918,right,0.0020186712499707937,0.0021375510841608047,0.004932737909257412,-0.3827482759952545,0.4620741903781891,0.7999944090843201,-0.0032518308144062757,-0.018044769763946533,0.07254455238580704,0.21956484418147634,-0.9427853383164985,0.10560797739937691,-0.22758298987546544,-2.6953424939258195,-0.4803326290975062,3.0295084934439123
753,941267.2762357225,941267.2863483333,right,0.006340499501675367,0.0030741242226213217,0.0019948582630604506,-0.38191622495651245,0.46243816614151,0.8001819252967834,-0.015518493950366974,-0.010557170957326889,0.05406249314546585,0.21965256536238514,-0.942769070289423,0.10619550635011869,-0.22729235743168816,-2.6962802835124045,-0.4807430658596876,3.028131316812966
754,941267.2962357225,941267.3308529167,right,0.008061738684773445,0.0029902951791882515,0.0024697184562683105,-0.381465882062912,0.4625585377216339,0.8003270030021667,-0.016468975692987442,0.002742778742685914,0.02813728339970112,0.21962859124992357,-0.9427579808872086,0.10663455007940553,-0.2271557575478398,-2.696809195625507,-0.48087883407010323,3.0271055906082096
755,941267.3162357225,941267.3315949168,right,0.005423352122306824,0.005374935921281576,0.005373616702854633,-0.381493479013443,0.46244263648986816,0.8003805875778198,-0.006497536785900593,0.01534208282828331,0.01318653766065836,0.21950888776976527,-0.9427465865960892,0.10686071346155297,-0.22721225924219704,-2.696807110785113,-0.48074813433311664,3.0265984557780596
756,941267.3362357225,941267.3614013334,right,0.0016046384116634727,0.004645851440727711,0.002541798632591963,-0.3815733790397644,0.4625665545463562,0.8002709746360779,0.01133289746940136,0.012332660146057606,0.014159954153001308,0.21953370495374674,-0.9426981243995505,0.10703167846582023,-0.2273089512044972,-2.696672552814056,-0.480887882805762,3.026296820730661
757,941267.3562357225,941267.374561375,right,-0.0005300447810441256,0.005095812026411295,0.0017462065443396568,-0.38152867555618286,0.46301940083503723,0.8000302314758301,0.02637263759970665,0.004597488325089216,0.022871876135468483,0.2197478911639716,-0.9426161016179316,0.10719160130575658,-0.2273666228202888,-2.6966011683059703,-0.4813987254422437,3.026082807406142
758,941267.3762357226,941267.3931754584,right,-0.0022462201304733753,0.003914695233106613,-0.0030236137099564075,-0.38123705983161926,0.4638051986694336,0.7997144460678101,0.03438366577029228,-0.0027445468585938215,0.034893009811639786,0.22014090844116296,-0.9425073698773696,0.10741094776192082,-0.22733407988820079,-2.696744838054463,-0.4822855006482669,3.0257724863984743
759,941267.3962357226,941267.407035875,right,-0.002115430776029825,0.0042529962956905365,-0.003279954195022583,-0.3810156285762787,0.46465152502059937,0.7993282079696655,0.033677633851766586,0.00956820696592331,0.023398106917738914,0.22056889484096512,-0.9423815841718214,0.10761547234104463,-0.22734358833382826,-2.6967828749406415,-0.483241009701237,3.025532619023471
760,941267.4162357226,941267.4433965418,right,-0.002008855575695634,0.004873148165643215,-0.001982450718060136,-0.381214439868927,0.46530476212501526,0.7988535761833191,0.03094666264951229,0.031390946358442307,0.006907873321324587,0.2208985624097333,-0.94224322858238,0.10772432658358438,-0.22754564600577787,-2.6963493960936877,-0.4839788743141149,3.0255600459392045
761,941267.4362357226,941267.4464349584,right,-0.004577330779284239,0.004206692799925804,-0.0020599584095180035,-0.3817061185836792,0.4658544063568115,0.798298180103302,0.03310585021972656,0.032623324543237686,0.0079704774543643,0.2211701298361368,-0.9420877959467335,0.10779471393540582,-0.2278917165999119,-2.6955775748416215,-0.4845999467822092,3.025723934881874
762,941267.4562357226,941267.4820983334,right,-0.009406320750713348,0.004610253032296896,0.00037583973607979715,-0.3819202184677124,0.46653321385383606,0.7977991700172424,0.04047072306275368,0.014686080627143383,0.02794184349477291,0.2215088954960165,-0.9419406599006619,0.10792324543420136,-0.22810995752050778,-2.6951158504464146,-0.48536722668821364,3.0257231583431845
763,941267.4762357227,941267.4871031668,right,-0.012930289842188358,0.002629640279337764,0.002046082401648164,-0.3815584182739258,0.4676773250102997,0.7973023056983948,0.05478685721755028,-0.010667447000741959,0.05800551176071167,0.22208403496003867,-0.9417741271714589,0.10822519941795904,-0.2280953129861801,-2.6952423461611468,-0.48666117772078676,3.025328163192964
764,941267.4962357227,941267.5071090417,right,-0.006294445600360632,0.0016627521254122257,-0.0013922167709097266,-0.38080114126205444,0.4691977798938751,0.7967709302902222,0.06322624534368515,-0.008995084092020988,0.06027853488922119,0.22285359634883992,-0.9415845877006245,0.10864598949402106,-0.2279271437777711,-2.695756088298485,-0.4883821191385719,3.024679666065331
765,941267.5162357227,941267.5271265417,right,0.0006261940579861403,1.0568534889898729E-05,-0.005988355726003647,-0.38046279549598694,0.47060343623161316,0.7961031794548035,0.0561540462076664,0.019391335546970367,0.03315085545182228,0.22356960544614593,-0.941370176594711,0.1089671011735118,-0.2279582547167859,-2.695775740408868,-0.48997453377360356,3.024331655374911
766,941267.5362357227,941267.5778305001,right,-0.00013274859520606697,-0.000591261254157871,-0.005179343279451132,-0.3808355927467346,0.4715133607387543,0.7953860759735107,0.04750679433345795,0.04515974596142769,0.002873047487810254,0.2240389614350218,-0.9411680542147891,0.1090677165438008,-0.22828355014764518,-2.695043674905407,-0.49100609202195555,3.024511530492942
767,941267.5562357227,941267.5779301667,right,-0.0020083857234567404,-0.004717444069683552,-0.005858683027327061,-0.38170498609542847,0.4721285402774811,0.7946040630340576,0.040875449776649475,0.04960845783352852,-0.01294762920588255,0.2243661677806529,-0.9409671905528588,0.10900832444956234,-0.22881801016435405,-2.693771054616786,-0.49170382021112624,3.0250898787825755
768,941267.5762357228,941267.5884525834,right,0.0005820264923386276,-0.007438505534082651,-0.006049934774637222,-0.38269761204719543,0.4726855158805847,0.793795645236969,0.04074845463037491,0.04793896526098251,-0.02026456594467163,0.22467767671146094,-0.9407690704059827,0.10886419346825085,-0.22939543547969216,-2.692358483613111,-0.4923357554360029,3.0258687793622303
769,941267.5962357228,941267.6133814584,right,0.0015795051585882902,-0.0073522101156413555,-0.003407389158383012,-0.38373836874961853,0.47315335273742676,0.7930138111114502,0.040730070322752,0.04546414315700531,-0.026335541158914566,0.22495255799593028,-0.9405846706930642,0.10866189579525053,-0.229977089602682,-2.6909089270892617,-0.492866715823654,3.0267594790140975
770,941267.6162357228,941267.6296468751,right,0.0015527349896728992,-0.006003399379551411,-0.00206304551102221,-0.38459980487823486,0.4735729694366455,0.7923456430435181,0.04033627361059189,0.031999196857213974,-0.023079389706254005,0.22521127155340345,-0.9404324157263219,0.10844231366008042,-0.23044963363801726,-2.689698087915425,-0.49334305854993143,3.0276190134264795
771,941267.6362357228,941267.6607153751,right,-0.001542873913422227,-0.004667920526117086,0.006194525398313999,-0.3852463960647583,0.4739435613155365,0.7918097972869873,0.03628414124250412,0.02037684991955757,-0.02654964290559292,0.2254633687093228,-0.940321412190292,0.10816917999761719,-0.2307842313129647,-2.688771763936219,-0.4937638878755996,3.028513003395696
772,941267.6562357228,941267.7023699584,right,-0.006118824239820242,-0.006365010980516672,0.024366077035665512,-0.3859650194644928,0.47418078780174255,0.7913178205490112,0.03221471980214119,0.03181096538901329,-0.04555605351924896,0.22566500618942123,-0.9402341452447599,0.10779006473582406,-0.23112001289741516,-2.6877933271782495,-0.4940333079793398,3.029612629955229
773,941267.6762357228,941267.7025459168,right,-0.0053259991109371185,-0.010930447839200497,0.028583094477653503,-0.3872472047805786,0.47429442405700684,0.7906228303909302,0.033620864152908325,0.06626958400011063,-0.0641028881072998,0.22580493256864775,-0.9401044677550917,0.10730821621910196,-0.23173413673586768,-2.68613825392604,-0.49416238031197907,3.031063158313892
774,941267.6962357229,941267.7153501668,right,0.0029862585943192244,-0.015513855963945389,0.015214493498206139,-0.3893786072731018,0.47426480054855347,0.7895931601524353,0.027729136869311333,0.11885987967252731,-0.07610569894313812,0.22584674333902588,-0.9398893678169086,0.1067922988517777,-0.23280183484973646,-2.6834495730967056,-0.4941287426680313,3.032799417453703
775,941267.7162357229,941267.7370929167,right,0.004673113580793142,-0.016056004911661148,0.005708272103220224,-0.39224493503570557,0.4741062819957733,0.788268506526947,0.02100614830851555,0.15252861380577087,-0.06933736056089401,0.22577572202333834,-0.9395868054917652,0.1063528513072456,-0.23428845338202514,-2.679864400088237,-0.4939486898819443,3.0345563285473385
776,941267.7362357229,941267.7477830834,right,-0.012212815694510937,-0.007386087439954281,0.016963034868240356,-0.3953200876712799,0.4737948477268219,0.7869184017181396,0.009737487882375717,0.16023990511894226,-0.05539647117257118,0.22556896159274942,-0.939256631910944,0.10609529292169176,-0.23592255520832864,-2.676055093576705,-0.49359500531836126,3.0359407519265256
777,941267.7562357229,941267.7800191668,right,-0.045416466891765594,-0.004505883436650038,0.027353284880518913,-0.39816170930862427,0.47331783175468445,0.7857720255851746,-0.0177301038056612,0.1370740383863449,-0.04837341606616974,0.2252456786429347,-0.9389659794851981,0.10596673903894481,-0.2374413731348249,-2.6725883747795462,-0.49305343330300694,3.036924534774227
778,941267.7762357229,941267.7934613334,right,-0.07339397072792053,-0.0014305304503068328,0.04610114544630051,-0.4008491039276123,0.4721929132938385,0.7850823402404785,-0.056442614644765854,0.1391729861497879,-0.09369935095310211,0.2245927355944763,-0.9388088615863688,0.10573141112843376,-0.23878240635565684,-2.669515212889839,-0.4917768328066506,3.0378718479582303
779,941267.796235723,941267.8119421251,right,-0.11507899314165115,-0.0034718906972557306,0.06949486583471298,-0.40449652075767517,0.4703647196292877,0.7843080759048462,-0.04691770672798157,0.16934114694595337,-0.14629776775836945,0.2236322052830553,-0.9386790639755167,0.10505092481847095,-0.2404879564715651,-2.6654351121337525,-0.4897040064570851,3.0398200519016507
780,941267.816235723,941267.8280917084,right,-0.17075903713703156,-0.023964447900652885,0.059247445315122604,-0.40835005044937134,0.46907153725624084,0.7830849885940552,0.04294674098491669,0.16263951361179352,-0.10219598561525345,0.22300219412692845,-0.9384439449175496,0.10423767275834273,-0.24233756766928372,-2.6609223434008586,-0.4882391750967817,3.042286903928214
781,941267.836235723,941267.8824418334,right,-0.24199870228767395,-0.06576894968748093,0.052194833755493164,-0.41121548414230347,0.4704819917678833,0.7807361483573914,0.20425310730934143,0.13861636817455292,9.55755022005178E-05,0.22381929776299594,-0.9378660723945792,0.10380435671642711,-0.24400192997316564,-2.6568122446055993,-0.4898369054081419,3.044564313082526
782,941267.856235723,941267.8957892917,right,-0.31261247396469116,-0.11071008443832397,0.04735568165779114,-0.4133268892765045,0.4752054810523987,0.7767501473426819,0.3787473440170288,0.18143390119075775,0.022083617746829987,0.22644830249059175,-0.9368203728197338,0.10364699848244209,-0.2456544601083312,-2.652577927862773,-0.4951975288790597,3.0471877695744323
783,941267.876235723,941267.9169335834,right,-0.40839025378227234,-0.1498289704322815,0.049975451081991196,-0.4178859293460846,0.48143941164016724,0.7704461812973022,0.46248775720596313,0.37629178166389465,-0.1603691726922989,0.23006850508858925,-0.9352361425750758,0.10274481458241749,-0.24868722586752337,-2.6446072962594913,-0.50229623452098,3.0527674388003696
784,941267.896235723,941267.9471405834,right,-0.5154724717140198,-0.20077410340309143,0.07245330512523651,-0.4293685853481293,0.48551473021507263,0.7615236043930054,0.4335021376609802,0.69826740026474,-0.5474849343299866,0.23292428537477125,-0.9331867043253216,0.09962128088730635,-0.2549205654919472,-2.6281947820628666,-0.5069518408692127,3.0646763727871194
785,941267.9162357231,941267.9477930417,right,-0.5975882411003113,-0.24073569476604462,0.11376725137233734,-0.45040154457092285,0.484366774559021,0.7500182390213013,0.3254808485507965,1.0878889560699463,-0.9882654547691345,0.23353511780122868,-0.9307318518447754,0.0935273553842939,-0.2654284063882785,-2.6007903829440844,-0.5056392298753091,3.0842677797421785
786,941267.9362357231,941267.9616115834,right,-0.6635929346084595,-0.2641504108905792,0.13860143721103668,-0.47985491156578064,0.4775887727737427,0.7359676361083984,0.2040608525276184,1.3733813762664795,-1.2448416948318481,0.23169394488667017,-0.9277547804181602,0.08517588388833781,-0.2798823345165663,-2.563809008450882,-0.4979082188175821,3.109318543856981
787,941267.9562357231,941267.9785928334,right,-0.7355449199676514,-0.2817858159542084,0.16649848222732544,-0.5128154754638672,0.46716228127479553,0.7202637791633606,0.09196939319372177,1.474792718887329,-1.2652814388275146,0.22825739898383987,-0.9242887203788317,0.07630398733900877,-0.29625447404593075,-2.5228697796236035,-0.4860785720025768,3.1350223013787177
788,941267.9762357231,941267.989547375,right,-0.7867773175239563,-0.2757403254508972,0.18917527794837952,-0.5452738404273987,0.45433250069618225,0.7044562697410583,-0.07125081866979599,1.4778691530227661,-1.1863267421722412,0.22355937876160484,-0.9206341080827602,0.06827171042335221,-0.31271889547951315,-2.4828858360254373,-0.4716227560667335,-3.125746188427394
789,941267.9962357231,941268.029274625,right,-0.7826279997825623,-0.24650825560092926,0.1934477686882019,-0.5764715671539307,0.4383317828178406,0.6895986199378967,-0.3395160734653473,1.5146501064300537,-1.1877195835113525,0.21695287934970645,-0.9170737733677057,0.06144149337248303,-0.3288346965097087,-2.445310838363252,-0.4537418076096915,-3.108219692207341
790,941268.0162357232,941268.03179525,right,-0.770302414894104,-0.19771958887577057,0.22815543413162231,-0.6086860299110413,0.41719120740890503,0.6748725175857544,-0.6298738121986389,1.638251543045044,-1.2961914539337158,0.20749971675848414,-0.9134540732916075,0.05511777710163875,-0.3456987401751145,-2.4077138039686794,-0.43035253105176763,-3.0945145507839844
791,941268.0362357232,941268.0493670834,right,-0.7728337645530701,-0.14739550650119781,0.32069388031959534,-0.6426928639411926,0.3902653157711029,0.6592712998390198,-0.841502845287323,1.7984505891799927,-1.4430381059646606,0.19505064055959465,-0.9095388444864696,0.04873169596030865,-0.36375747121390084,-2.3689273110441453,-0.40091973057639907,-3.0837180778533835
792,941268.0562357232,941268.091908875,right,-0.7447695732116699,-0.06291158497333527,0.4178546667098999,-0.6790912747383118,0.3577898442745209,0.6409532427787781,-1.004133939743042,2.0348362922668457,-1.632207989692688,0.1799653229802706,-0.90483397206508,0.04185846405366116,-0.3835827276812816,-2.3273111309186927,-0.3658999812646839,-3.0748123229805
793,941268.0762357232,941268.0927688751,right,-0.7201294898986816,0.01091497391462326,0.4893062114715576,-0.7172772884368896,0.32142987847328186,0.6182201504707336,-1.0245074033737183,2.18552303314209,-1.6996983289718628,0.16327383768846374,-0.8988459411808442,0.0344398345459324,-0.40525492420202974,-2.282157716919726,-0.32723910982534277,-3.0671545597515504
794,941268.0962357232,941268.1321681667,right,-0.6968086361885071,0.06573479622602463,0.5640184879302979,-0.7549329996109009,0.28399476408958435,0.5911204814910889,-0.9464266300201416,2.337556838989258,-1.7795171737670898,0.14652234775169762,-0.8915459805588312,0.026571469662574714,-0.42775114160675093,-2.235091704522507,-0.28795787179147575,-3.06018370696417
795,941268.1162357233,941268.1325529584,right,-0.6245843768119812,0.11725322902202606,0.5794967412948608,-0.7934119701385498,0.24340078234672546,0.5579006671905518,-0.9924657940864563,2.639436960220337,-2.044926881790161,0.12903066493874268,-0.8824111757276281,0.017346090597453824,-0.45210685583098603,-2.1836443416307514,-0.2458705382984441,-3.0527488834968732
796,941268.1362357233,941268.1554418334,right,-0.5408295392990112,0.1940593421459198,0.5433584451675415,-0.8328485488891602,0.1965329945087433,0.5174338817596436,-1.1232612133026123,2.867103338241577,-2.2633368968963623,0.10923251889102542,-0.8710192045418986,0.006520843011611843,-0.47890625924327324,-2.1267176913350005,-0.197820686617885,-3.0463287978157014
797,941268.1562357233,941268.1858027084,right,-0.5106273293495178,0.2406110167503357,0.5309248566627502,-0.8683241009712219,0.14738498628139496,0.47359347343444824,-1.1405134201049805,2.669689893722534,-2.146986246109009,0.08843869864634869,-0.858357438608581,-0.004392032689971763,-0.5053531220872524,-2.0701095433349392,-0.14792385001769198,-3.043439517523698
798,941268.1762357233,941268.1888787501,right,-0.4312865138053894,0.28816118836402893,0.5353972315788269,-0.8963924050331116,0.10061663389205933,0.4316907823085785,-1.139926791191101,2.4228785037994385,-2.0496318340301514,0.06835213826447883,-0.8459570836756631,-0.01421451528562973,-0.5286610897530936,-2.0196052970501626,-0.10078717578083388,-3.044629524147307
799,941268.1962357233,941268.2132785,right,-0.292720228433609,0.341098815202713,0.48605960607528687,-0.9195283651351929,0.051771488040685654,0.3895987868309021,-1.3367462158203125,2.4538938999176025,-2.2647483348846436,0.04698666680495539,-0.8331979531523019,-0.024095750839056674,-0.5504478056203709,-1.9715604757416625,-0.05179463787245157,-3.0494584961801796
800,941268.2162357233,941268.253001,right,-0.18848806619644165,0.41003090143203735,0.48651373386383057,-0.9391319155693054,-0.0034865927882492542,0.3435385823249817,-1.5190649032592773,2.542706251144409,-2.502486228942871,0.022289317211522445,-0.8188708091336557,-0.034927612708531425,-0.5724803406704695,-1.9214809221667877,0.003486607868416069,-3.058774696843048
801,941268.2362357234,941268.2542464584,right,-0.15955382585525513,0.4687081277370453,0.541330099105835,-0.9533714056015015,-0.06000303477048874,0.29577481746673584,-1.4722259044647217,2.3522732257843018,-2.381592273712158,-0.0034660357725528543,-0.8036067000660753,-0.04586633047666414,-0.593380656100029,-1.8716218551053008,0.06003910962390285,-3.07180677039131
802,941268.2562357234,941268.2767365418,right,-0.10130851715803146,0.5235192179679871,0.572011411190033,-0.9616637825965881,-0.1104847863316536,0.2509901225566864,-1.3186628818511963,2.106248140335083,-2.113492488861084,-0.026915429744283022,-0.7889238829211612,-0.05562563307773939,-0.611375920490853,-1.8260969123192337,0.11071081901660312,-3.0863687868807395
803,941268.2762357234,941268.2892375417,right,0.05388466268777847,0.579489529132843,0.5275411009788513,-0.9657785296440125,-0.1565028727054596,0.20682980120182037,-1.280414342880249,2.166624069213867,-2.092724323272705,-0.04861854778998619,-0.7740997213983162,-0.06468824910995785,-0.6278704322613867,-1.7817682351064181,0.15714890736079928,-3.1019964967553784
804,941268.2962357234,941268.3307649167,right,0.1875678449869156,0.6288989186286926,0.4921948313713074,-0.9663249850273132,-0.20267176628112793,0.1585559993982315,-1.2853515148162842,2.329404592514038,-2.167137622833252,-0.07064345593691403,-0.7574802780437183,-0.07417325295496274,-0.6447723589680325,-1.7334286912712575,0.20408555332031605,-3.1198684725682635
805,941268.3162357234,941268.33140625,right,0.23923197388648987,0.6609703302383423,0.4990765452384949,-0.9629612565040588,-0.24684543907642365,0.10850290209054947,-1.1547439098358154,2.23897647857666,-2.010676622390747,-0.09193731484574628,-0.7397499124313958,-0.08379477131472284,-0.6612836183644403,-1.6829994653571525,0.24942362403937512,-3.139135546585281
806,941268.3362357235,941268.350715875,right,0.30750855803489685,0.6703421473503113,0.4589144289493561,-0.9567151665687561,-0.2841964662075043,0.06267740577459335,-0.9462982416152954,1.9467754364013672,-1.676226019859314,-0.11017637046026746,-0.7230490366406961,-0.09240582631273306,-0.675664439279874,-1.6362160613310053,0.288168266217336,3.125679212385455
807,941268.3562357235,941268.3918671667,right,0.4324204623699188,0.6646199822425842,0.36498990654945374,-0.94925856590271,-0.3136306405067444,0.02332434616982937,-0.7751990556716919,1.6634968519210815,-1.3564765453338623,-0.12478958858510303,-0.7083502676884978,-0.0995093775828401,-0.6875793425090082,-1.5953625985672424,0.31901421067603253,3.109328979603721
808,941268.3762357235,941268.3928889168,right,0.5904017686843872,0.6469735503196716,0.30360522866249084,-0.9412481188774109,-0.33751899003982544,-0.011526611633598804,-0.6228234171867371,1.5780422687530518,-1.188141942024231,-0.13672019620017606,-0.6950357362966153,-0.1056506681340309,-0.6979046121518093,-1.5585509404193292,0.3442800066721853,3.094861041647165
809,941268.3962357235,941268.4120004168,right,0.7248120903968811,0.616137683391571,0.2514384984970093,-0.9322932958602905,-0.35888636112213135,-0.04505014419555664,-0.4877494275569916,1.5843538045883179,-1.107391357421875,-0.14686919516121416,-0.6818518174675458,-0.11204049156559787,-0.7077812749241343,-1.5225121231574852,0.3670745155060019,3.082512189288302
810,941268.4162357235,941268.4544373334,right,0.829567015171051,0.5861925482749939,0.19844938814640045,-0.9227112531661987,-0.37774792313575745,-0.07687800377607346,-0.33430787920951843,1.4918107986450195,-0.9309027791023254,-0.15524214445511353,-0.6689590158083836,-0.11855327131554763,-0.7171741368250013,-1.4876709085302675,0.3873628201677493,3.072354746588278
811,941268.4362357236,941268.4555212084,right,0.9079191088676453,0.57374507188797,0.14397969841957092,-0.9141395688056946,-0.39179661870002747,-0.10413569211959839,-0.23678521811962128,1.227391004562378,-0.6201506853103638,-0.1611728750305954,-0.6577017973568466,-0.12393766100177367,-0.7253214009539275,-1.4573687671221023,0.40258355852250227,3.0645902387296964
812,941268.4562357236,941268.4843274168,right,1.0089420080184937,0.561443030834198,0.11724958568811417,-0.9078565239906311,-0.40000972151756287,-0.12565362453460693,-0.1735529601573944,0.9730708003044128,-0.3573053777217865,-0.16453674907799717,-0.6488000782416021,-0.1274036375849553,-0.7319525050932466,-1.4332632705377255,0.4115274675505343,3.0590699040194878
813,941268.4762357236,941268.495264,right,1.088578462600708,0.5562403798103333,0.1297958791255951,-0.9034841060638428,-0.4043334126472473,-0.14223599433898926,-0.037868350744247437,0.7443534731864929,-0.14439861476421356,-0.16594510045174302,-0.6419136991894218,-0.1297260517388815,-0.7372789532407882,-1.414647477953152,0.4162499249502433,3.056042468659614
814,941268.4962357236,941268.531155625,right,1.1178369522094727,0.5525782704353333,0.14526136219501495,-0.9017035961151123,-0.4046863317489624,-0.15218229591846466,0.1701945960521698,0.3987357020378113,0.1321057379245758,-0.16487233033142054,-0.6377280148783392,-0.13119403325098228,-0.7408833730935708,-1.403600044312244,0.4166358285106367,3.057322510858868
815,941268.5162357236,941268.5313532084,right,1.146209955215454,0.5502162575721741,0.11553161591291428,-0.9032919406890869,-0.400594025850296,-0.15358398854732513,0.3398613929748535,0.009404348209500313,0.38480526208877563,-0.16091493938635146,-0.6370647908071916,-0.1317440763077324,-0.7422252445285877,-1.402380058088551,0.41216509175603333,3.0640133013488127
816,941268.5362357236,941268.5556428334,right,1.1960928440093994,0.5490902066230774,0.07594244182109833,-0.9071704745292664,-0.393785297870636,-0.14823895692825317,0.4142446517944336,-0.2205546498298645,0.4448367655277252,-0.15529071387779847,-0.6391783756427998,-0.13164941165467034,-0.7416226809568519,-1.408819956730169,0.4047460174922819,3.074048752655611
817,941268.5562357237,941268.5767867084,right,1.2147910594940186,0.5543811917304993,0.060925401747226715,-0.9113245010375977,-0.38730260729789734,-0.13958674669265747,0.4433944523334503,-0.37242603302001953,0.41387391090393066,-0.14977334000367845,-0.6425493626456782,-0.13166997968661098,-0.7398387364895352,-1.4188085607444365,0.39770407531658725,3.0847181817317355
818,941268.5762357237,941268.5931033334,right,1.1666593551635742,0.5649539828300476,0.08232845366001129,-0.9162359237670898,-0.3801136910915375,-0.12659096717834473,0.5441997647285461,-0.664228081703186,0.552709698677063,-0.14388522235603682,-0.6476176902742159,-0.13151383714379586,-0.7366087794588128,-1.4335014890261468,0.38991924716452037,3.0965660120251477
819,941268.5962357237,941268.6183268334,right,1.1150256395339966,0.5705782771110535,0.1041797623038292,-0.9233652353286743,-0.36900460720062256,-0.10598140954971313,0.6835965514183044,-1.0781501531600952,0.8345472812652588,-0.13607016435171865,-0.6557641820122003,-0.1303175959336174,-0.7310783130726702,-1.4565191513027234,0.3779378286027887,3.11141824268994
820,941268.6162357237,941268.6332215834,right,1.0596622228622437,0.5691118240356445,0.12015818804502487,-0.9327736496925354,-0.3522176146507263,-0.07665525376796722,0.8157237768173218,-1.4884101152420044,1.1284573078155518,-0.12578207353447077,-0.6673951688883795,-0.1274994380077779,-0.722846071150396,-1.4888007704814679,0.35993952267544777,3.1291370351348764
821,941268.6362357237,941268.6503223334,right,0.9743327498435974,0.5474826693534851,0.14734169840812683,-0.9434472322463989,-0.32922178506851196,-0.03899006545543671,0.9458219408988953,-1.871752142906189,1.4166339635849,-0.11270945302606153,-0.6821431353299391,-0.12323049650837266,-0.7118929213454632,-1.5294926922759746,0.3354793081538327,-3.13349351253491
822,941268.6562357238,941268.6793016667,right,0.8710232973098755,0.5209552645683289,0.16479232907295227,-0.9538293480873108,-0.3002900779247284,0.005957921966910362,1.043660044670105,-2.1690244674682617,1.6362359523773193,-0.09730634191399692,-0.6993980669731455,-0.11756423775663687,-0.698249623932079,-1.577042658467048,0.304996780692043,-3.111646125993549
823,941268.6762357238,941268.6955492917,right,0.7555419206619263,0.5028558969497681,0.18848197162151337,-0.9620195627212524,-0.2673036754131317,0.055380553007125854,1.1107949018478394,-2.3156015872955322,1.7263717651367188,-0.08063650630559216,-0.7178909118689052,-0.11100883317415908,-0.6825008458642378,-1.6282999272626488,0.27059379831249647,-3.0903925484914234
824,941268.6962357238,941268.7116009584,right,0.6276753544807434,0.48480358719825745,0.21597333252429962,-0.9667946100234985,-0.23251688480377197,0.10603813827037811,1.1319442987442017,-2.3227570056915283,1.6991679668426514,-0.06355736128816875,-0.7362921985844398,-0.10436912299584418,-0.6655383922278229,-1.680039872022,0.2346647070130942,-3.0704931233165698
825,941268.7162357238,941268.7561443334,right,0.474187970161438,0.4680742025375366,0.2501547336578369,-0.9680728912353516,-0.19652095437049866,0.15560923516750336,1.136335015296936,-2.306445837020874,1.7010090351104736,-0.04613809065338593,-0.7537978020677771,-0.09794661516747526,-0.6481254078208221,-1.7301743410038197,0.1978084213820695,-3.0518676263148103
826,941268.7362357238,941268.7564031667,right,0.2952934801578522,0.4524422585964203,0.2864437699317932,-0.9658899903297424,-0.1582852602005005,0.20494398474693298,1.157461404800415,-2.407705545425415,1.8205245733261108,-0.028165290784556977,-0.7708164334953064,-0.09118149419849829,-0.6298686847409709,-1.7798770575720502,0.158953791087345,-3.034961445878579
827,941268.7562357238,941268.78557325,right,0.10911113768815994,0.4300670027732849,0.3337593674659729,-0.9596317410469055,-0.1156689003109932,0.2563741207122803,1.1841188669204712,-2.592481851577759,2.018786907196045,-0.009147237014358028,-0.7882212587146179,-0.08303220443793416,-0.6096960602072702,-1.831858248740878,0.1159284026692917,-3.020748173801972
828,941268.7762357239,941268.8017839583,right,-0.011836330406367779,0.3909311294555664,0.34866446256637573,-0.948470950126648,-0.06951826810836792,0.30914416909217834,1.1500693559646606,-2.675638198852539,2.0951178073883057,0.010521255520302624,-0.805703827034225,-0.07357629724414018,-0.5876369835599652,-1.8858778370719766,0.06957439174223133,-3.0099686456066546
829,941268.7962357239,941268.8128214168,right,-0.1075764149427414,0.36026111245155334,0.34034958481788635,-0.932589590549469,-0.022980816662311554,0.36020639538764954,1.0560953617095947,-2.6134870052337646,2.0470387935638428,0.029691135956480336,-0.8222302141651562,-0.06356665760085299,-0.5648143310099033,-1.9393875424271798,0.0229828434674944,-3.0030405135536933
830,941268.8162357239,941268.8319740001,right,-0.2022818922996521,0.33377546072006226,0.3775707483291626,-0.9129466414451599,0.021443232893943787,0.40751516819000244,0.9791741967201233,-2.497321367263794,1.937637448310852,0.04755615139009049,-0.8371850373325762,-0.053654899176678365,-0.542199955892672,-1.9906304465284375,-0.021444872469101383,-2.9996761986453944
831,941268.8362357239,941268.8558945,right,-0.29680705070495605,0.3081088364124298,0.44098618626594543,-0.8902827501296997,0.06407204270362854,0.45087867975234985,1.012421727180481,-2.413045644760132,1.873203992843628,0.06471376677447342,-0.8505771355465241,-0.04424843495266889,-0.5199738829610703,-2.0395862067871224,-0.06411595922572538,-2.998236263732087
832,941268.856235724,941268.8767550834,right,-0.3568597733974457,0.26675909757614136,0.4352506399154663,-0.8645113110542297,0.10640227794647217,0.49122172594070435,1.0425797700881958,-2.3632631301879883,1.8358732461929321,0.08198736490951722,-0.862768467479274,-0.03523473179518998,-0.49766170805375876,-2.087510919481341,-0.10660407376324904,-2.997882719166704
833,941268.876235724,941268.8917992084,right,-0.36487889289855957,0.26240652799606323,0.455238938331604,-0.8367538452148438,0.14697997272014618,0.5274844169616699,1.0436241626739502,-2.194506883621216,1.672223448753357,0.09885937946792542,-0.8735053393573464,-0.027031103242850043,-0.4759039499674029,-2.133265003041619,-0.1475143899182636,-2.9982316783798795
834,941268.896235724,941268.91548125,right,-0.44485875964164734,0.23040220141410828,0.4748154282569885,-0.8079935312271118,0.18523316085338593,0.5593169927597046,1.0421444177627563,-2.1433379650115967,1.5905804634094238,0.11520899290782391,-0.8827570136962065,-0.019964858422693153,-0.4550477917121388,-2.1762882392019764,-0.1863091266599844,-2.9985386695166567
835,941268.916235724,941268.932765,right,-0.49705174565315247,0.17869174480438232,0.46503421664237976,-0.7769113183021545,0.2227637767791748,0.5888846516609192,1.055065631866455,-2.146986961364746,1.5726382732391357,0.13144049025131935,-0.8912161055590645,-0.013274513865969813,-0.43391364767833235,-2.219386335883741,-0.2246485717797596,-2.999839858513208
836,941268.936235724,941268.95210025,right,-0.4738479554653168,0.15733091533184052,0.42197492718696594,-0.7442615628242493,0.25835755467414856,0.6158946752548218,0.9918485879898071,-2.027905225753784,1.448082685470581,0.14690541004974864,-0.8988321646691617,-0.006937875506010823,-0.4128819377766059,-2.262096724922952,-0.2613216625885883,-3.002663461605299
837,941268.956235724,941268.9844630001,right,-0.4950680434703827,0.13594405353069305,0.43237829208374023,-0.7122548818588257,0.2903271019458771,0.6390641927719116,0.9227033257484436,-1.887596607208252,1.2942789793014526,0.16099929177725808,-0.9052789237554932,-0.0014899102553080387,-0.3931247575604555,-2.3020850519768286,-0.29456863272680267,-3.006075857975447
838,941268.976235724,941268.9930023334,right,-0.5266540050506592,0.08120892196893692,0.4268203377723694,-0.6807425022125244,0.3195589780807495,0.6591449975967407,0.8916365504264832,-1.7980401515960693,1.2000373601913452,0.17409646490710642,-0.9108029739402537,0.0032375881779345495,-0.37432341944758846,-2.3400770829160256,-0.32526401225899776,-3.009887254553673
839,941268.9962357241,941269.0117755,right,-0.4780908524990082,0.05328429117798805,0.3769955337047577,-0.6503921151161194,0.3458297848701477,0.6763073801994324,0.8252270221710205,-1.58747398853302,1.0236361026763916,0.18603681864285115,-0.9154782938231338,0.00729524173882274,-0.3567023224580164,-2.3757257085172303,-0.3531230068998524,-3.014035455240672
840,941269.0162357241,941269.0554302917,right,-0.433909147977829,0.05405273661017418,0.3441251218318939,-0.6237677931785583,0.3681214153766632,0.6894927620887756,0.7306807041168213,-1.3672022819519043,0.84405118227005,0.19645898189062333,-0.9190435408322677,0.010265955461670183,-0.34155152691495244,-2.4062000076816186,-0.37698775152897823,-3.0172297706868085
841,941269.0362357241,941269.0563408334,right,-0.48992860317230225,0.03357800468802452,0.37082162499427795,-0.598236083984375,0.38969936966896057,0.7001771926879883,0.779807984828949,-1.4313491582870483,0.9338282346725464,0.2067423557523596,-0.9219110378641342,0.01298732845547034,-0.3273667934763849,-2.434545901794304,-0.4003051214779948,-3.02031640024329
842,941269.0562357241,941269.0872397918,right,-0.4958270788192749,-0.013799937441945076,0.35521256923675537,-0.5689305663108826,0.41387099027633667,0.7106538414955139,0.8834865689277649,-1.5570518970489502,1.0547659397125244,0.21825494221031472,-0.9246930166200588,0.01642546946585124,-0.3115090048433985,-2.4665022775772396,-0.4267022563801595,-3.0253300412805566
843,941269.0762357241,941269.0916231667,right,-0.390823096036911,-0.05172208696603775,0.2765350639820099,-0.5393668413162231,0.43736493587493896,0.7195798754692078,0.8541187644004822,-1.359297513961792,0.8307279348373413,0.22969449414587412,-0.9270450491296434,0.019428228043479556,-0.29572019279057776,-2.498374615719451,-0.4526663874563628,-3.0303540603987282
844,941269.0962357242,941269.1130423334,right,-0.3064180314540863,-0.0716005489230156,0.20644737780094147,-0.5167586803436279,0.45508119463920593,0.7251632213592529,0.7202554941177368,-0.9990954995155334,0.4300523102283478,0.23888966893189856,-0.928533211900517,0.020191850800183018,-0.28346099997185886,-2.52245359018833,-0.472463387937402,-3.0313868965890074
845,941269.1162357242,941269.1330574584,right,-0.33874082565307617,-0.0896683782339096,0.21302635967731476,-0.5005701780319214,0.46808648109436035,0.728233814239502,0.6569572687149048,-0.861659824848175,0.2601169943809509,0.24620272382392427,-0.9293836821026307,0.01905035722361398,-0.2743488166838604,-2.5393898596533417,-0.48712413346219813,-3.0285506243844202
846,941269.1362357242,941269.1554922084,right,-0.35527119040489197,-0.1086115688085556,0.18540985882282257,-0.48529669642448425,0.48013970255851746,0.7307208776473999,0.6276033520698547,-0.8978410959243774,0.2733496129512787,0.2531010809139914,-0.9300817859256133,0.01756008720175086,-0.26566781071569334,-2.5553454955714994,-0.5008139756725188,-3.025258948497077
847,941269.1562357242,941269.1857094584,right,-0.3119887709617615,-0.10776025801897049,0.1395283192396164,-0.46986159682273865,0.4915168881416321,0.7332401871681213,0.5585454106330872,-0.848719596862793,0.23445551097393036,0.2595724172084232,-0.9307840037911125,0.016163690997741995,-0.2569085985948485,-2.5717109937383515,-0.5138307122349643,-3.0227151390199984
848,941269.1762357242,941269.1929903334,right,-0.2901650667190552,-0.10303270071744919,0.11905922740697861,-0.45620429515838623,0.5009965896606445,0.7354455590248108,0.46334409713745117,-0.7552472949028015,0.1765468269586563,0.265038593020357,-0.9314016964311642,0.014618473624925424,-0.249061804217684,-2.5863730633108672,-0.5247499296572314,-3.020212478465913
849,941269.1962357243,941269.2154935417,right,-0.30475756525993347,-0.09463493525981903,0.14089247584342957,-0.4435279667377472,0.5091525912284851,0.7375950813293457,0.41634899377822876,-0.7168314456939697,0.2173600047826767,0.2696917264111083,-0.9319977374930629,0.01333400887621664,-0.24180318953761423,-2.600205930651294,-0.534199893076084,-3.018623490638008
850,941269.2162357243,941269.2330077084,right,-0.30224016308784485,-0.08640003949403763,0.14561893045902252,-0.4304714500904083,0.5169893503189087,0.7398757338523865,0.3803146779537201,-0.6873786449432373,0.2857881784439087,0.27395423113841394,-0.9326168951867233,0.012792159144000649,-0.23454450609122585,-2.614651245424656,-0.5433300520412958,-3.019031888964254
851,941269.2362357243,941269.254312125,right,-0.3091500997543335,-0.11052397638559341,0.14989513158798218,-0.41728681325912476,0.5249273777008057,0.7418372631072998,0.3522665500640869,-0.6409972906112671,0.3362545967102051,0.2780952971490116,-0.9331393825723435,0.013021327103687702,-0.22747357167701063,-2.629199853250895,-0.5526297710994692,-3.02120854303828
852,941269.2562357243,941269.2912847501,right,-0.31016603112220764,-0.1453286111354828,0.13654401898384094,-0.40492692589759827,0.5329664945602417,0.7429541945457458,0.3478723168373108,-0.5337870121002197,0.32673388719558716,0.28224310447107676,-0.9334287832727278,0.013704880429772283,-0.22104690802667828,-2.642578863615219,-0.5621026674091938,-3.0240921053075254
853,941269.2762357243,941269.2927770833,right,-0.31759172677993774,-0.17958517372608185,0.11430010199546814,-0.39506053924560547,0.540684163570404,0.7426895499229431,0.3568544089794159,-0.3663620054721832,0.26540014147758484,0.28630594687630806,-0.9333468674555132,0.014437003006845936,-0.21606504491783463,-2.6527268610573684,-0.5712502111403547,-3.026300556769965
854,941269.2962357244,941269.313132375,right,-0.3557208478450775,-0.2204839438199997,0.1029995009303093,-0.38847413659095764,0.5477489233016968,0.740985095500946,0.34386107325553894,-0.18767458200454712,0.1810082644224167,0.29015956895840045,-0.93288156454418,0.014985220394468788,-0.21287284018409988,-2.6587204143997383,-0.5796712477059143,-3.02710601240424
855,941269.3162357244,941269.3442230001,right,-0.41160738468170166,-0.2588166892528534,0.09882558137178421,-0.3856130838394165,0.5536937713623047,0.7380555868148804,0.3057691156864166,-0.006795468740165234,0.09296707808971405,0.29354730014418845,-0.9320914072267399,0.015278738598594134,-0.2116654456107354,-2.660129909593079,-0.586793545807388,-3.0263105619920174
856,941269.3362357244,941269.3780441667,right,-0.48584359884262085,-0.3028169870376587,0.10441465675830841,-0.38599440455436707,0.5581828355789185,0.7344661355018616,0.2341756373643875,0.14635922014713287,0.026966599747538567,0.2962088094709884,-0.9311249063377905,0.015476341542942855,-0.21219645686155442,-2.6577192458854677,-0.5921941005045771,-3.0245533275037255
857,941269.3562357244,941269.3787722917,right,-0.5686532258987427,-0.3454287350177765,0.11884751915931702,-0.3892236351966858,0.5607855319976807,0.7307696342468262,0.11735343933105469,0.27636682987213135,-0.03894294798374176,0.2978471425050897,-0.9301286979511808,0.01566687492876467,-0.21424790481611883,-2.6521897586745267,-0.5953342598217606,-3.0223653603378224
858,941269.3762357244,941269.395631375,right,-0.6529659032821655,-0.37292107939720154,0.15165984630584717,-0.39516034722328186,0.5609634518623352,0.7274395823478699,-0.026805004104971886,0.42207589745521545,-0.11819373071193695,0.29812187306790805,-0.9292295517170734,0.01588292089385723,-0.21772359127241492,-2.6439691533676704,-0.5955491915306937,-3.020137409986283
859,941269.3962357244,941269.4144222084,right,-0.7295958399772644,-0.39903292059898376,0.176781564950943,-0.40416237711906433,0.5579259395599365,0.7248250246047974,-0.21355588734149933,0.5709996819496155,-0.20622698962688446,0.29656425619528437,-0.9285213633678269,0.016143716864310754,-0.22279381230558987,-2.632933384939921,-0.5918844923421693,-3.01817203070125
860,941269.4162357245,941269.456757875,right,-0.7785777449607849,-0.40920135378837585,0.20795491337776184,-0.41651150584220886,0.5509698390960693,0.7231529951095581,-0.42814818024635315,0.7385546565055847,-0.3309667408466339,0.292796793631013,-0.9280677238860788,0.016334822638443876,-0.2295505988033754,-2.619032842649314,-0.5835259436841319,-3.0165207661258733
861,941269.4362357245,941269.4579154584,right,-0.8066723942756653,-0.4046099781990051,0.24316301941871643,-0.4329491853713989,0.5396216511726379,0.7220549583435059,-0.6602280735969543,0.923947811126709,-0.49023526906967163,0.28664353759984135,-0.9277735680222982,0.016239269011085116,-0.23834420363241446,-2.601462275701674,-0.5699876682007414,-3.014746100836341
862,941269.4562357245,941269.4767467501,right,-0.819348931312561,-0.37376850843429565,0.300616055727005,-0.4540327489376068,0.5235750079154968,0.7209181785583496,-0.8508739471435547,1.1417440176010132,-0.6797972321510315,0.27806133211609135,-0.9274781550839964,0.015601383890313314,-0.24944467761901765,-2.5795507119028636,-0.5510416612687207,-3.0123782029797326
863,941269.4762357245,941269.4928570001,right,-0.8171229362487793,-0.32699549198150635,0.3726491332054138,-0.4805232584476471,0.502548336982727,0.7187086343765259,-1.0204458236694336,1.402179479598999,-0.9201363921165466,0.26709116985528025,-0.9269068082911588,0.014075430784338316,-0.26326382552482014,-2.5522579917878105,-0.5265438660295084,-3.0087194348450983
864,941269.4962357245,941269.515719625,right,-0.7987659573554993,-0.26594793796539307,0.4262236952781677,-0.5127124190330505,0.47595345973968506,0.7145586013793945,-1.1987686157226562,1.6507251262664795,-1.1749460697174072,0.2536182008258005,-0.9258245504912394,0.011324303011810978,-0.2799971434841222,-2.519202770430254,-0.4960478420605316,-3.0035076399339036
865,941269.5162357246,941269.5505115001,right,-0.7806618213653564,-0.1914178729057312,0.478497713804245,-0.5492796301841736,0.4443218410015106,0.7077218294143677,-1.324192762374878,1.8151861429214478,-1.357975959777832,0.23802073796971943,-0.9240160114455489,0.0074411318223449215,-0.29914085434264037,-2.4815810735543558,-0.4604171302582747,-2.997488348130507
866,941269.5362357246,941269.5542460834,right,-0.7591478824615479,-0.10681626945734024,0.5252982974052429,-0.5875036120414734,0.4089258015155792,0.6982970237731934,-1.4154380559921265,1.8959120512008667,-1.4636598825454712,0.22088045496347486,-0.9214880198413183,0.002892924265557805,-0.3194732422801574,-2.442149137801005,-0.42127664394457925,-2.9922278314226864
867,941269.5562357246,941269.576940875,right,-0.7053987383842468,-0.020165005698800087,0.550513505935669,-0.626559853553772,0.3701176047325134,0.6858828067779541,-1.5241763591766357,2.028656005859375,-1.6121963262557983,0.20238157335743204,-0.9181157832945988,-0.002203810090033596,-0.3407346864820441,-2.4013642616916306,-0.3791356120414175,-2.988175720592828
868,941269.5762357246,941269.5942893334,right,-0.631004810333252,0.05910363420844078,0.541722297668457,-0.6673467755317688,0.32648465037345886,0.6693701148033142,-1.6593663692474365,2.2184488773345947,-1.8231894969940186,0.18196040384446527,-0.9135739598168737,-0.00822870258831931,-0.3636006429346147,-2.3577082192351067,-0.33258202473252146,-2.9850543479865146
869,941269.5962357246,941269.6142789584,right,-0.5788362622261047,0.1474969983100891,0.5737425088882446,-0.7091720104217529,0.2778669595718384,0.6479698419570923,-1.7265087366104126,2.3516926765441895,-1.9811967611312866,0.1596212077642895,-0.9076070690847959,-0.015309299578277922,-0.3879898071696581,-2.3111287599895145,-0.28157291927611894,-2.983059999782426
870,941269.6162357247,941269.6545292501,right,-0.5426284670829773,0.23655158281326294,0.6132125854492188,-0.7493230700492859,0.2264428436756134,0.6222847700119019,-1.739214539527893,2.3656492233276367,-2.0197255611419678,0.13628203671221742,-0.9003414866989331,-0.02297060813679119,-0.41265568213571047,-2.263838114160467,-0.22842409890794743,-2.9829880242372573
871,941269.6362357247,941269.6553574584,right,-0.4760647416114807,0.3255126476287842,0.6135013699531555,-0.7859774231910706,0.17425471544265747,0.5931904315948486,-1.7452678680419922,2.339392900466919,-2.0028536319732666,0.11268064844957174,-0.8919955546606777,-0.030646323065901565,-0.4367010978816806,-2.217309526956353,-0.17514884691195146,-2.9854926446807823
872,941269.6562357247,941269.6841705,right,-0.39804795384407043,0.39348238706588745,0.6213647127151489,-0.8188263177871704,0.12224774807691574,0.5608735084533691,-1.7114288806915283,2.3222508430480957,-1.9898983240127563,0.08917745037865249,-0.8825959849977442,-0.03822466036090915,-0.4600115838524127,-2.171365435902556,-0.12255430110966961,-2.990367832133321
873,941269.6762357247,941269.69559525,right,-0.3220532238483429,0.4506390392780304,0.6440913081169128,-0.8480338454246521,0.0705399364233017,0.5252262353897095,-1.6371381282806396,2.3546435832977295,-2.0374815464019775,0.06598538258664209,-0.8720575287783525,-0.04613938681713488,-0.4827346606811818,-2.125319496961193,-0.07059856799025532,-2.996545270215578
874,941269.6962357247,941269.7309109584,right,-0.2347719818353653,0.5030158162117004,0.6323354244232178,-0.8741219639778137,0.018076671287417412,0.485370010137558,-1.5930532217025757,2.4501290321350098,-2.146552562713623,0.04283995800674453,-0.8600341865294935,-0.05501136395015921,-0.5054500170655657,-2.0776734536560686,-0.018077651793608304,-3.0031985470961944
875,941269.7162357247,941269.7340095834,right,-0.1499059945344925,0.5507001876831055,0.601592481136322,-0.8967952728271484,-0.035293664783239365,0.44103631377220154,-1.5545072555541992,2.5149459838867188,-2.1996452808380127,0.019557360000724888,-0.8463613781862825,-0.06473502957618923,-0.5282986427087751,-2.0278557271427466,0.03530099952261177,-3.010897029716263
876,941269.7362357248,941269.7768027501,right,-0.07319934666156769,0.5880525708198547,0.5618293285369873,-0.9150169491767883,-0.08706898987293243,0.39390772581100464,-1.4684921503067017,2.457446813583374,-2.0929012298583984,-0.0030149823774175016,-0.8315042311918855,-0.07452936350484077,-0.550488095118908,-1.977309856439316,0.08717938472476879,-3.020211470251983
877,941269.7562357248,941269.7829886251,right,0.036201220005750656,0.6089411377906799,0.5321474671363831,-0.9284535646438599,-0.13459309935569763,0.34620586037635803,-1.341984748840332,2.392465114593506,-1.931744933128357,-0.023999706485289037,-0.8161665590137214,-0.08351720758732868,-0.5712451134375556,-1.9277110403527349,0.1350028238497602,-3.03146161158276
878,941269.7762357248,941269.7939400834,right,0.15550477802753448,0.6100131273269653,0.4660102128982544,-0.9379096031188965,-0.1778458058834076,0.2978191077709198,-1.2321178913116455,2.361633777618408,-1.7999266386032104,-0.04322682399244707,-0.8002858975610134,-0.09193518667785215,-0.5909498882124941,-1.8782617120229772,0.17879693054565357,-3.0438217054684054
879,941269.7962357248,941269.8198859168,right,0.23515640199184418,0.5922983884811401,0.36745983362197876,-0.9438257813453674,-0.21656851470470428,0.2495812177658081,-1.1336534023284912,2.253037452697754,-1.6043504476547241,-0.06063950841029974,-0.7841315107858857,-0.09964149122124091,-0.6095343587767053,-1.8293147875545892,0.2182981979626275,-3.057150334276907
880,941269.8162357248,941269.8341333751,right,0.32016366720199585,0.5745348334312439,0.2955569624900818,-0.9466754794120789,-0.24973593652248383,0.20356202125549316,-1.029974341392517,2.0684292316436768,-1.3834694623947144,-0.07603783944765959,-0.7684621843217261,-0.10605152368595341,-0.6264480746658507,-1.7825996324600493,0.252407559247166,-3.0715936695192307
881,941269.8362357249,941269.8543565001,right,0.39013880491256714,0.5547823905944824,0.23423171043395996,-0.9470914602279663,-0.27740609645843506,0.1614418476819992,-0.95522141456604,1.8336061239242554,-1.181213140487671,-0.08947299377702174,-0.753908439207332,-0.11109922186483087,-0.6413061370836829,-1.7396342821802768,0.2810932070444229,-3.086651693337038
882,941269.8562357249,941269.8842705,right,0.4964492917060852,0.5469756722450256,0.18541467189788818,-0.945487380027771,-0.3017624020576477,0.1224466934800148,-0.9292130470275879,1.7465075254440308,-1.1541520357131958,-0.1018628814234487,-0.7402191795766746,-0.11532111273555201,-0.6545231972605783,-1.6995860289346505,0.306540693345275,-3.1023721764566603
883,941269.8762357249,941269.8956686667,right,0.6037399172782898,0.5606817007064819,0.18017978966236115,-0.9413525462150574,-0.3270663321018219,0.0829630121588707,-0.9342555999755859,1.8175429105758667,-1.3106497526168823,-0.11486414192477115,-0.725987959829461,-0.12009592819528198,-0.6673264947845647,-1.658701008161269,0.3331975217796267,-3.119291761731888
884,941269.8962357249,941269.936983875,right,0.6599683165550232,0.5610029101371765,0.18867962062358856,-0.9345404505729675,-0.35327866673469543,0.042759984731674194,-0.8383350968360901,1.78506338596344,-1.3129123449325562,-0.1281328467868778,-0.7110212796383671,-0.1258124693891118,-0.6798543960123905,-1.6165196252194178,0.3610734645174144,-3.1365822252148603
885,941269.9162357249,941269.9375923751,right,0.7198531031608582,0.5406888127326965,0.16553741693496704,-0.9264023303985596,-0.37649425864219666,0.0055582900531589985,-0.6431861519813538,1.6219218969345093,-1.1113481521606445,-0.1395851875130051,-0.6967411858087922,-0.13164691348276034,-0.6911851007623622,-1.576796217721222,0.38600919799570466,3.1313263303048013
886,941269.936235725,941269.9807179584,right,0.806476354598999,0.5295180678367615,0.11058580130338669,-0.9183046221733093,-0.3949272036552429,-0.027371907606720924,-0.4761614203453064,1.4949626922607422,-0.892585277557373,-0.14830192399977274,-0.6837746786977182,-0.1369900698285953,-0.7012078891141712,-1.5409982437473448,0.405988647833424,3.1191242398521735
887,941269.956235725,941269.9817700834,right,0.8813868761062622,0.5376195311546326,0.0733192190527916,-0.9106847047805786,-0.40911200642585754,-0.05727940797805786,-0.3758244216442108,1.393269419670105,-0.6787044405937195,-0.15472287992687797,-0.6717903584180774,-0.14162645967254636,-0.7104228314938481,-1.5079820884859523,0.42148070280049243,3.10920204978629
888,941269.976235725,941269.9955770001,right,0.9208726286888123,0.5555083751678467,0.067339688539505,-0.9044828414916992,-0.41828596591949463,-0.08335327357053757,-0.2813163697719574,1.1471967697143555,-0.3523903489112854,-0.15884988024297703,-0.661319041662828,-0.14484658481493218,-0.7186399816399509,-1.4789002640379985,0.43155748332842053,3.1011417804679593
889,941269.996235725,941270.0155935001,right,0.9399890303611755,0.5613980293273926,0.07668058574199677,-0.9016875624656677,-0.42018604278564453,-0.10199551284313202,-0.1382916420698166,0.6991288065910339,0.11623954027891159,-0.15980468719871846,-0.6540578298027943,-0.1456387414129184,-0.7248862506959589,-1.4581589562202417,0.4336503450037689,3.096209642922224
890,941270.016235725,941270.0359917501,right,0.9844763278961182,0.5369897484779358,0.07253910601139069,-0.9035541415214539,-0.4139707088470459,-0.11053494364023209,-0.006504782475531101,0.19602784514427185,0.5294232964515686,-0.15710726250040064,-0.6512159335251929,-0.14370239545658497,-0.7284124267926371,-1.4490677588285852,0.4268118026097319,3.095750341645519
891,941270.036235725,941270.0559439583,right,1.0405019521713257,0.5054141879081726,0.06290673464536667,-0.9090868234634399,-0.40189337730407715,-0.10973922163248062,0.11551772803068161,-0.20036567747592926,0.7715038061141968,-0.15177597874605184,-0.6523757324819994,-0.13977245267402563,-0.7292691778293635,-1.4506640046136021,0.41358366364587945,3.098985727999757
892,941270.0562357251,941270.0905412084,right,1.0940272808074951,0.4818929135799408,0.05830680951476097,-0.9161372184753418,-0.3875511586666107,-0.10245346277952194,0.20563314855098724,-0.42787477374076843,0.8056573867797852,-0.14531260666663945,-0.6561219191022634,-0.13519371191736726,-0.728087183681325,-1.459427153374718,0.3979736917505281,3.104491943513308
893,941270.0762357251,941270.0956275418,right,1.1178741455078125,0.4747326374053955,0.07373175770044327,-0.9230009317398071,-0.37382593750953674,-0.09123115986585617,0.29380086064338684,-0.5885509252548218,0.7480349540710449,-0.13880767825164697,-0.6612034586668465,-0.13112761426354408,-0.7254983343362126,-1.4722745464284523,0.3831306440158675,3.1113935008098217
894,941270.0962357251,941270.11556325,right,1.1000120639801025,0.4752339720726013,0.10874651372432709,-0.9297220706939697,-0.36041414737701416,-0.07562137395143509,0.42584189772605896,-0.8152347207069397,0.7632092237472534,-0.13186441506209096,-0.6677351565183973,-0.12774630103667356,-0.7214031389491679,-1.4896374717441931,0.36871187355104357,3.120521657456654
895,941270.1162357251,941270.1506699168,right,1.069634199142456,0.476528525352478,0.1484479308128357,-0.9368085861206055,-0.3456396758556366,-0.054062627255916595,0.6545161604881287,-1.1043004989624023,0.9035360813140869,-0.12337303573365706,-0.6762826125344986,-0.12494222411292574,-0.715409179280203,-1.5131509951444788,0.352920421824714,3.1335659682997443
896,941270.1362357251,941270.155589625,right,1.01644766330719,0.4597517251968384,0.15967535972595215,-0.9446031451225281,-0.32727164030075073,-0.024864062666893005,0.896979808807373,-1.4338327646255493,1.1162238121032715,-0.11253599693151266,-0.6875155203025702,-0.12202631908446673,-0.7069425007505401,-1.544480267053711,0.33341479270351065,-3.132409818446375
897,941270.1562357252,941270.1879897917,right,0.9648914933204651,0.4343852698802948,0.13829831779003143,-0.9523532390594482,-0.30479803681373596,0.011023561470210552,1.0113478899002075,-1.6640527248382568,1.2313826084136963,-0.09943793284407744,-0.7009999586912667,-0.11878924045230534,-0.6961323834794672,-1.5823709808322022,0.30972638030647465,-3.1120859867915214
898,941270.1762357252,941270.1953812084,right,0.911957323551178,0.42187249660491943,0.12292911112308502,-0.9584648013114929,-0.280842661857605,0.04972605034708977,1.0316320657730103,-1.744375467300415,1.1997332572937012,-0.08572359159440067,-0.715180540297707,-0.11567136528533595,-0.6839505949335097,-1.62263088325513,0.2846720210032982,-3.091360306897422
899,941270.1962357252,941270.2615532083,right,0.7791810631752014,0.4313473701477051,0.15991343557834625,-0.9624993205070496,-0.2554726302623749,0.09126338362693787,1.0463343858718872,-1.8792577981948853,1.2825831174850464,-0.07177682743250617,-0.7300671329394011,-0.11239981022539351,-0.6702361385966558,-1.6653329420901621,0.2583365285420914,-3.071300188644366
900,941270.2162357252,941270.26159775,right,0.6442200541496277,0.43987295031547546,0.19733603298664093,-0.964349091053009,-0.22915326058864594,0.13236218690872192,1.0610365867614746,-2.0141401290893555,1.365432858467102,-0.05778590888266676,-0.7445046938287343,-0.10905915770025751,-0.6561095449763886,-1.7071995784381615,0.2312077159972182,-3.0525463395105423
901,941270.2362357252,941270.2617234167,right,0.5021284222602844,0.4520122706890106,0.2325250506401062,-0.9639869332313538,-0.19875143468379974,0.1767105758190155,1.0887144804000854,-2.172412157058716,1.533213496208191,-0.04277710174706133,-0.7598975133756748,-0.10445624213611666,-0.6401676598997349,-1.7520957605664533,0.20008378265169974,-3.0352928016858907
902,941270.2562357252,941270.2930501667,right,0.3671042323112488,0.45097458362579346,0.27691683173179626,-0.9607771635055542,-0.16391873359680176,0.22369176149368286,1.1222796440124512,-2.3134779930114746,1.6756585836410522,-0.026678228089619175,-0.7759901542039535,-0.09841345387198647,-0.6224487242065282,-1.7995450433893927,0.1646618277326374,-3.0201312870686783
903,941270.2762357253,941270.2967004584,right,0.21472766995429993,0.42506179213523865,0.30931636691093445,-0.9538976550102234,-0.12506511807441711,0.2728329002857208,1.1453925371170044,-2.4843833446502686,1.8105504512786865,-0.00943432325901306,-0.7925134810087966,-0.09131742390271456,-0.6029050194497098,-1.849377796215128,0.12539346945770197,-3.0067645442999935
904,941270.2962357253,941270.316782125,right,0.07315168529748917,0.3957449793815613,0.3368362784385681,-0.9426440000534058,-0.08306008577346802,0.32330045104026794,1.097235918045044,-2.5758349895477295,1.8689793348312378,0.008541331169553504,-0.8091436780985236,-0.0832873244369957,-0.5816156294166381,-1.9011964978090719,0.0831558937019983,-2.9958571455931495
905,941270.3162357253,941270.350283,right,-0.007690499536693096,0.38742512464523315,0.3764345049858093,-0.9274970293045044,-0.04181157425045967,0.371484637260437,0.9937033653259277,-2.410189628601074,1.7191935777664185,0.025582293930391905,-0.8246917824894061,-0.07500551250857279,-0.5600027859393106,-1.9517542632928437,0.04182376891705437,-2.988496753040129
906,941270.3362357253,941270.35762525,right,-0.06896954774856567,0.386848509311676,0.4329289495944977,-0.9105380773544312,-0.004966564942151308,0.4133952558040619,0.9154680371284485,-2.108462333679199,1.4899307489395142,0.040687843242688884,-0.8379203356527659,-0.06772873936091255,-0.5400433443710303,-1.9969817401255305,0.004966587713639418,-2.983483811243381
907,941270.3562357253,941270.3907032917,right,-0.15554426610469818,0.397409051656723,0.4979588985443115,-0.8928901553153992,0.029027359560132027,0.4493377208709717,0.9826496839523315,-1.944962978363037,1.4719620943069458,0.05482265876161486,-0.8490587243838301,-0.061385627367012204,-0.5218481728177582,-2.0370323911521453,-0.02903143636824894,-2.979355593088297
908,941270.3762357254,941270.407728875,right,-0.30969884991645813,0.3792532682418823,0.5322326421737671,-0.872273325920105,0.06691505759954453,0.48441874980926514,1.107694149017334,-2.161504030227661,1.7863236665725708,0.0705555677816498,-0.8598147675649136,-0.054110859387507086,-0.5028046169114555,-2.077739366539999,-0.06696509601992956,-2.9764729852840555
909,941270.3962357254,941270.4164507084,right,-0.4203278720378876,0.33836299180984497,0.5293516516685486,-0.8452942967414856,0.11234591901302338,0.5223561525344849,1.2209627628326416,-2.4800662994384766,2.1036903858184814,0.0891255334315507,-0.8713088816888537,-0.0447096517636113,-0.48049822142814236,-2.124315593782703,-0.11258360488236091,-2.9762369187679343
910,941270.4162357254,941270.453089875,right,-0.4575408697128296,0.2734823226928711,0.5073863863945007,-0.812070369720459,0.161012202501297,0.5609070658683777,1.2180842161178589,-2.5295348167419434,2.0381226539611816,0.10901353891562147,-0.8827585169483978,-0.03451070630130525,-0.4556999816866476,-2.1752618648759072,-0.16171615217491303,-2.978467014383931
911,941270.4362357254,941270.4563943751,right,-0.4339636564254761,0.21217003464698792,0.48817193508148193,-0.7781972289085388,0.20398685336112976,0.5939682722091675,1.128115177154541,-2.161613941192627,1.5583616495132446,0.1271337815856869,-0.8923463810047078,-0.0264975125567073,-0.4322647173979817,-2.222731255344495,-0.20542869552479132,-2.9803172580604347
912,941270.4562357254,941270.4782749584,right,-0.42709246277809143,0.18304741382598877,0.43505701422691345,-0.7491137981414795,0.23693792521953583,0.6186185479164124,1.0290123224258423,-1.7205983400344849,1.0818758010864258,0.1418284501512346,-0.8993472822971659,-0.021994913383222372,-0.41300773474998387,-2.261072566342978,-0.2392128083219094,-2.9795768901666375
913,941270.4762357255,941270.4980676251,right,-0.5151922106742859,0.16219915449619293,0.4648229479789734,-0.7234397530555725,0.264875590801239,0.6375548243522644,1.115302562713623,-1.6316096782684326,1.017549991607666,0.1549694983476513,-0.9046517743171341,-0.01956057632332351,-0.3964935241661834,-2.293173597061444,-0.2680748910611981,-2.9767039612929693
914,941270.4962357255,941270.5317807917,right,-0.6365470290184021,0.09458027780056,0.4874435067176819,-0.6942227482795715,0.2966805100440979,0.6557710766792297,1.3065779209136963,-1.8906852006912231,1.3023704290390015,0.16998432338737285,-0.9097298931973626,-0.016645951260205367,-0.37844397825693443,-2.327719415167841,-0.30121478910938443,-2.9743751296333008
915,941270.5162357255,941270.5367580834,right,-0.6080002188682556,0.020568521693348885,0.3820644021034241,-0.6595766544342041,0.33316662907600403,0.6737643480300903,1.332768440246582,-1.9379448890686035,1.3854061365127563,0.18699862873621012,-0.9147274565005781,-0.012485247473088726,-0.3579793801289763,-2.366834891125356,-0.33966010762740706,-2.974596466032317
916,941270.5362357255,941270.5801095001,right,-0.4914777874946594,0.001355046289972961,0.30078834295272827,-0.6270931959152222,0.36602023243904114,0.6875926852226257,1.1668815612792969,-1.5163191556930542,1.0388439893722534,0.2025517599025004,-0.9185401685898837,-0.008962934561969078,-0.3393766948101327,-2.40218032506382,-0.3747288765206559,-2.9754008503352796
917,941270.5562357255,941270.581221875,right,-0.4938524067401886,-0.02003372833132744,0.2952529489994049,-0.6022481918334961,0.39170342683792114,0.6956048607826233,1.0245238542556763,-1.170609474182129,0.7695814967155457,0.2152606684985778,-0.9207336558099735,-0.007210509634306755,-0.32536221578415,-2.4280024899147445,-0.4024822346036515,-2.97413945728266
918,941270.5762357255,941270.5968342084,right,-0.5460768938064575,-0.08196136355400085,0.27983587980270386,-0.5797349810600281,0.41502752900123596,0.701184093952179,0.9874994158744812,-1.1763887405395508,0.8360565900802612,0.22693656687920127,-0.9222579399298972,-0.005689569654776835,-0.31290194780631725,-2.4507260040170955,-0.42797307997635115,-2.9731663104071506
919,941270.5962357256,941270.6434268334,right,-0.48258253931999207,-0.11570048332214355,0.21512019634246826,-0.5558770895004272,0.43835651874542236,0.7062888145446777,0.8800684809684753,-1.1155954599380493,0.8515878319740295,0.23838258761134884,-0.9236521149148852,-0.0033471695125458813,-0.30004868816717517,-2.4748047528000146,-0.4537693482217377,-2.974781121074327
920,941270.6162357256,941270.6438410417,right,-0.36431413888931274,-0.09155510365962982,0.19670087099075317,-0.5357316732406616,0.4578578472137451,0.7094769477844238,0.7289144992828369,-0.7739389538764954,0.6391109824180603,0.24797332481099674,-0.9245200064066187,-0.0011311046837655069,-0.28943161321552374,-2.4948306025015037,-0.47558414473076865,-2.9770377968897175
921,941270.6362357256,941270.6606017083,right,-0.3759031593799591,-0.09248469024896622,0.2064618170261383,-0.5202187299728394,0.47342535853385925,0.7108027935028076,0.605434000492096,-0.6595289707183838,0.6179689168930054,0.25567030217372383,-0.9248787215854689,0.0008834232222398281,-0.2814803804572021,-2.5097929488907886,-0.49317552094031825,-2.9793321127126764
922,941270.6562357256,941270.6607049167,right,-0.38769564032554626,-0.09323953092098236,0.2166394740343094,-0.5045027136802673,0.4888179898262024,0.7117120623588562,0.4819534718990326,-0.5451189279556274,0.5968268513679504,0.26333487836303476,-0.9251203486122657,0.002897850127685961,-0.27349354793803204,-2.5249465628114653,-0.5107343275864512,-2.981950140096146
923,941270.6762357256,941270.6777657084,right,-0.4004640579223633,-0.11052189022302628,0.22365741431713104,-0.4856322109699249,0.5047712922096252,0.7136996984481812,0.5512343645095825,-0.9648356437683105,1.010219931602478,0.2706678247302995,-0.9256355283706458,0.006982343404968919,-0.26436536746481676,-2.544112987663008,-0.5291170045098752,-2.9902085949293262
924,941270.6962357257,941270.7211834583,right,-0.28191637992858887,-0.10562294721603394,0.18999162316322327,-0.4601230025291443,0.5229166746139526,0.7175268530845642,0.5200914144515991,-0.9981586337089539,1.0219215154647827,0.27874317397822557,-0.9266094567779569,0.012584993219553973,-0.25206892906680844,-2.571384500673926,-0.5502691812025717,-3.003656276988654
925,941270.7162357257,941270.7217043751,right,-0.21778695285320282,-0.13984282314777374,0.14786860346794128,-0.4389111399650574,0.5377121567726135,0.7198770642280579,0.4409506022930145,-0.6979854106903076,0.6641464233398438,0.28558503882309877,-0.9271761631044521,0.01682050188097429,-0.24187337643042586,-2.5940692839861144,-0.5677212224416868,-3.01438943280375
926,941270.7362357257,941270.7380655834,right,-0.22504518926143646,-0.18228517472743988,0.0838947668671608,-0.42602309584617615,0.5470442771911621,0.7205876708030701,0.32864317297935486,-0.37405824661254883,0.2958771884441376,0.29020130497374047,-0.9273313868589982,0.018718520488767397,-0.2355615858638974,-2.60765700481775,-0.5788292657324464,-3.019435544450679
927,941270.7562357257,941270.7629259584,right,-0.2556896507740021,-0.1581195890903473,0.066438689827919,-0.4201180636882782,0.5522685050964355,0.7200695276260376,0.21089161932468414,-0.18891876935958862,0.1301022619009018,0.29303747305132016,-0.9271846045441244,0.01906604172500789,-0.23258158334169413,-2.6134380179998034,-0.5850828907825466,-3.0201973740468713
928,941270.7762357257,941270.7780659167,right,-0.33459722995758057,-0.12549476325511932,0.1244165226817131,-0.4148782789707184,0.5567031502723694,0.7196927070617676,0.21646080911159515,-0.2912713587284088,0.30071520805358887,0.2953592558406433,-0.9270696152226907,0.01970559077003745,-0.23003595236429072,-2.618657523835993,-0.5904118179455047,-3.021709929364024
929,941270.7962357257,941270.79821875,right,-0.38770046830177307,-0.14194120466709137,0.14261417090892792,-0.40358564257621765,0.5640417337417603,0.7203994989395142,0.28324660658836365,-0.561221718788147,0.6130720973014832,0.2988034026512608,-0.9272060779941751,0.02210601812528443,-0.2247592535151024,-2.6309333445896796,-0.599272298998005,-3.0283329046220837
930,941270.8162357258,941270.8231273334,right,-0.3648985028266907,-0.17813432216644287,0.11939603835344315,-0.3865811228752136,0.5740653276443481,0.7218058109283447,0.30712825059890747,-0.6456112265586853,0.7301234006881714,0.30338088506716937,-0.9274826331923067,0.026055725113098133,-0.2169262547121454,-2.649891849361297,-0.611462211490057,-3.039695415491374
931,941270.8362357258,941270.8443659167,right,-0.2997596263885498,-0.19144125282764435,0.08777138590812683,-0.3714165687561035,0.5827591419219971,0.7228008508682251,0.2150079309940338,-0.3880910575389862,0.4961737096309662,0.30737380952427285,-0.92763994024724,0.029742314523157162,-0.21004945562129143,-2.6669207838785125,-0.6221198556307749,-3.050471013802575
932,941270.8562357258,941270.8768604584,right,-0.2847467362880707,-0.19663970172405243,0.07084889709949493,-0.3646291494369507,0.5874427556991577,0.7224658727645874,0.09586825966835022,-0.0528876893222332,0.1634824573993683,0.3095884397642804,-0.9274821492801038,0.03177785136126736,-0.20717660923907377,-2.674191517837697,-0.6278952495610979,-3.0558145732367157
933,941270.8762357258,941270.8780305,right,-0.352453351020813,-0.21537071466445923,0.06955018639564514,-0.3639652132987976,0.5892982482910156,0.7212880253791809,0.05902132764458656,0.05150603502988815,0.047444142401218414,0.3105509278013412,-0.9271409222815296,0.032461642239144425,-0.20715683146378847,-2.6742682924736125,-0.6301899710379667,-3.0567388376228997
934,941270.8962357258,941270.8979561668,right,-0.40081787109375,-0.22506123781204224,0.058866046369075775,-0.36371371150016785,0.5905929207801819,0.7203556299209595,0.05775664001703262,0.013449960388243198,0.09084682911634445,0.31120029630924945,-0.9268681119186214,0.033065929646080794,-0.20730776456104866,-2.674026025942373,-0.6317933799033667,-3.0575588234748867
935,941270.9162357259,941270.9183279584,right,-0.42636406421661377,-0.22707857191562653,0.07485505193471909,-0.3622778058052063,0.5921115279197693,0.7198326587677002,0.05206390097737312,-0.02480003423988819,0.10466039925813675,0.31190827911584285,-0.9266972281476485,0.033891276858104856,-0.20687429639313026,-2.675324143258501,-0.63367657537,-3.0593043841345673
936,941270.9362357259,941270.9432587083,right,-0.48296040296554565,-0.24297046661376953,0.1275479793548584,-0.3614423871040344,0.5929943919181824,0.719525158405304,0.01897704042494297,0.044658906757831573,-0.006653298623859882,0.3123188379455419,-0.9265962788765237,0.03437966001452295,-0.2066256742767108,-2.6760792177973625,-0.6347725519052432,-3.0603389143324864
937,941270.9562357259,941270.9595842084,right,-0.5447830557823181,-0.26209747791290283,0.14796921610832214,-0.3656727373600006,0.5907773971557617,0.7192118763923645,-0.14990922808647156,0.3509310781955719,-0.3190931975841522,0.3112265161715899,-0.9265377087295205,0.03367266819307162,-0.2086436082767757,-2.671219660384824,-0.6320219953726538,-3.0578682680691895
938,941270.9762357259,941271.0027608334,right,-0.6514936089515686,-0.28317975997924805,0.1798134297132492,-0.3791429400444031,0.5829820036888123,0.7185978293418884,-0.41133180260658264,0.6807383894920349,-0.6467505097389221,0.30736720927948535,-0.926455312621461,0.03129721335371494,-0.215003551316334,-2.6560980498927034,-0.6223940901955513,-3.0501662755000014
939,941270.9962357259,941271.0038962084,right,-0.8128477931022644,-0.30064094066619873,0.29344284534454346,-0.3983399569988251,0.5700134634971619,0.7186164855957031,-0.5975333452224731,0.800001323223114,-0.7481397986412048,0.30079978052914785,-0.926562792097436,0.028101048834912937,-0.22407843726425422,-2.635442650377615,-0.6065222215476639,-3.0407314046444927
940,941271.016235726,941271.0180740417,right,-0.9008314609527588,-0.29931947588920593,0.39342164993286133,-0.4182976484298706,0.5545274019241333,0.7193931937217712,-0.7065389752388,0.8777912855148315,-0.7210162878036499,0.29275944097920087,-0.9268521497275823,0.02533197192139599,-0.23365644353687523,-2.614917878277995,-0.5877949323488614,-3.0334077083553774
941,941271.036235726,941271.0593982501,right,-0.8521740436553955,-0.28133925795555115,0.41632387042045593,-0.4422275125980377,0.5369660258293152,0.7184028625488281,-0.812497079372406,1.2772256135940552,-0.8985878229141235,0.2836852971160786,-0.926650125823671,0.022825340148755285,-0.24560395865673593,-2.589803040841408,-0.5668365250510955,-3.0262997258341184
942,941271.056235726,941271.0600686667,right,-0.8268207311630249,-0.29390227794647217,0.4077291786670685,-0.4756128787994385,0.5139684677124023,0.7138829827308655,-1.034657597541809,1.8405619859695435,-1.2227239608764648,0.27207042531697034,-0.925501184471341,0.019725143663877023,-0.26274740680109565,-2.553889980408241,-0.5398046896600345,-3.0171646106475096
943,941271.076235726,941271.0817770001,right,-0.8174434304237366,-0.27990761399269104,0.41305044293403625,-0.5187098979949951,0.48388800024986267,0.7048351764678955,-1.2891850471496582,2.284318685531616,-1.4552944898605347,0.2571754477382809,-0.9231276946734595,0.015902237243492125,-0.2853826158650251,-2.507156899793473,-0.5050920527827842,-3.0070041167330985
944,941271.096235726,941271.1103375417,right,-0.7992413640022278,-0.21328595280647278,0.4335482716560364,-0.5663758516311646,0.44781965017318726,0.6918642520904541,-1.5366919040679932,2.4614949226379395,-1.4937503337860107,0.2392989430368777,-0.9196630916761734,0.012327273000373031,-0.31113327677923114,-2.4555991662610848,-0.4643253259980116,-2.9999377958604048
945,941271.116235726,941271.1231674583,right,-0.7755200862884521,-0.09434255957603455,0.5065112709999084,-0.6122090220451355,0.4088231325149536,0.67680424451828,-1.6847929954528809,2.4071693420410156,-1.350198745727539,0.21955525473616705,-0.9155877002898937,0.010065580279121937,-0.3367393758900616,-2.4062648485601135,-0.42116413573499134,-2.9992850705740177
946,941271.1362357261,941271.1443585417,right,-0.6911457180976868,0.03055850975215435,0.5722166895866394,-0.6542062163352966,0.3694542944431305,0.659937858581543,-1.7505956888198853,2.392885208129883,-1.255967140197754,0.1990953685362691,-0.9109789325775296,0.009292380569195808,-0.36109851817953964,-2.360556071406208,-0.37842170612139314,-3.004650766332889
947,941271.1562357261,941271.178094625,right,-0.5440794825553894,0.11545951664447784,0.5844452977180481,-0.695226788520813,0.3283303380012512,0.6394209861755371,-1.8343334197998047,2.5328898429870605,-1.3919004201889038,0.1775989767008933,-0.9053362968511424,0.008759538255694102,-0.3856788392922046,-2.3144058132969016,-0.33453537406140105,-3.0129975739307464
948,941271.1762357261,941271.1791785834,right,-0.4453185796737671,0.19137157499790192,0.5877320170402527,-0.7370230555534363,0.2843203544616699,0.6131553053855896,-1.8435364961624146,2.676816940307617,-1.5424681901931763,0.15501040917246603,-0.8980680925989393,0.007168241460787674,-0.41157531559568583,-2.2647088894153824,-0.2882974438862966,-3.021645039915693
949,941271.1962357261,941271.2079588751,right,-0.35935524106025696,0.28495922684669495,0.6114842295646667,-0.7780206799507141,0.238026425242424,0.5814007520675659,-1.8279467821121216,2.777831554412842,-1.6652860641479492,0.13159186001410156,-0.8892016452185197,0.004568005865125095,-0.4381587110076188,-2.2125556645595013,-0.24033336157184268,-3.0310028445743424
950,941271.2162357261,941271.231551,right,-0.2879517674446106,0.3760427236557007,0.6281629204750061,-0.8168699741363525,0.19053710997104645,0.5444440245628357,-1.767287254333496,2.784308433532715,-1.7225672006607056,0.10791383547797452,-0.8787611561854637,0.0009422872654017074,-0.46490068687916647,-2.1586837806931407,-0.19170925472735834,-3.0408986592058884
951,941271.2362357262,941271.2431414167,right,-0.22067278623580933,0.4406851828098297,0.5922722816467285,-0.8512245416641235,0.14366264641284943,0.5047552585601807,-1.693067193031311,2.669299602508545,-1.703934907913208,0.08455573765014139,-0.8673915971089675,-0.0030825452552257476,-0.49038015545010155,-2.106034803082108,-0.14416145583853882,-3.0522721679955125
952,941271.2562357262,941271.2604472501,right,-0.17385981976985931,0.479808509349823,0.5838217735290527,-0.8803216814994812,0.09816501289606094,0.46410953998565674,-1.620048999786377,2.482520580291748,-1.6910079717636108,0.06183970424218674,-0.8555696391980774,-0.007443994707453753,-0.5139272016533887,-2.0559700079678622,-0.09832335078760072,-3.064847130588984
953,941271.2762357262,941271.285593125,right,-0.1174253448843956,0.5265090465545654,0.5964608192443848,-0.9043210744857788,0.0540149062871933,0.42342182993888855,-1.5311641693115234,2.346761703491211,-1.7182388305664062,0.039866823170167286,-0.8435389875670218,-0.012366889254598895,-0.5354435436125505,-2.0086989250331797,-0.05404119756822511,-3.077899919727787
954,941271.2962357262,941271.3067364168,right,-0.05021873116493225,0.5593496561050415,0.6018677353858948,-0.9242268800735474,0.00990093220025301,0.38171494007110596,-1.432390570640564,2.309532642364502,-1.8146272897720337,0.018242724834439342,-0.8309753495111962,-0.018370840828773976,-0.5557063848173094,-1.9624677532917418,-0.009901083973478218,-3.090761637527169
955,941271.3162357262,941271.3193745834,right,0.008587482385337353,0.5694367289543152,0.5648298263549805,-0.9403011202812195,-0.034381963312625885,0.3386019170284271,-1.275282621383667,2.2659363746643066,-1.8644870519638062,-0.0029157942664369183,-0.8177028991803065,-0.025748298885005693,-0.5750568083559031,-1.9164400470264051,0.03438875354941275,-3.102804566042958
956,941271.3362357263,941271.36365325,right,0.0399097315967083,0.5507868528366089,0.524910032749176,-0.9521609544754028,-0.07695374637842178,0.29574868083000183,-1.1113073825836182,2.1078360080718994,-1.814984679222107,-0.022749269670819427,-0.8041865063033239,-0.034036092410470994,-0.5929653997531528,-1.871956571814523,0.07702991663795068,-3.113742800857096
957,941271.3562357263,941271.3639964167,right,0.08889100700616837,0.5453360676765442,0.49717777967453003,-0.9598953723907471,-0.11676565557718277,0.2548855245113373,-0.9850180149078369,1.9628294706344604,-1.7690277099609375,-0.04087866699669386,-0.790957134377506,-0.042774029228267445,-0.6090042019522223,-1.8303416924882085,0.11703264981323575,-3.1235942829176886
958,941271.3762357263,941271.3818595418,right,0.18947476148605347,0.5408610701560974,0.44414690136909485,-0.9641690850257874,-0.15601757168769836,0.2145601361989975,-0.9369240403175354,1.9746545553207397,-1.8452563285827637,-0.05859468720432058,-0.7775444399722632,-0.05200730514591617,-0.623928195489886,-1.7897621873955227,0.156657579989867,-3.133738160433582
959,941271.3962357263,941271.4067674584,right,0.2706810534000397,0.5244397521018982,0.35791274905204773,-0.9651914834976196,-0.195985347032547,0.17319020628929138,-0.9964215755462646,1.9570200443267822,-1.8847891092300415,-0.07683460438503185,-0.7634120836331261,-0.061620919085061746,-0.6383581861116568,-1.748343110164329,0.19726220389742036,3.1375016142202736
960,941271.4162357263,941271.42302075,right,0.35614028573036194,0.5230859518051147,0.33141735196113586,-0.9630076885223389,-0.23521964251995087,0.13148322701454163,-1.0382781028747559,1.8860692977905273,-1.840082049369812,-0.09542411896321457,-0.748819847606451,-0.07078485196247629,-0.6520372393850477,-1.7064913182153665,0.23744457058163224,3.122629531432273
961,941271.4362357263,941271.4441304584,right,0.39630743861198425,0.5138777494430542,0.31306931376457214,-0.958252489566803,-0.27066367864608765,0.09215860813856125,-0.9950142502784729,1.6336978673934937,-1.5876933336257935,-0.11296466977649793,-0.7347598368961272,-0.07878660991457495,-0.6641984757133301,-1.6666751512045737,0.2740823955384011,3.105972388292997
962,941271.4562357264,941271.4785062084,right,0.46425071358680725,0.49403858184814453,0.29975757002830505,-0.9523744583129883,-0.29928380250930786,0.05841206759214401,-0.8607879281044006,1.356848120689392,-1.2769581079483032,-0.12809784557484052,-0.7225188258977142,-0.08469134664278365,-0.6740807397792508,-1.6320527728725913,0.3039419831393903,3.088836798152347
963,941271.4762357264,941271.4801179167,right,0.5513797998428345,0.4591483175754547,0.24065828323364258,-0.9462894201278687,-0.32197558879852295,0.02945776842534542,-0.7161705493927002,1.1896458864212036,-1.0731545686721802,-0.14047456050297627,-0.7118557399504509,-0.08938866912468212,-0.6823033524685111,-1.6019161362581944,0.32781549396759785,3.073487197498663
964,941271.4962357264,941271.5006703751,right,0.6212522983551025,0.4276500642299652,0.180383563041687,-0.9400367736816406,-0.3410516083240509,0.003808771027252078,-0.5734403133392334,1.082615852355957,-0.9351142644882202,-0.150840397505116,-0.7022284409100713,-0.0936997675519204,-0.6894510000213928,-1.5748481240829448,0.3480353744007589,3.0602335315040152
965,941271.5162357264,941271.5405927084,right,0.6841052174568176,0.41022375226020813,0.12252362072467804,-0.9336774945259094,-0.3575960099697113,-0.019274502992630005,-0.4763496518135071,0.9955369830131531,-0.8302843570709229,-0.15963534140765714,-0.6933839797376632,-0.09788487619183411,-0.695811619353713,-1.550155711288825,0.3656924524020644,3.0489332752263154
966,941271.5362357264,941271.5416841251,right,0.7634055614471436,0.3785094618797302,0.05450062081217766,-0.9272845387458801,-0.3720960021018982,-0.04108477756381035,-0.4507470726966858,1.0267664194107056,-0.7937121987342834,-0.1672412301002878,-0.6848921820612395,-0.10188402467282436,-0.7018352444049926,-1.5265188310187425,0.38126617179842537,3.0388554281122233
967,941271.5562357265,941271.5603159583,right,0.8755088448524475,0.3795763850212097,-0.012623272836208344,-0.919614851474762,-0.3873039186000824,-0.06560695171356201,-0.5179339647293091,1.2225494384765625,-0.9116368889808655,-0.17537764517223373,-0.6752203872435495,-0.106179068553468,-0.7085521595825108,-1.4995753137177636,0.3977054945817851,3.0273035234168097
968,941271.5762357265,941271.5859340001,right,0.8908676505088806,0.39925438165664673,-0.04415225237607956,-0.910981297492981,-0.40212181210517883,-0.09171173721551895,-0.5298642516136169,1.0842041969299316,-0.7211726307868958,-0.1838487627193294,-0.6648368072947639,-0.11016440481891554,-0.71558050601258,-1.4704609226848002,0.41383314703207125,3.0138578108513903
969,941271.5962357265,941271.6044531667,right,0.8978559970855713,0.42999228835105896,-0.016270700842142105,-0.9056029915809631,-0.40945374965667725,-0.11059338599443436,-0.35189762711524963,0.5481539964675903,-0.15820875763893127,-0.18921259204809224,-0.6574831420929034,-0.1114417743667577,-0.7207602330053848,-1.4492768741779873,0.4218552708328424,3.0028077998194322
970,941271.6162357265,941271.6455719167,right,0.9482990503311157,0.43470486998558044,-0.012415423057973385,-0.9062801003456116,-0.4061209559440613,-0.11714155226945877,-0.1254194974899292,-0.004908411297947168,0.42717719078063965,-0.18933360236516145,-0.6553596383692832,-0.10923832101593409,-0.7229962321361088,-1.4422537624073706,0.41820520678957446,2.9981913903477753
971,941271.6362357265,941271.6466756667,right,1.0509533882141113,0.4226466119289398,-0.02419564314186573,-0.9113056659698486,-0.39539092779159546,-0.11483828723430634,0.029076864942908287,-0.23053373396396637,0.6720537543296814,-0.18554182568127217,-0.6569582804599097,-0.1048175503014625,-0.7231827177731438,-1.4454420579514948,0.40649345584995294,2.99887902668702
972,941271.6562357266,941271.6628912918,right,1.090308666229248,0.3988036811351776,-0.04609796032309532,-0.917402982711792,-0.3826976716518402,-0.1091521829366684,0.13188700377941132,-0.3252142369747162,0.7329834699630737,-0.18029852324214207,-0.6598400909737676,-0.10017487573379145,-0.722543048098438,-1.452373589320313,0.39271453365788933,3.002217986750408
973,941271.6762357266,941271.6811465,right,1.085905909538269,0.37409308552742004,-0.032675378024578094,-0.9238659143447876,-0.3692706823348999,-0.1005534753203392,0.2744165360927582,-0.45572370290756226,0.7804272174835205,-0.17382087758230574,-0.6636992620039622,-0.096055169315314,-0.7211539638342576,-1.4623832668463723,0.3782241416391541,3.008631747922169
974,941271.6962357266,941271.7336848334,right,1.0575274229049683,0.36229151487350464,-0.03975890949368477,-0.931294322013855,-0.35399866104125977,-0.08588320016860962,0.42706501483917236,-0.6088926792144775,0.8622323870658875,-0.16505088851145308,-0.6696955275054708,-0.09255454956958922,-0.7181224425014415,-1.4788373391016008,0.3618432033989397,3.0203794682452405
975,941271.7162357266,941271.7337770001,right,1.0287022590637207,0.35022902488708496,-0.046787746250629425,-0.9382760524749756,-0.33846575021743774,-0.07126760482788086,0.5797134637832642,-0.7620617151260376,0.9440376162528992,-0.15625872223513107,-0.6756018380039248,-0.08904154949561383,-0.7149944111900911,-1.4949860820619947,0.3452859674876148,3.0317680989301476
976,941271.7362357266,941271.7403229584,right,0.9411828517913818,0.3529486060142517,-0.011333017610013485,-0.9461469054222107,-0.3197883069515228,-0.05041521415114403,0.6900629997253418,-1.0692816972732544,1.1773678064346313,-0.14551627821388533,-0.6837808033392488,-0.08506614447599711,-0.7099525947194403,-1.517561997399351,0.3255060833700938,3.046157983836433
977,941271.7562357266,941271.7656115834,right,0.8232111930847168,0.34609565138816833,0.02881953865289688,-0.9555163383483887,-0.2941328287124634,-0.021782679483294487,0.7913380861282349,-1.4158295392990112,1.5373420715332031,-0.1315682175339972,-0.694863701081863,-0.0792031630301094,-0.702553318468232,-1.5480036039615146,0.2985481047929758,3.0632541991511304
978,941271.7762357267,941271.7843202084,right,0.7950924634933472,0.3489893078804016,0.0005814009346067905,-0.964474081993103,-0.2639833092689514,0.010129780508577824,0.64405357837677,-1.4162380695343018,1.5382786989212036,-0.11647327100757547,-0.7070689819625855,-0.0715429187482251,-0.6938076689385649,-1.5812989381252234,0.2671497051359584,3.0788798827378256
979,941271.7962357267,941271.8206625418,right,0.758344829082489,0.37055283784866333,0.04409543797373772,-0.9710526466369629,-0.23580801486968994,0.038098789751529694,0.4268264174461365,-1.219763994216919,1.3382353782653809,-0.103624694642173,-0.7176476593119905,-0.06349233723119012,-0.6857204779467141,-1.610010831435639,0.2380499630926113,3.0891041552707157
980,941271.8162357267,941271.8217563333,right,0.5827799439430237,0.3778565227985382,0.16229137778282166,-0.9759933352470398,-0.20786763727664948,0.06502366811037064,0.495484322309494,-1.4462636709213257,1.578903317451477,-0.09156413400935356,-0.7276539861254729,-0.055059552948641406,-0.677572246927884,-1.6373211720662602,0.20939450026479267,3.0966419642915426
981,941271.8362357267,941271.8429400834,right,0.40741127729415894,0.35463279485702515,0.2216673195362091,-0.9801218509674072,-0.17101943492889404,0.10056520253419876,0.6634404063224792,-1.9248663187026978,2.05250883102417,-0.07578228124288364,-0.7404975935507392,-0.044113032256348675,-0.6663139985600612,-1.673043404017129,0.17186427557374342,3.1053931557205448
982,941271.8562357267,941271.8617689584,right,0.40151897072792053,0.3594318926334381,0.22019673883914948,-0.9815382957458496,-0.12876085937023163,0.14143246412277222,0.6349081993103027,-1.932740330696106,1.9981486797332764,-0.05791063149995599,-0.7547934768334625,-0.03167149773687606,-0.6526331970531973,-1.7139040625049093,0.12911935197197277,3.113577894773636
983,941271.8762357268,941271.8852372917,right,0.36687400937080383,0.3727116286754608,0.23681077361106873,-0.9798107147216797,-0.09115005284547806,0.1779395490884781,0.48700302839279175,-1.6703723669052124,1.664310336112976,-0.04240546928690991,-0.7671728189922802,-0.020388398888216995,-0.6397123600076403,-1.750444563501733,0.09127676015912521,3.1185228228156454
984,941271.8962357268,941271.9070338334,right,0.25013041496276855,0.3863312005996704,0.3261170983314514,-0.9758902192115784,-0.05856591463088989,0.21025767922401428,0.5089136958122253,-1.5869734287261963,1.529909372329712,-0.0290916930714051,-0.7778280621194331,-0.010601374157091548,-0.6277139522563601,-1.7830047354268372,0.05859946309709324,3.121526436500021
985,941271.9162357268,941271.921867375,right,0.12246040999889374,0.39357247948646545,0.3664923906326294,-0.969577968120575,-0.02537684515118599,0.24346418678760529,0.6151136159896851,-1.7806919813156128,1.6528477668762207,-0.015152987864936476,-0.7884990122470009,-0.001204060910158003,-0.614848240871107,-1.8168131744152574,0.025379585902908546,3.124851710200742
986,941271.9362357268,941271.94518875,right,0.04367571324110031,0.3955405056476593,0.3569822609424591,-0.9598664045333862,0.011265426874160767,0.2802315652370453,0.7216197848320007,-2.0169341564178467,1.7849315404891968,0.0006495471897460453,-0.8000269876170855,0.008523126729719523,-0.5999031912464581,-1.854850239907719,-0.011265650707118902,3.1287333534543524
987,941271.9562357268,941271.9792751668,right,-0.03137807920575142,0.3872714042663574,0.3815019130706787,-0.9460488557815552,0.05057576298713684,0.3200530409812927,0.8284428715705872,-2.179154872894287,1.8251519203186035,0.01793120173809785,-0.8122117767046074,0.018400825520288374,-0.5827967342645386,-1.8970147512064757,-0.050597334680398336,3.1325907712623886
988,941271.9762357268,941271.9817057917,right,-0.09075085818767548,0.36550864577293396,0.38109898567199707,-0.92854243516922,0.08993495255708694,0.3601672351360321,0.8872360587120056,-2.2280516624450684,1.7146505117416382,0.03582756278569267,-0.8242182391409838,0.027348820130931338,-0.5644755463989128,-1.9408149901650293,-0.09005662190749263,3.136938549436607
989,941271.9962357269,941272.0120763334,right,-0.1475931853055954,0.34621939063072205,0.37509748339653015,-0.9081443548202515,0.12617707252502441,0.3991904854774475,0.9099121689796448,-2.2176356315612793,1.482742428779602,0.052836930013455845,-0.8356978292180463,0.03470479413558224,-0.5455391183034983,-1.9849406455920633,-0.12651428611343743,3.141233565807384
990,941272.0162357269,941272.0431967084,right,-0.2397458404302597,0.33694276213645935,0.4088158905506134,-0.8857036232948303,0.15816734731197357,0.43647700548171997,0.9460792541503906,-2.225174903869629,1.2501466274261475,0.06862723538439096,-0.8465510780942818,0.03987256367676266,-0.5263570754981672,-2.0286695057834114,-0.1588343450027135,-3.136795714979517
991,941272.0362357269,941272.0442505,right,-0.32320940494537354,0.297945499420166,0.4447343051433563,-0.8614513874053955,0.18719564378261566,0.4720797836780548,1.006892442703247,-2.2081639766693115,1.0619829893112183,0.08381954319961062,-0.8568513271011651,0.04296211117258406,-0.5068869519177965,-2.072106767654162,-0.1883065407549873,-3.1300383712737725
992,941272.0562357269,941272.066799625,right,-0.31730544567108154,0.2694687247276306,0.3563266396522522,-0.8366338610649109,0.2128240317106247,0.5047274231910706,0.9253141283988953,-2.085625648498535,0.8396256566047668,0.09787960738578207,-0.866256115558648,0.044318048969261975,-0.4879097005819804,-2.113626749471825,-0.2144642974618143,-3.1224210384443483
993,941272.0762357269,941272.0880899584,right,-0.38783392310142517,0.26471617817878723,0.3906646966934204,-0.8115379214286804,0.23502930998802185,0.5349462628364563,0.8938633799552917,-2.0998425483703613,0.7899803519248962,0.11026412363159992,-0.8749077953896364,0.044827799436536774,-0.4694344198921937,-2.1535952060858774,-0.23724871925458665,-3.1157837513858104
994,941272.096235727,941272.1130071668,right,-0.5555981397628784,0.19904263317584991,0.4671989381313324,-0.7821807265281677,0.2603849768638611,0.5660324096679688,1.0414179563522339,-2.413133144378662,1.0723241567611694,0.1240056225299267,-0.8836907421631917,0.045901093840666846,-0.4490058789038639,-2.197225294430768,-0.2634208984515135,-3.110273586039905
995,941272.116235727,941272.1317645417,right,-0.5802424550056458,0.10986040532588959,0.42284128069877625,-0.7468703985214233,0.29129859805107117,0.5977708101272583,1.1203621625900269,-2.4481987953186035,1.1644819974899292,0.14021491952967846,-0.892506556057574,0.04814033653693395,-0.4259746698068671,-2.245761401528035,-0.2955840259581041,-3.106540795057484
996,941272.136235727,941272.145627,right,-0.4383538067340851,0.08412442356348038,0.3322297930717468,-0.7144162058830261,0.318774551153183,0.622890055179596,1.0376255512237549,-1.8206582069396973,0.7070339918136597,0.15506289497113288,-0.8994634635661859,0.04909744376455637,-0.405598780921453,-2.2878604716571083,-0.32443629936464957,-3.102056374128265
997,941272.156235727,941272.1631913751,right,-0.5273628830909729,0.026087991893291473,0.3363533616065979,-0.690886914730072,0.3396122455596924,0.6382309198379517,1.0412260293960571,-1.4637095928192139,0.4799671471118927,0.16737560873548796,-0.903808195920667,0.04739473147115489,-0.39098579524215565,-2.3165980523922385,-0.34650459092306435,-3.0935057269498265
998,941272.176235727,941272.1854653751,right,-0.654384434223175,-0.038759250193834305,0.3663193881511688,-0.6676907539367676,0.3616085946559906,0.6507135629653931,1.1728919744491577,-1.568631649017334,0.6398546695709229,0.18038237013642602,-0.9073538599483316,0.045451137728658386,-0.37696863232145883,-2.343318232278386,-0.3699926572127666,-3.084160313067868
999,941272.196235727,941272.2067394584,right,-0.5884808301925659,-0.07433302700519562,0.29007911682128906,-0.6423090696334839,0.38477158546447754,0.6628646850585938,1.0390149354934692,-1.4671576023101807,0.5954801440238953,0.19363667192930803,-0.9107534325511005,0.044278419804594564,-0.3620392050225402,-2.3719426160012635,-0.3949603319874484,-3.0770256634297253
1000,941272.2162357271,941272.2214765417,right,-0.38804125785827637,-0.025558000430464745,0.20778457820415497,-0.6229390501976013,0.40086206793785095,0.6717562675476074,0.6225279569625854,-0.8861750960350037,0.19075149297714233,0.2030986668188617,-0.9132687608775301,0.04264194362157086,-0.3505321121850408,-2.3938822778788786,-0.41245764213698993,-3.0711322313071876
1001,941272.2362357271,941272.2457131668,right,-0.3271486163139343,0.034904517233371735,0.22673822939395905,-0.6136220097541809,0.40883180499076843,0.6755180954933167,0.45783451199531555,-0.5163562297821045,0.1257937103509903,0.20831934460414755,-0.9143995933954149,0.04040399672712316,-0.34473760057618735,-2.4041712169232823,-0.4211736313315387,-3.0650996371895225
1002,941272.2562357271,941272.2768110418,right,-0.4945121109485626,-0.0449841246008873,0.24418285489082336,-0.6002030372619629,0.4209255576133728,0.6801311373710632,0.5679731369018555,-1.0173465013504028,0.7947221398353577,0.21470766097141117,-0.9156285106942552,0.04111010364355948,-0.3373946225472725,-2.418541233726113,-0.43446544305723994,-3.0647895706022106
1003,941272.2762357271,941272.3079390834,right,-0.457891047000885,-0.10949855297803879,0.16901318728923798,-0.5732792019844055,0.4429559111595154,0.6893049478530884,0.6513364315032959,-1.4146254062652588,1.31221342086792,0.22493700577177228,-0.9178784202934495,0.046386561234699454,-0.32365248671907804,-2.4478326555104513,-0.4588929930835273,-3.0741176434716917
1004,941272.2962357271,941272.3087245834,right,-0.23367811739444733,-0.11087962239980698,0.052642349153757095,-0.5450536608695984,0.46456897258758545,0.6979201436042786,0.413531094789505,-0.9268088340759277,0.9963181614875793,0.2346851571570755,-0.9198671337133371,0.05295818095210159,-0.3097787540408356,-2.4785645983999967,-0.48314779836719546,-3.0873933870509673
1005,941272.3162357272,941272.3394643334,right,-0.0721026286482811,-0.06552556157112122,0.006663930136710405,-0.532257080078125,0.4747839570045471,0.7009156346321106,0.07252422720193863,-0.06147047132253647,0.356034517288208,0.2390367511469763,-0.9204295703398162,0.057160006298344807,-0.3039796460989524,-2.492119263671312,-0.49471852728924337,-3.0960127551363206
1006,941272.3362357272,941272.3426146251,right,-0.13905254006385803,-0.03440582752227783,0.05133438482880592,-0.5305500626564026,0.47795841097831726,0.7000517845153809,0.025180649012327194,0.06723068654537201,0.37760528922080994,0.2399182419085519,-0.9200115275177803,0.06003919309364369,-0.3039956381287098,-2.4930721940926657,-0.4983289687832391,-3.101286428268612
1007,941272.3562357272,941272.3833753751,right,-0.28458312153816223,-0.028827235102653503,0.11234240233898163,-0.5205934643745422,0.4866751730442047,0.701519787311554,0.24986553192138672,-0.6003141403198242,1.0362638235092163,0.24313397306588022,-0.9200425635584155,0.06543413026648921,-0.3002099811876846,-2.5031708903700665,-0.5082797261962548,-3.112308922052194
1008,941272.3762357272,941272.3841403334,right,-0.31669312715530396,-0.05344304069876671,0.13323955237865448,-0.4944499135017395,0.5046461224555969,0.7077088356018066,0.40391039848327637,-1.1742470264434814,1.463139295578003,0.25072631521558414,-0.9210656322405619,0.07411186977879597,-0.28858608498452404,-2.531764749679769,-0.5289719817156483,-3.1321077345919357
1009,941272.3962357272,941272.4030209167,right,-0.1999988555908203,-0.0790892019867897,0.053822413086891174,-0.46392324566841125,0.5229878425598145,0.7150238156318665,0.26088836789131165,-1.0241144895553589,1.1511378288269043,0.25886906144812577,-0.9223141346993647,0.08275608269257692,-0.2747269980468689,-2.5660460040338147,-0.5503526616860833,3.1293700360997243
1010,941272.4162357273,941272.4255900417,right,-0.08885939419269562,-0.07338850945234299,-0.005952207837253809,-0.4457140862941742,0.5318174958229065,0.7200758457183838,-0.03462851047515869,-0.38400158286094666,0.3847614526748657,0.2627269569099871,-0.9232284559083314,0.08767661235832722,-0.26633931383915227,-2.587332595987518,-0.5607452450798839,3.1156798340463943
1011,941272.4362357273,941272.4469696251,right,-0.1643150895833969,-0.054796405136585236,0.04307885840535164,-0.4411834180355072,0.5324331521987915,0.7224072813987732,-0.06271018087863922,-0.12523561716079712,0.08168040961027145,0.262773775902828,-0.9237413740316166,0.08891321705550316,-0.26409529513137814,-2.593333360415009,-0.5614724261350729,3.111497342884086
1012,941272.4562357273,941272.488157875,right,-0.3102552592754364,-0.06167660281062126,0.11180917173624039,-0.4350857436656952,0.5346286296844482,0.7244806289672852,0.15795275568962097,-0.4619187116622925,0.37624430656433105,0.2638178933560916,-0.9241980077914768,0.08999111543015315,-0.2610740456907377,-2.600770058736496,-0.5640682426613368,3.1077586596291082
1013,941272.4762357273,941272.4892234168,right,-0.35285136103630066,-0.07121268659830093,0.12132225930690765,-0.4196784496307373,0.5430017709732056,0.7273366451263428,0.3798871338367462,-0.7931332588195801,0.6600398421287537,0.2682060359671217,-0.9247177183106674,0.09254999392150075,-0.25376572598410607,-2.6182513542071586,-0.5740076850848967,3.0998502310964224
1014,941272.4962357273,941272.5026683334,right,-0.3315008878707886,-0.11549531668424606,0.08879810571670532,-0.400864839553833,0.5543408989906311,0.7293925881385803,0.4290672242641449,-0.7357009649276733,0.5517998337745667,0.27441025379366474,-0.9249949550684758,0.09529253915437601,-0.24495446551149944,-2.63906651658676,-0.5875708053990355,3.0912834168666756
1015,941272.5162357274,941272.5259603751,right,-0.31068897247314453,-0.14984433352947235,0.047294773161411285,-0.38888511061668396,0.5630747675895691,0.7291876673698425,0.336698979139328,-0.3616430163383484,0.12621374428272247,0.27955868305426795,-0.9248602427402055,0.09605930219457948,-0.23927587032939704,-2.6516514072677246,-0.5981017566661584,3.0884465530714036
1016,941272.5362357274,941272.5456260417,right,-0.3754621148109436,-0.1695786714553833,0.05998613312840462,-0.3869221806526184,0.5671786069869995,0.7270485162734985,0.28363800048828125,-0.050508979707956314,-0.2062523514032364,0.2824861032117674,-0.924467188824512,0.09425870311282834,-0.23806992210204994,-2.652532173733819,-0.6030760742677687,3.093279154126652
1017,941272.5562357274,941272.5936294168,right,-0.5009903311729431,-0.22282332181930542,0.08501224219799042,-0.3894628882408142,0.5695647597312927,0.7238196134567261,0.3170797526836395,-0.009200564585626125,-0.24239680171012878,0.28464959966133213,-0.923896733198284,0.09123955600155827,-0.23888246229555407,-2.647957863863004,-0.6059761980362481,3.101924856577113
1018,941272.5762357274,941272.5942577501,right,-0.5945993661880493,-0.281782865524292,0.0702897384762764,-0.3915620744228363,0.5723322629928589,0.7204964756965637,0.29525378346443176,-0.008524399250745773,-0.17809267342090607,0.28698961374192133,-0.9232646965952104,0.08849053127292505,-0.23955954510788535,-2.6437833888772526,-0.6093471857341523,3.110005121603005
1019,941272.5962357274,941272.6229817084,right,-0.7003600001335144,-0.3313283324241638,0.08907013386487961,-0.3941240608692169,0.5743227601051331,0.7175093293190002,0.15068240463733673,0.07558023184537888,-0.21771350502967834,0.28873385385830586,-0.9226650084999712,0.08627842867584205,-0.24057865638074033,-2.63929119171933,-0.6117766029433488,3.116809942753859
1020,941272.6162357274,941272.6242506667,right,-0.8534078001976013,-0.4086278975009918,0.17467539012432098,-0.3996809720993042,0.5734231472015381,0.7151511907577515,-0.03260710835456848,0.20572799444198608,-0.40186721086502075,0.28881296761494596,-0.9222562561266223,0.0837796574135852,-0.24292284766168323,-2.631960352045117,-0.6106780837729892,3.1242418607942377
1021,941272.6362357275,941272.6532177917,right,-0.9362481832504272,-0.48297998309135437,0.21601252257823944,-0.41059884428977966,0.5672053694725037,0.713923454284668,-0.23008136451244354,0.44265010952949524,-0.7324410676956177,0.28608446444401026,-0.9222712241187654,0.07985965984453444,-0.24737408297295918,-2.6196607565798358,-0.6031085748816813,3.1345929205101624
1022,941272.6562357275,941272.6832924167,right,-0.9140369892120361,-0.5121586322784424,0.22099857032299042,-0.4303145110607147,0.5539419651031494,0.712725818157196,-0.4612123370170593,0.8683624863624573,-1.1594246625900269,0.27980572917550733,-0.9224518921806837,0.0737932694298373,-0.25562852431353295,-2.598413963092336,-0.587091614893177,-3.133291407420946
1023,941272.6762357275,941272.6843467917,right,-0.9134716987609863,-0.4921397566795349,0.24695229530334473,-0.4598601758480072,0.5336211323738098,0.7097725868225098,-0.7130998969078064,1.214011788368225,-1.4366694688796997,0.27006917560086674,-0.9222391153952562,0.06604047310498966,-0.268656532910698,-2.5666966842356578,-0.5628764976016357,-3.1140370455136033
1024,941272.6962357275,941272.7043049583,right,-0.9625958800315857,-0.416375070810318,0.3529345989227295,-0.49363628029823303,0.5087448954582214,0.7053384184837341,-0.8864960074424744,1.3533860445022583,-1.4900988340377808,0.2581130688216848,-0.9215719810794373,0.058089110378295776,-0.28409248836059636,-2.5309625398947646,-0.5337263025201725,-3.095591342505333
1025,941272.7162357275,941272.7267618751,right,-0.9681387543678284,-0.29813796281814575,0.4222869575023651,-0.5286081433296204,0.47877803444862366,0.7009598016738892,-1.169722557067871,1.4848803281784058,-1.572272777557373,0.24347297175916757,-0.9208269088953096,0.050574229529895,-0.300401181517028,-2.495459783362851,-0.499262333059658,-3.0810285272621307
1026,941272.7362357276,941272.7442235417,right,-0.9209917187690735,-0.1697942167520523,0.4667831063270569,-0.5660369396209717,0.4412989914417267,0.6963170170783997,-1.530109167098999,1.70843505859375,-1.764707088470459,0.22491556151778186,-0.919942403758819,0.04318013255381842,-0.3182050718365287,-2.4590345655846755,-0.4570457372356701,-3.070555766422671
1027,941272.7562357276,941272.7838707501,right,-0.8819518685340881,-0.05588831380009651,0.541800320148468,-0.6067039966583252,0.39541885256767273,0.6896043419837952,-1.8475289344787598,1.87663996219635,-1.939252495765686,0.20220725831507935,-0.9184465073159436,0.03547162219053245,-0.3380976303789894,-2.420058746785264,-0.4065238136210707,-3.0635887592359863
1028,941272.7762357276,941272.7841729167,right,-0.8987252116203308,0.03759533539414406,0.683823823928833,-0.6463555097579956,0.3461383581161499,0.6800096035003662,-1.8771240711212158,1.817931056022644,-1.789209246635437,0.17787704406416516,-0.9160824543991033,0.028244723498677675,-0.35826669366791414,-2.381562276588037,-0.3534518859852061,-3.0608107619192277
1029,941272.7962357276,941272.8220849584,right,-0.8171575665473938,0.11959482729434967,0.7247604727745056,-0.6814298629760742,0.2992943227291107,0.6678895950317383,-1.8019092082977295,1.8131986856460571,-1.6038399934768677,0.15456694055599746,-0.9129249252925974,0.022647434792692527,-0.37704685367120644,-2.3461599902206087,-0.30395297939953,-3.0626906342149747
1030,941272.8162357276,941272.8243004584,right,-0.6679322719573975,0.20384596288204193,0.7246650457382202,-0.7164604663848877,0.2531023621559143,0.6500952839851379,-1.772431492805481,2.158747673034668,-1.7470721006393433,0.13178574873079488,-0.9081565254589721,0.017303832504133986,-0.39696969647886354,-2.3076688843870716,-0.2558857006763962,-3.0658558977330217
1031,941272.8362357276,941272.848162875,right,-0.5303869843482971,0.28547266125679016,0.7343230247497559,-0.7562279105186462,0.2017260640859604,0.6224356889724731,-1.8081698417663574,2.705735206604004,-2.1482794284820557,0.10734745865621359,-0.9006215317596555,0.009936787661140983,-0.42102106577432613,-2.259452633026336,-0.20311989030437994,-3.067510829360868
1032,941272.8562357277,941272.8811110834,right,-0.4575009047985077,0.37770143151283264,0.7465340495109558,-0.7990158796310425,0.1436947137117386,0.5838879942893982,-1.8577098846435547,3.0234384536743164,-2.366655111312866,0.08063544854362392,-0.8899123492327079,0.000197963812556762,-0.44894747064153434,-2.201869059936076,-0.14419387115548374,-3.0687227809752238
1033,941272.8762357277,941272.8841136667,right,-0.39620259404182434,0.46691039204597473,0.7145341038703918,-0.8379260301589966,0.08465059101581573,0.5391790270805359,-1.8739216327667236,2.904402732849121,-2.2021005153656006,0.05343036956979161,-0.8772108086997256,-0.009526498477748434,-0.47702785486610705,-2.1425663848322785,-0.08475200961203465,-3.0736074100483664
1034,941272.8962357277,941272.9144654584,right,-0.3308131992816925,0.5367964506149292,0.7005744576454163,-0.8682151436805725,0.03139937296509743,0.49519315361976624,-1.8121342658996582,2.4703731536865234,-1.766193151473999,0.027890249569342294,-0.8644741079690955,-0.016767014378918706,-0.5016228071154192,-2.089134837767467,-0.031404525429642824,-3.084563562121078
1035,941272.9162357277,941272.9450497084,right,-0.2209697961807251,0.5758772492408752,0.7245547771453857,-0.8902758955955505,-0.013574976474046707,0.45521897077560425,-1.712437391281128,2.1756460666656494,-1.4903045892715454,0.004943498214786066,-0.8527397180281554,-0.021083131836681535,-0.5218869350837961,-2.0434617068980874,0.013575404533274734,-3.100460520001555
1036,941272.9362357277,941272.9452218751,right,-0.06170313060283661,0.5987292528152466,0.675296425819397,-0.9082934856414795,-0.055916160345077515,0.4145794212818146,-1.7529270648956299,2.261345624923706,-1.597735047340393,-0.01723876987008774,-0.840636409121106,-0.024903363323846798,-0.5407522509481527,-1.9989910458260707,0.05594535391472644,-3.1183286168446704
1037,941272.9562357278,941272.9838967917,right,0.07179572433233261,0.6272856593132019,0.6404519081115723,-0.9242832660675049,-0.1011357307434082,0.3680652379989624,-1.781301736831665,2.481173276901245,-1.8014943599700928,-0.04072851665730806,-0.8265127989762839,-0.03015386804854113,-0.5606322847760998,-1.9497647027552996,0.10130895304227845,-3.137393437620017
1038,941272.9762357278,941272.9840714168,right,0.13228240609169006,0.6491069197654724,0.6169531345367432,-0.9369184970855713,-0.1464335024356842,0.3173975348472595,-1.7027153968811035,2.4585468769073486,-1.7328758239746094,-0.06440077466144355,-0.8107963329619148,-0.036167855788064016,-0.5806494872940319,-1.8974297140454386,0.14696195629479733,3.125277042835697
1039,941272.9962357278,941273.0132691667,right,0.24050211906433105,0.6713644862174988,0.5891494154930115,-0.9454994201660156,-0.1870131492614746,0.26656535267829895,-1.5416868925094604,2.37787127494812,-1.575033187866211,-0.08625585870704996,-0.794700457611019,-0.04164017415901124,-0.5993974472782471,-1.8455945917015162,0.18812078852339834,3.1036949845583544
1040,941273.0162357278,941273.0433504584,right,0.36101388931274414,0.6840239763259888,0.5607466697692871,-0.9506261944770813,-0.22284291684627533,0.2159881889820099,-1.3611409664154053,2.326500415802002,-1.4451143741607666,-0.1059586118821045,-0.7783270258014724,-0.04691670689728533,-0.6170726595776818,-1.7942097743616676,0.22472977135267402,3.0823335002398937
1041,941273.0362357278,941273.0455910834,right,0.45352113246917725,0.6720802783966064,0.483199805021286,-0.9528290033340454,-0.2534084916114807,0.16703540086746216,-1.2172073125839233,2.1568074226379395,-1.2286726236343384,-0.1232414301192683,-0.7621288214095182,-0.05174361762364532,-0.6334775028010479,-1.7443377062330392,0.25620217544083224,3.0616294428147888
1042,941273.0562357279,941273.0911568333,right,0.5443233251571655,0.651740312576294,0.39709895849227905,-0.9529337286949158,-0.27751126885414124,0.12208510935306549,-1.0772987604141235,1.9327737092971802,-0.9713778495788574,-0.13774019414037755,-0.7469803413589506,-0.05534408803575455,-0.6480625443027899,-1.6982173056415875,0.28120268511132923,3.0416612483789023
1043,941273.0762357279,941273.0916491668,right,0.6619760394096375,0.6208040118217468,0.3417951464653015,-0.9515950083732605,-0.2966938018798828,0.0802457183599472,-0.9342792630195618,1.8976737260818481,-0.8634735345840454,-0.15001581906243716,-0.7326283358312419,-0.058125925802496294,-0.6613412293195076,-1.6549249684003193,0.3012287177502816,3.022718993859231
1044,941273.0962357279,941273.1157072918,right,0.7486612200737,0.5904428958892822,0.29711154103279114,-0.9485539793968201,-0.31428465247154236,0.03834821283817291,-0.7775210738182068,1.9439157247543335,-0.8484005928039551,-0.16090807304309745,-0.7178892817177426,-0.061718137132203546,-0.6744883397795054,-1.6112024882719953,0.3197030693425371,3.0058727407405494
1045,941273.1162357279,941273.1254381251,right,0.7832279801368713,0.5582782030105591,0.24703629314899445,-0.9443113207817078,-0.32904884219169617,-0.0017797463806346059,-0.5237596035003662,1.809715986251831,-0.6385726928710938,-0.16954406301253988,-0.7033989802664165,-0.06587901625785725,-0.6871279033243093,-1.5689117180115846,0.33529617131651335,2.992447193559508
1046,941273.1362357279,941273.1498619583,right,0.8241144418716431,0.5210630297660828,0.1814267784357071,-0.9405112266540527,-0.3378642499446869,-0.03586393967270851,-0.2785729169845581,1.5246667861938477,-0.2969430685043335,-0.17442246631576913,-0.690837196805319,-0.06936888048823008,-0.6982182001811651,-1.5326824976891085,0.34464681788713314,2.9839865530816683
1047,941273.156235728,941273.1911454584,right,0.8975144028663635,0.47662118077278137,0.09657981246709824,-0.9380581974983215,-0.34059756994247437,-0.06356054544448853,-0.1404327005147934,1.3017351627349854,-0.03920113295316696,-0.17582930404377184,-0.6805136874494683,-0.07156040335756349,-0.7077176156738718,-1.50314225654092,0.3475524406312619,2.9797749903662125
1048,941273.176235728,941273.1915720417,right,0.9657261967658997,0.4258383810520172,0.018184520304203033,-0.9364401698112488,-0.33974799513816833,-0.08746957778930664,-0.09207646548748016,1.1760082244873047,0.09652753174304962,-0.17550339142849547,-0.671558586475265,-0.07262450636742114,-0.7161935775987801,-1.4776601795956472,0.34664897752123147,2.977278605175567
1049,941273.196235728,941273.2120149167,right,1.0119459629058838,0.3726138472557068,-0.03625604882836342,-0.9352665543556213,-0.33687344193458557,-0.1085938885807991,-0.07360130548477173,1.0005463361740112,0.2032792717218399,-0.1742218352212127,-0.6636097487605128,-0.07297396083789036,-0.7238394725722014,-1.4552039201875495,0.3435943100531699,2.9758248362555495
1050,941273.216235728,941273.2584679584,right,1.0358436107635498,0.3491153120994568,-0.040732238441705704,-0.9362694025039673,-0.32956463098526,-0.12160100042819977,-0.021357150748372078,0.7034130096435547,0.38138240575790405,-0.17084869333130054,-0.6588398205051325,-0.0716214618243143,-0.7291167302846654,-1.4416411747665594,0.3358424345839232,2.9769286403306516
1051,941273.236235728,941273.2585635834,right,1.0595028400421143,0.32561102509498596,-0.04519551247358322,-0.9370337724685669,-0.32224997878074646,-0.13462093472480774,0.030887039378285408,0.40627965331077576,0.5594854950904846,-0.167464633046293,-0.6540278979431879,-0.070264374880634,-0.734347416148348,-1.4281056835550787,0.3281053282508739,2.978140479033616
1052,941273.256235728,941273.2881428334,right,1.1114416122436523,0.3116856813430786,-0.04266618192195892,-0.9396772384643555,-0.31171751022338867,-0.1408507078886032,0.008902591653168201,0.22016789019107819,0.5871812701225281,-0.1629045734541146,-0.6519522769575622,-0.06732695197966379,-0.7374872349073482,-1.42201146179195,0.31700011302751363,2.9804070691979057
1053,941273.2762357281,941273.2889189584,right,1.146200180053711,0.30848196148872375,-0.01584278792142868,-0.9426636695861816,-0.3011040985584259,-0.1439501941204071,0.009903297759592533,0.07485834509134293,0.5640935301780701,-0.15857995780182632,-0.6511017423651708,-0.06396455793021685,-0.7394778875222637,-1.4192612796350745,0.30585030355413095,2.982321947999362
1054,941273.2962357281,941273.3057844584,right,1.1320327520370483,0.3152611255645752,0.03233634680509567,-0.9465445280075073,-0.2894437611103058,-0.14239372313022614,0.152745321393013,-0.23941119015216827,0.7411643862724304,-0.15350716866445258,-0.6520478117590366,-0.060306158934393776,-0.7400219621103361,-1.4214807637345153,0.2936457043946868,2.9857673556324147
1055,941273.3162357281,941273.3256482501,right,1.0944693088531494,0.31633955240249634,0.06352107971906662,-0.9530768394470215,-0.2725735008716583,-0.13171210885047913,0.3712412416934967,-0.7269717454910278,1.1153923273086548,-0.1452586101154878,-0.6565598713477476,-0.05543575926520006,-0.7380757840208261,-1.4334695081550584,0.27606683560883377,2.9938519350936716
1056,941273.3362357281,941273.3556132917,right,1.0905276536941528,0.31295445561408997,0.06401444226503372,-0.9619510173797607,-0.24947895109653473,-0.11140179634094238,0.5047054886817932,-1.1163030862808228,1.3732110261917114,-0.13348454156097656,-0.6647472396663421,-0.04909431348978369,-0.7334048514767093,-1.455501831683937,0.25214218170362884,3.006393370636734
1057,941273.3562357281,941273.3783582917,right,1.1036183834075928,0.312098890542984,0.0791030302643776,-0.9709516167640686,-0.2236560732126236,-0.08503339439630508,0.5679267644882202,-1.3293756246566772,1.3974624872207642,-0.12027488540532913,-0.6750600078959469,-0.04215840251091849,-0.7266708327590798,-1.483441915566126,0.22556398215725904,3.0203504356213466
1058,941273.3762357282,941273.3857084167,right,1.0453392267227173,0.31595611572265625,0.10225213319063187,-0.9788720011711121,-0.1971859335899353,-0.05410560593008995,0.61689692735672,-1.5926042795181274,1.4296016693115234,-0.10680015121591374,-0.6868126819795394,-0.035150812067174506,-0.7180853347031336,-1.5155791778149883,0.19848669261155008,3.034182223019682
1059,941273.3962357282,941273.4069038751,right,0.9428426623344421,0.31508928537368774,0.13893809914588928,-0.9855179786682129,-0.1687268763780594,-0.01689477451145649,0.6961436867713928,-1.9415302276611328,1.5198160409927368,-0.09242192533473728,-0.7005589928403259,-0.02774445263931199,-0.7070399332293619,-1.5536550554033302,0.16953790146275463,3.0483030844715935
1060,941273.4162357282,941273.451074125,right,0.8284062147140503,0.3208441138267517,0.17760615050792694,-0.9901272654533386,-0.13759982585906982,0.0267222560942173,0.8257260918617249,-2.2295315265655518,1.5798810720443726,-0.07645414046857084,-0.7162059787718554,-0.02025261016503528,-0.6933927646325518,-1.5977785737309178,0.1380378063511127,3.0637590518240265
1061,941273.4362357282,941273.4517800834,right,0.6858932971954346,0.34013399481773376,0.20209436118602753,-0.9915881752967834,-0.10503161698579788,0.0756392702460289,0.9031652808189392,-2.4730865955352783,1.5836173295974731,-0.05963501007698042,-0.733247069582017,-0.012977540101165475,-0.6772178430921587,-1.6469299131559971,0.10522571314255456,3.079469013158396
1062,941273.4562357282,941273.4768774584,right,0.5313190817832947,0.3808836042881012,0.3037251830101013,-0.9891656637191772,-0.07275328040122986,0.1275070309638977,0.965139627456665,-2.5507497787475586,1.4474071264266968,-0.04277831300965128,-0.7508074433840543,-0.006460864208858224,-0.6591026908893786,-1.6989931080031424,0.0728176320185364,3.0947626010257574
1063,941273.4762357282,941273.49326975,right,0.39256733655929565,0.40568041801452637,0.3478371798992157,-0.9830411076545715,-0.04329565912485123,0.17820070683956146,0.9493463039398193,-2.448319911956787,1.2201255559921265,-0.0267908554382682,-0.7675268907160601,-0.0016943227829004015,-0.6404543611089256,-1.7501239972940732,0.04330921460567616,3.1098417835882652
1064,941273.4962357283,941273.5066405417,right,0.2978040277957916,0.41913825273513794,0.3431040346622467,-0.9743208885192871,-0.017523285001516342,0.2244814932346344,0.9651142358779907,-2.2341411113739014,1.0383654832839966,-0.01231173144604502,-0.782456921980934,0.0014002175151875634,-0.6225814951940074,-1.7972426941380477,0.017524196880318962,3.12406773694641
1065,941273.5162357283,941273.5409147918,right,0.13916753232479095,0.42616894841194153,0.3968732953071594,-0.9633798599243164,0.007919018156826496,0.26802384853363037,1.0715738534927368,-2.285055637359619,1.1462126970291138,0.002082825773938403,-0.796239604531775,0.003803641611874314,-0.6049659449271093,-1.8421463627899635,-0.007919086794832572,3.1380553932046196
1066,941273.5362357283,941273.5813252501,right,0.04762285202741623,0.39313429594039917,0.36364179849624634,-0.9482417106628418,0.04120374843478203,0.31486526131629944,1.062124252319336,-2.383577823638916,1.2682768106460571,0.01979780220832317,-0.8107849098553884,0.00777852677278904,-0.5849576532032011,-1.891393052519275,-0.041215403932521176,-3.1310351660561624
1067,941273.5562357283,941273.5813667084,right,-0.04713739827275276,0.35949617624282837,0.3320201337337494,-0.9298878908157349,0.0750918760895729,0.3600969612598419,1.052674651145935,-2.4820995330810547,1.390340805053711,0.03749416793438388,-0.8245668911419698,0.011746101316190237,-0.5643985549606032,-1.9402613345794235,-0.07516261505695979,-3.1185732211352875
1068,941273.5762357283,941273.5866532917,right,-0.0924522802233696,0.3372615575790405,0.3178640902042389,-0.9095827341079712,0.1057063564658165,0.4018522799015045,0.8271471858024597,-2.1963348388671875,1.1023775339126587,0.052822283054933736,-0.8370629445487545,0.01586861902935379,-0.5443193575945867,-1.986809082023226,-0.10590419856983742,-3.110474999985167
1069,941273.5962357284,941273.6313110001,right,-0.23433305323123932,0.3391920030117035,0.371638685464859,-0.8894253373146057,0.13038370013237,0.4380894601345062,0.6949751377105713,-2.1013436317443848,1.0136420726776123,0.06499886684757517,-0.8477481587405908,0.019179063993258867,-0.526051587713583,-2.0284690208879015,-0.13075596693261624,-3.1054084542418607
1070,941273.6162357284,941273.631501875,right,-0.3992258310317993,0.3318539559841156,0.46881261467933655,-0.8658173680305481,0.15733078122138977,0.4749810993671417,0.800038754940033,-2.3550174236297607,1.334533929824829,0.07766479345174701,-0.8584460808148116,0.02368383784501079,-0.5064360724871301,-2.072558553155698,-0.1579871803544162,-3.103101987168918
1071,941273.6362357284,941273.6470473751,right,-0.4420844614505768,0.30604133009910583,0.4899166524410248,-0.8363664746284485,0.1910543292760849,0.5137988328933716,0.9490107297897339,-2.4896204471588135,1.586188554763794,0.09309978900285588,-0.8694784795304168,0.03011031532591482,-0.4841827694985178,-2.1216807205315114,-0.19223613774265408,-3.103079795250403
1072,941273.6562357284,941273.6908294167,right,-0.41948121786117554,0.2710035741329193,0.44647303223609924,-0.8042098879814148,0.22681409120559692,0.5493646860122681,0.9397516250610352,-2.24817156791687,1.4835532903671265,0.10957318145660051,-0.8793859153253921,0.036916091294145685,-0.46185631619246253,-2.1700973827919077,-0.2288052619427584,-3.1043258521370016
1073,941273.6762357284,941273.6918410417,right,-0.4105975925922394,0.26617783308029175,0.46409788727760315,-0.7750161290168762,0.25772902369499207,0.5769971609115601,0.8621843457221985,-1.8064653873443604,1.1631771326065063,0.12423605524901066,-0.8869727896107125,0.042165197214687665,-0.4427942937569183,-2.210766287425383,-0.2606710794725672,-3.105129763956263
1074,941273.6962357285,941273.7156553334,right,-0.48709630966186523,0.2269171178340912,0.4712141752243042,-0.7489619255065918,0.28530153632164,0.5980461239814758,0.9429948329925537,-1.6967332363128662,1.1126341819763184,0.13788098786596661,-0.8927035950107748,0.04586281868003757,-0.4265744516266546,-2.2446220949931877,-0.2893210093012183,-3.1042845480262504
1075,941273.7162357285,941273.7361310418,right,-0.5681604146957397,0.13963210582733154,0.42560747265815735,-0.7197345495223999,0.31548741459846497,0.6184255480766296,1.0708717107772827,-1.920068383216858,1.2919771671295166,0.15293266111363676,-0.8981820966293658,0.04981697321276744,-0.4091440863798486,-2.280631043768588,-0.3209702376862457,-3.104011423653248
1076,941273.7362357285,941273.7467884168,right,-0.52726811170578,0.10572679340839386,0.39727523922920227,-0.6872602701187134,0.3462848663330078,0.6385608315467834,1.0036659240722656,-1.829932451248169,1.1452244520187378,0.16836861732509315,-0.9035386661936327,0.05383625348193995,-0.3903479182763008,-2.3194795882313746,-0.35360802751673803,-3.105173412856174
1077,941273.7562357285,941273.7775540834,right,-0.46086668968200684,0.10996262729167938,0.34874793887138367,-0.6594924330711365,0.3707532584667206,0.6539205312728882,0.8146535158157349,-1.4189616441726685,0.7739741206169128,0.18107629179303675,-0.907638989268999,0.056140614332281416,-0.37450124373448523,-2.3519522968345914,-0.37981995794216183,-3.1052816448770884
1078,941273.7762357285,941273.7932499168,right,-0.5089687705039978,0.0686354711651802,0.3130139112472534,-0.6363694667816162,0.38931286334991455,0.6659348607063293,0.6897667050361633,-1.3043370246887207,0.7014156579971313,0.1909242848238539,-0.9108622056180695,0.0574240847548412,-0.361359107970873,-2.3788930893352522,-0.39988548281971203,-3.1053526061653947
1079,941273.7962357285,941273.8081744168,right,-0.5179093480110168,0.036863669753074646,0.3149838149547577,-0.6120943427085876,0.40783315896987915,0.6775045394897461,0.6772414445877075,-1.3937652111053467,0.825706422328949,0.20054011171799152,-0.9139103731049939,0.05933072846694449,-0.34789553939464496,-2.40687249640056,-0.42007963785467806,-3.1075376974742084
1080,941273.8162357286,941273.828246125,right,-0.4324319362640381,0.04175260663032532,0.30732443928718567,-0.5866536498069763,0.42683106660842896,0.6882241368293762,0.638730525970459,-1.2547756433486938,0.8006390929222107,0.21024333998808453,-0.916666978856073,0.06191734290877322,-0.33419390419023814,-2.435697410158317,-0.4409856778807009,-3.11172203387831
1081,941273.8362357286,941273.8584382917,right,-0.3666873574256897,0.028801416978240013,0.27942100167274475,-0.5653385519981384,0.4432410001754761,0.6956503987312317,0.5306726694107056,-0.9142546653747559,0.6390037536621094,0.21867666144777073,-0.9185289685012015,0.06426329613538499,-0.3230405786448343,-2.4591700522383637,-0.4592110199167129,-3.1156778705797694
1082,941273.8562357286,941273.8835014584,right,-0.3356231153011322,-0.007153007667511702,0.21657493710517883,-0.5489797592163086,0.456938773393631,0.6998770236968994,0.4644846022129059,-0.7048637270927429,0.5873868465423584,0.22572553443284277,-0.9195256516962277,0.06641640424514221,-0.3148163830160953,-2.476439998554791,-0.474550633458492,-3.1191275120606092
1083,941273.8762357286,941273.8956302501,right,-0.3064943552017212,-0.037082865834236145,0.1851131021976471,-0.5337240695953369,0.47020748257637024,0.7028821110725403,0.49883905053138733,-0.6953461170196533,0.6373764872550964,0.23246784457763806,-0.9201561463857819,0.06894751271851084,-0.30743706279888866,-2.4921429618460658,-0.4895258460183663,-3.123401856792159
1084,941273.8962357286,941273.91702125,right,-0.31072598695755005,-0.06873887032270432,0.18276138603687286,-0.5169788599014282,0.4846821129322052,0.7055606245994568,0.5530304908752441,-0.7672767043113708,0.7004051804542542,0.2398710222533429,-0.9206660714756214,0.07179361877520464,-0.2994686303022006,-2.509242431015917,-0.5059996845133973,-3.1284770108281124
1085,941273.9162357287,941273.92806625,right,-0.2888627350330353,-0.08557698130607605,0.14968276023864746,-0.49966904520988464,0.4994456470012665,0.7077320218086243,0.526495099067688,-0.6811137795448303,0.6504771113395691,0.24750866812982422,-0.9210247372366251,0.07469602745590444,-0.2913302985303875,-2.5268416473935416,-0.5229587786366067,-3.133951547788027
1086,941273.9362357287,941273.9484880834,right,-0.23214727640151978,-0.08386854827404022,0.08043573796749115,-0.4861607253551483,0.5111661553382874,0.7087712287902832,0.35568299889564514,-0.4224494397640228,0.4465737044811249,0.25360076027309314,-0.9211069749945908,0.07712057066305801,-0.2851331858582393,-2.5403787378752782,-0.5365410218884681,-3.1386287767939467
1087,941273.9562357287,941273.9862205834,right,-0.2175334095954895,-0.06724368780851364,0.08006434887647629,-0.4777953028678894,0.5187181830406189,0.7089734077453613,0.2353566735982895,-0.27425605058670044,0.33922597765922546,0.25749095640066233,-0.921010818870139,0.07890378386172943,-0.2814458170683355,-2.548581562181572,-0.5453509822296809,3.1411213112777694
1088,941273.9762357287,941273.9875850417,right,-0.3095511496067047,-0.07826746255159378,0.1299697607755661,-0.4677783250808716,0.5268600583076477,0.709649384021759,0.3182394504547119,-0.5430265069007874,0.6056213974952698,0.2615760092415136,-0.9209864158897263,0.08129424114002982,-0.2770440065330608,-2.558799348988404,-0.554902070104248,3.13593859758194
1089,941273.9962357287,941274.0156601667,right,-0.3542613983154297,-0.10357429087162018,0.16480652987957,-0.44902801513671875,0.539307713508606,0.7124048471450806,0.44266751408576965,-0.8815528154373169,0.8905339241027832,0.267778511812086,-0.9213616557476431,0.08541165774201603,-0.26849976429030475,-2.579192030746438,-0.5696148208109497,3.125450187954231
1090,941274.0162357287,941274.0345178334,right,-0.2833625376224518,-0.11522551625967026,0.11226047575473785,-0.42700546979904175,0.5529314279556274,0.7154950499534607,0.4171694815158844,-0.8006459474563599,0.7595043182373047,0.2747510269308009,-0.9217820744829628,0.08980738870332279,-0.25838795065642933,-2.603531549602331,-0.5858783225725906,3.1132880893065997
1091,941274.0362357288,941274.0477662084,right,-0.25863078236579895,-0.15274108946323395,0.0606909915804863,-0.4113657772541046,0.5630002021789551,0.7168045043945312,0.312351256608963,-0.49375832080841064,0.37838172912597656,0.2801927493741608,-0.9218868041425329,0.09234176304489958,-0.2511765563143782,-2.6205942794420456,-0.5980114883223415,3.1058885710451056
1092,941274.0562357288,941274.102379,right,-0.3392344117164612,-0.18390491604804993,0.07041053473949432,-0.404686838388443,0.5687711834907532,0.7160499095916748,0.32758206129074097,-0.4202299118041992,0.25028660893440247,0.28378957037789476,-0.9217125652314058,0.09203770566654829,-0.24786765949878165,-2.6271806230163146,-0.6050110528011219,3.106350997314241
1093,941274.0762357288,941274.1024978751,right,-0.41985073685646057,-0.21504296362400055,0.08021187037229538,-0.3979952931404114,0.5745162963867188,0.7152135968208313,0.3428128659725189,-0.346701443195343,0.12219148129224777,0.28737960715332567,-0.9215162398198768,0.09173145911562355,-0.24455279338456148,-2.633795345425359,-0.6120130847130189,3.106759304900551
1094,941274.0962357288,941274.1079024167,right,-0.46234461665153503,-0.24949930608272552,0.07345391809940338,-0.3926470875740051,0.5800634622573853,0.7136906981468201,0.3501586318016052,-0.2759244740009308,0.05014313757419586,0.2910156154900336,-0.921197778826866,0.0907746919468559,-0.24179429150833565,-2.6386234903013497,-0.6188066213333175,3.1090408728347625
1095,941274.1162357288,941274.1410589167,right,-0.4957304894924164,-0.2790479063987732,0.059432633221149445,-0.38957497477531433,0.5848124623298645,0.7114954590797424,0.3189264237880707,-0.14295504987239838,-0.041329409927129745,0.2942686632366677,-0.920738387366854,0.08937885484919049,-0.24012124939272173,-2.640637206784718,-0.6246488084547636,3.1129032297338672
1096,941274.1362357289,941274.178084625,right,-0.5531377196311951,-0.3052029013633728,0.055494338274002075,-0.38954299688339233,0.588080108165741,0.7088144421577454,0.2390003353357315,0.008632696233689785,-0.10801253467798233,0.2966627828344816,-0.920165266116973,0.08776747970611473,-0.2399664767485098,-2.639079894462618,-0.628683009514252,3.1179222126194324
1097,941274.1562357289,941274.1781322918,right,-0.6143497228622437,-0.33698540925979614,0.04576354846358299,-0.39260029792785645,0.5892379879951477,0.7061610221862793,0.06755614280700684,0.17945672571659088,-0.20003192126750946,0.29773164261520224,-0.9195843064726653,0.08628590590542268,-0.24140272988665296,-2.6341820032021177,-0.6301153978433399,3.123090833462016
1098,941274.1762357289,941274.1898297918,right,-0.635790228843689,-0.34961453080177307,0.046300288289785385,-0.40035828948020935,0.5863868594169617,0.7041755318641663,-0.14136166870594025,0.409668505191803,-0.3996710479259491,0.2964352589134983,-0.9192093052490862,0.08451059440220889,-0.24502692927298256,-2.624620084428223,-0.6265910808272793,3.129127857938615
1099,941274.1962357289,941274.2134356668,right,-0.7118165493011475,-0.3569972813129425,0.07005788385868073,-0.4130217730998993,0.5786975622177124,0.703222930431366,-0.3643239140510559,0.5602579116821289,-0.5574791431427002,0.2923867233178669,-0.9191664313669162,0.0821253629822467,-0.25079595994963033,-2.6105437973975345,-0.6171307369110519,3.136301751069593
1100,941274.2162357289,941274.2349773333,right,-0.8240359425544739,-0.3500067889690399,0.15000814199447632,-0.4284220039844513,0.5674573183059692,0.7031691074371338,-0.5058128833770752,0.6748608946800232,-0.6052676439285278,0.2862778439502255,-0.9193696746211834,0.07964918764880262,-0.25779920738546896,-2.5943827041050476,-0.6034145565062541,-3.1401956370319715
1101,941274.236235729,941274.260669625,right,-0.8705007433891296,-0.3308981955051422,0.23618030548095703,-0.4464041292667389,0.5544945597648621,0.7023241519927979,-0.5455227494239807,0.8969281315803528,-0.6619638800621033,0.2791276428872568,-0.919323956365334,0.07749570111577878,-0.2663187724706152,-2.575400274738022,-0.5877555015057907,-3.134158498771725
1102,941274.256235729,941274.2936809168,right,-0.8697212934494019,-0.3181903660297394,0.27225252985954285,-0.46940940618515015,0.5396159887313843,0.6989060044288635,-0.6168357729911804,1.2319245338439941,-0.8530685901641846,0.27100824683406227,-0.9185902149605663,0.07513354613751733,-0.27767167903945356,-2.5501587333865263,-0.5699808939664038,-3.1267820633633634
1103,941274.276235729,941274.295745625,right,-0.8770559430122375,-0.26580333709716797,0.3182292878627777,-0.4995361566543579,0.5209413170814514,0.6921588182449341,-0.7295172214508057,1.5707439184188843,-1.0994787216186523,0.2611208386190477,-0.9170208526480385,0.07177876506445997,-0.29280794122944576,-2.516446100025135,-0.5479533229005279,-3.116670383725016
1104,941274.296235729,941274.3166944584,right,-0.8881537318229675,-0.18823900818824768,0.34516963362693787,-0.5348789095878601,0.497342973947525,0.6830479502677917,-0.9279577136039734,1.7624764442443848,-1.2721389532089233,0.24884862016880935,-0.9148503250093698,0.06762317062674922,-0.31072555333864244,-2.4772564156535823,-0.5205334166156733,-3.105948028144623
1105,941274.316235729,941274.3346820833,right,-0.8837843537330627,-0.0996047630906105,0.3864758312702179,-0.5722309947013855,0.4687093198299408,0.6729514598846436,-1.1489219665527344,1.8446738719940186,-1.3846732378005981,0.23400100441055183,-0.912402535889304,0.06322487903928044,-0.3297997782650795,-2.4369069955606784,-0.48782909721144746,-3.097457924565707
1106,941274.336235729,941274.3497073334,right,-0.8284360766410828,-0.010686857625842094,0.4363991916179657,-0.6108441948890686,0.4344935119152069,0.6618794798851013,-1.3436306715011597,1.9529094696044922,-1.5696673393249512,0.21638298775008316,-0.9096886448701634,0.058364037054400936,-0.3496262764128711,-2.396272408344674,-0.4494758396386193,-3.0914757341922674
1107,941274.3562357291,941274.3898772917,right,-0.7810657620429993,0.0648273155093193,0.5074596405029297,-0.6508939266204834,0.39467766880989075,0.6485110521316528,-1.4744045734405518,2.0345678329467773,-1.756782054901123,0.19627889564137277,-0.9063674899734798,0.05247409528825501,-0.3704308614676811,-2.354360768189289,-0.4057170143080012,-3.0868277781458207
1108,941274.3762357291,941274.3902691251,right,-0.7443949580192566,0.13658125698566437,0.5584019422531128,-0.6903727650642395,0.3510459363460541,0.6325756907463074,-1.542067527770996,2.025179624557495,-1.8401437997817993,0.1746679196919966,-0.9023263514405869,0.04577147510198384,-0.3914118049360655,-2.312534226074246,-0.3586878835329602,-3.083748596564832
1109,941274.3962357291,941274.4095794167,right,-0.664349377155304,0.20996305346488953,0.59721440076828,-0.7282053828239441,0.3052765130996704,0.6136149764060974,-1.5427793264389038,2.081139087677002,-1.9427053928375244,0.152440712704005,-0.8974027361921258,0.03841682754056331,-0.41225522707280715,-2.271002048836371,-0.3102287778633802,-3.081974879539997
1110,941274.4162357291,941274.4412094167,right,-0.5553306937217712,0.27771198749542236,0.6372907161712646,-0.7661622762680054,0.25618940591812134,0.5893745422363281,-1.5333428382873535,2.312657594680786,-2.1866402626037598,0.12935503112127023,-0.8909615383004948,0.029577685636790526,-0.4342579805035532,-2.226507541675052,-0.2590779750742467,-3.0798525218273345
1111,941274.4362357291,941274.4768850834,right,-0.47747331857681274,0.3476025462150574,0.6656391620635986,-0.8047373294830322,0.2023695558309555,0.5580722093582153,-1.5270113945007324,2.5375165939331055,-2.4029784202575684,0.10492523063149098,-0.8824308748082007,0.01875897276993405,-0.4582080596980471,-2.1771356148781065,-0.20377693338396713,-3.0771678503623274
1112,941274.4562357292,941274.4776945,right,-0.4276427626609802,0.40657663345336914,0.6508702635765076,-0.8408894538879395,0.14583557844161987,0.5211881399154663,-1.53873610496521,2.5693976879119873,-2.4160778522491455,0.07968568253383167,-0.8720916171806653,0.007093754474398395,-0.4827588926827118,-2.1256518308164916,-0.14635752746843236,-3.076283373215316
1113,941274.4762357292,941274.4961727917,right,-0.35517072677612305,0.4612640142440796,0.6355414390563965,-0.871793806552887,0.08974915742874146,0.48158130049705505,-1.5492165088653564,2.4684319496154785,-2.3115012645721436,0.05453647883344471,-0.8606823286528603,-0.004077481709304973,-0.5061966724353603,-2.075482474010603,-0.08987007758093557,-3.079068564949434
1114,941274.4962357292,941274.5134382084,right,-0.29915618896484375,0.5105299949645996,0.6649556159973145,-0.8967781662940979,0.035855017602443695,0.44102561473846436,-1.5213396549224854,2.3367996215820312,-2.1775293350219727,0.029987422793768218,-0.8487106031627574,-0.014253380238328775,-0.5278143760569259,-2.027853638889532,-0.035862696250547124,-3.0856780246988835
1115,941274.5162357292,941274.5345553751,right,-0.2355257272720337,0.528065025806427,0.6540333032608032,-0.9165138006210327,-0.015444730408489704,0.399705171585083,-1.538753628730774,2.28230881690979,-2.0799143314361572,0.006092492542326955,-0.8362447191818301,-0.02339656808881154,-0.54782331401517,-1.9820435447836482,0.015445355601101758,-3.0957654306122997
1116,941274.5362357292,941274.5795442084,right,-0.11238247156143188,0.550765335559845,0.5871219038963318,-0.932548463344574,-0.06577997654676437,0.3550014793872833,-1.6021146774291992,2.4422738552093506,-2.1135196685791016,-0.017859280705908802,-0.8224795085516154,-0.03206626066303925,-0.5676091669113851,-1.9345364896743442,0.06582752286423343,-3.1090429130790156
1117,941274.5562357293,941274.5804529167,right,0.020849531516432762,0.5954904556274414,0.5631280541419983,-0.9456040263175964,-0.11720554530620575,0.3034728765487671,-1.6367077827453613,2.7120985984802246,-2.2025883197784424,-0.042693008339336626,-0.8062559438447214,-0.04108326331488402,-0.5885922105662131,-1.8813429174054308,0.11747557847166203,-3.125491279475455
1118,941274.5762357293,941274.5904287084,right,0.08326754719018936,0.6343973875045776,0.6004419326782227,-0.9546138644218445,-0.1671019196510315,0.24655462801456451,-1.5511528253555298,2.749544620513916,-2.0644209384918213,-0.06718704373135632,-0.7878826862345492,-0.05018196008836892,-0.6100889395065067,-1.823549716892765,0.1678895379758553,3.138646069640146
1119,941274.5962357293,941274.6164199167,right,0.16112257540225983,0.6565897464752197,0.6079055666923523,-0.959091305732727,-0.21000440418720245,0.18984723091125488,-1.3667032718658447,2.583543539047241,-1.730284571647644,-0.08893256382385738,-0.769123195005779,-0.058079039355198536,-0.6302121326575831,-1.7662151464795592,0.21157948646555785,3.1183187116283557
1120,941274.6162357293,941274.6370226667,right,0.28798437118530273,0.6541479229927063,0.558242678642273,-0.9600065350532532,-0.2448197603225708,0.13583360612392426,-1.2015764713287354,2.466251850128174,-1.4841952323913574,-0.10737987506539452,-0.7508430660251318,-0.06443242738730516,-0.6485003827791093,-1.711355745716702,0.24733380848713338,3.0977297126020518
1121,941274.6362357293,941274.6508562918,right,0.412695974111557,0.6348399519920349,0.48385030031204224,-0.9578893184661865,-0.2749441862106323,0.08278702199459076,-1.0830392837524414,2.452988386154175,-1.4022657871246338,-0.12363430856026318,-0.7324120971611316,-0.07047038660019256,-0.66582356139955,-1.6570086878027015,0.2785316797320535,3.0776769802747075
1122,941274.6562357293,941274.6905215001,right,0.49700310826301575,0.6105326414108276,0.425250381231308,-0.9527831673622131,-0.30212244391441345,0.030438126996159554,-0.9470402002334595,2.3958652019500732,-1.3099652528762817,-0.13827802386488172,-0.7136721988786475,-0.07675350486121918,-0.6823929757465738,-1.6027321009125322,0.30691838568752705,3.058449830188561
1123,941274.6762357294,941274.6914181251,right,0.5768464207649231,0.5950905084609985,0.39184901118278503,-0.9452003836631775,-0.3259016275405884,-0.01960749179124832,-0.7786186933517456,2.3108043670654297,-1.1742933988571167,-0.1510522866690004,-0.695199949935034,-0.08302606844626635,-0.6978445260284517,-1.550055126001544,0.33196530063689594,3.0405298649271364
1124,941274.6962357294,941274.7135448334,right,0.6551142334938049,0.5733973979949951,0.32762962579727173,-0.9356655478477478,-0.34647220373153687,-0.06698577105998993,-0.6748835444450378,2.19903564453125,-1.0579110383987427,-0.16203130795121193,-0.677166336414632,-0.08917908632159657,-0.7122069872106223,-1.4993267792935776,0.3538077731656081,3.0240359118588875
1125,941274.7162357294,941274.7534128751,right,0.7155055999755859,0.5403965711593628,0.27457600831985474,-0.9249480366706848,-0.36363333463668823,-0.11064384132623672,-0.5674598217010498,1.9941918849945068,-0.8828047513961792,-0.17128156093802344,-0.6600678670882077,-0.09480788091372191,-0.725247929542663,-1.451740455943771,0.37216529657118413,3.0088593595786928
1126,941274.7362357294,941274.7542697918,right,0.7690860033035278,0.4990440011024475,0.2340768575668335,-0.9146171808242798,-0.37610292434692383,-0.14839735627174377,-0.4225601553916931,1.7120290994644165,-0.6135254502296448,-0.17806547096536607,-0.6449190500591807,-0.09940213995536774,-0.7365400326176168,-1.4099473363017372,0.3855868239580225,2.996365166920572
1127,941274.7562357294,941274.7832744167,right,0.8461134433746338,0.46140143275260925,0.1830647885799408,-0.9055800437927246,-0.38398051261901855,-0.18023237586021423,-0.3200496435165405,1.5072262287139893,-0.40182992815971375,-0.1823742214072981,-0.6319070388507799,-0.10284625343488785,-0.7462276792453282,-1.3743392728382031,0.39410348115796573,2.9869638595607664
1128,941274.7762357295,941274.7952883751,right,0.927554726600647,0.43202632665634155,0.1203029528260231,-0.8971866965293884,-0.3891303539276123,-0.2088867425918579,-0.318849116563797,1.4138317108154297,-0.3138096034526825,-0.18551724872883668,-0.6200476475549511,-0.10534508866097204,-0.7550011635316051,-1.3420474285710873,0.3996873964320171,2.978587435282218
1129,941274.7962357295,941274.8176655418,right,0.9803332686424255,0.4124123752117157,0.10549968481063843,-0.8889302611351013,-0.3926924765110016,-0.2357872724533081,-0.3126465380191803,1.2917841672897339,-0.2275857776403427,-0.1882631020964821,-0.6088000590968525,-0.10709293124025066,-0.7631845330908222,-1.311518668538634,0.4035574642607015,2.970080236330668
1130,941274.8162357295,941274.8457247501,right,0.9882484674453735,0.40032288432121277,0.12292986363172531,-0.8824137449264526,-0.3931807577610016,-0.2583692967891693,-0.20037448406219482,0.994428277015686,0.044285599142313004,-0.18929577664362457,-0.5993033703535309,-0.10793915542949994,-0.7702931983808907,-1.2859596562385598,0.4040884493562463,2.9642017977607553
1131,941274.8362357295,941274.8508032501,right,1.0040364265441895,0.387042760848999,0.12531360983848572,-0.8799099922180176,-0.3885444700717926,-0.27348095178604126,-0.02940843440592289,0.623979389667511,0.39954647421836853,-0.18722199778503892,-0.5930812384847923,-0.10730425981147589,-0.7756858314428945,-1.2694559295379881,0.39905145192043934,2.9635697571425053
1132,941274.8562357295,941274.8857302084,right,1.049066424369812,0.36804407835006714,0.10624908655881882,-0.8813576698303223,-0.3794366121292114,-0.2814895510673523,0.07171612232923508,0.32424065470695496,0.6280252933502197,-0.18253841278996297,-0.5900707413565405,-0.10522254654487005,-0.7793743315056235,-1.2616543890496257,0.3891873441065858,2.9673980934678785
1133,941274.8762357295,941274.89034825,right,1.063852310180664,0.3542110025882721,0.09357237070798874,-0.8857259750366211,-0.3672838807106018,-0.2838872969150543,0.12386637926101685,0.020066842436790466,0.808647632598877,-0.17614555693155734,-0.5896070576908174,-0.10207794963067496,-0.7816113768018942,-1.2606275732863264,0.376087135807295,2.9741829136868807
1134,941274.8962357296,941274.9338918751,right,1.0559415817260742,0.34712111949920654,0.11040905117988586,-0.8931941390037537,-0.35184767842292786,-0.28001344203948975,0.21781852841377258,-0.3186786472797394,1.023639440536499,-0.1680470545891013,-0.5919808960232797,-0.09773404482853686,-0.782155314152286,-1.2670037665921365,0.3595442876521494,2.9837203782428934
1135,941274.9162357296,941274.9341875834,right,1.0389758348464966,0.3418678939342499,0.12234298884868622,-0.9037042260169983,-0.33289530873298645,-0.26925668120384216,0.30996939539909363,-0.6634171605110168,1.239720106124878,-0.15813045157663538,-0.5973878372658822,-0.09219258907911286,-0.7807835502811256,-1.2812234538380516,0.33937237592034053,2.9960238063113764
1136,941274.9362357296,941274.9508132084,right,1.0032976865768433,0.354856014251709,0.16548165678977966,-0.9165440797805786,-0.31038251519203186,-0.25220930576324463,0.4770299196243286,-0.9080027341842651,1.4436858892440796,-0.1460775934137451,-0.6054148612653287,-0.08583845385388199,-0.777666940047446,-1.302268248954103,0.31559542835227183,3.01155874623381
1137,941274.9562357296,941274.987087,right,0.9471948742866516,0.36782827973365784,0.21468913555145264,-0.9304119348526001,-0.2846738398075104,-0.2308558225631714,0.7385098338127136,-0.9972786903381348,1.6121582984924316,-0.13111763040490196,-0.6149864400545214,-0.0797734734591724,-0.7734572061725149,-1.3275859076550094,0.2886661998686064,3.0321463761259198
1138,941274.9762357296,941274.9915795834,right,0.8762476444244385,0.36781272292137146,0.22763769328594208,-0.943908154964447,-0.2569868266582489,-0.2073526382446289,0.9705879092216492,-1.0144988298416138,1.695564866065979,-0.11360238033196123,-0.6250845221780982,-0.07478678795979919,-0.7686161471963636,-1.3545565251252745,0.2599030352301209,3.0575368901915563
1139,941274.9962357297,941275.0116815,right,0.7914026379585266,0.38967275619506836,0.2511579096317291,-0.9561970233917236,-0.22866913676261902,-0.1827501356601715,1.0628905296325684,-1.062558889389038,1.6826629638671875,-0.09484169929099061,-0.6352973615926465,-0.07086775265675728,-0.7631383046240108,-1.381951946449294,0.23071039725683484,3.0853635013341454
1140,941275.0162357297,941275.0531510834,right,0.6822372674942017,0.42488449811935425,0.2795542776584625,-0.9671918749809265,-0.1999814361333847,-0.15667477250099182,1.048569679260254,-1.193315863609314,1.6702172756195068,-0.07605823816326783,-0.6458664402520518,-0.06722499503965527,-0.7566718871175371,-1.4102020845944272,0.20133899319604384,3.112740373421712
1141,941275.0362357297,941275.0537751667,right,0.5710775852203369,0.4165554642677307,0.25246864557266235,-0.9772522449493408,-0.16956304013729095,-0.1273825317621231,0.9503133893013,-1.4582082033157349,1.7428321838378906,-0.05726046924132645,-0.6575294831339041,-0.06295837567731023,-0.7486069978600248,-1.4411795624897348,0.17038628667782565,3.1386122919873363
1142,941275.0562357297,941275.083250375,right,0.4894707202911377,0.4082936942577362,0.249331533908844,-0.9862813949584961,-0.13647890090942383,-0.09285756945610046,0.8308824896812439,-1.7809855937957764,1.8325051069259644,-0.03904706571489113,-0.6710651155759773,-0.05694620929055712,-0.7381761811017525,-1.4769239643249323,0.1369061964476402,-3.1226321129012446
1143,941275.0762357297,941275.0956671251,right,0.39834922552108765,0.4013739228248596,0.28308358788490295,-0.993588924407959,-0.10040634870529175,-0.05195770785212517,0.7048336267471313,-2.1412572860717773,1.935280203819275,-0.021213619764761667,-0.6867349197004157,-0.049156289945253076,-0.7249336372985148,-1.5185510422734974,0.10057583980090595,-3.1046397963590278
1144,941275.0962357298,941275.1254750417,right,0.3347261846065521,0.38793107867240906,0.3187655806541443,-0.9980655312538147,-0.06193295493721962,-0.005444723181426525,0.6531510949134827,-2.3909013271331787,1.9652554988861084,-0.003503562494987295,-0.7040326391619812,-0.04019610011212842,-0.7090205435291256,-1.5653411950618683,0.061972627327509335,-3.0898397212347612
1145,941275.1162357298,941275.1318886251,right,0.2705846130847931,0.3491610288619995,0.3211841881275177,-0.998753011226654,-0.02262243628501892,0.044505029916763306,0.6549714207649231,-2.544776678085327,1.9265235662460327,0.014111076623026337,-0.7220004484160162,-0.03111130397630901,-0.6910487269532509,-1.615327556086537,0.022624376759776552,-3.077103840367972
1146,941275.1362357298,941275.1558567918,right,0.19747251272201538,0.3315720856189728,0.36417022347450256,-0.9952857494354248,0.01567085273563862,0.09571179747581482,0.6962296366691589,-2.5835018157958984,1.8023127317428589,0.03128343915990332,-0.7398219351044993,-0.022791446209376995,-0.67168849925432,-1.6666667607339465,-0.01567148585802587,-3.065762026823309
1147,941275.1562357298,941275.1769430417,right,0.0906173586845398,0.3305950164794922,0.4100837707519531,-0.9878138303756714,0.05208849534392357,0.14666439592838287,0.7477962374687195,-2.5964717864990234,1.7160518169403076,0.047736523611821215,-0.7570285165889344,-0.015494118046424324,-0.6514514120838367,-1.7181933323746559,-0.05211207246625727,-3.055715663761076
1148,941275.1762357298,941275.19443925,right,0.025781501084566116,0.3301440477371216,0.40525954961776733,-0.9766191840171814,0.08732776343822479,0.1964406818151474,0.732795774936676,-2.517040252685547,1.6114330291748047,0.06366120362365976,-0.7733966230684681,-0.008834422180253763,-0.6306559652872106,-1.7692913227179168,-0.08743913593675322,-3.0471302427340534
1149,941275.1962357298,941275.2332227917,right,-0.05196291580796242,0.37574782967567444,0.43479132652282715,-0.9626926779747009,0.12058644741773605,0.24224333465099335,0.7767676115036011,-2.384948253631592,1.5218805074691772,0.07887403816299011,-0.7881068124302979,-0.0030599176956984564,-0.6104565851385106,-1.8173095556439778,-0.12088061182707548,-3.0395509140084553
1150,941275.2162357299,941275.2339771667,right,-0.271628201007843,0.4007665514945984,0.48763325810432434,-0.9451127648353577,0.15639589726924896,0.28688371181488037,0.9461854100227356,-2.6260673999786377,1.748633861541748,0.09571675377075392,-0.8021446924285374,0.002407967039322648,-0.5894034570055999,-1.8655018108343948,-0.15704058726673498,-3.0310414961175516
1151,941275.2362357299,941275.2523840417,right,-0.39528346061706543,0.3945709764957428,0.4835556745529175,-0.9215376973152161,0.19789408147335052,0.33407509326934814,1.0583243370056152,-2.8161370754241943,1.8755792379379272,0.11532408385888443,-0.8166802280420167,0.008426326211075459,-0.5653872800952212,-1.9185803638653718,-0.1992090382193994,-3.0223143845162372
1152,941275.2562357299,941275.2895310418,right,-0.3633393347263336,0.36604708433151245,0.3948532044887543,-0.8947234749794006,0.23697501420974731,0.3785663843154907,0.9871315360069275,-2.560997724533081,1.529011607170105,0.13394532846777804,-0.83012131205619,0.013485131092120056,-0.5410871714504069,-1.9710650825574088,-0.23925097820435992,-3.0150984688819085
1153,941275.2762357299,941275.2925952501,right,-0.4118063449859619,0.3188154399394989,0.3701934814453125,-0.8686875104904175,0.26742544770240784,0.4169715642929077,0.889159619808197,-2.344097137451172,1.1562840938568115,0.14889310759519275,-0.8415599928901661,0.016205175235100452,-0.5189844954241588,-2.018317854364648,-0.27072015773102065,-3.0091237527451087
1154,941275.2962357299,941275.3119670834,right,-0.5169645547866821,0.27028292417526245,0.35448312759399414,-0.8414700627326965,0.29366806149482727,0.4535270929336548,0.8124470710754395,-2.5000977516174316,1.133456826210022,0.16199760866221027,-0.8523220746837301,0.017626100497231144,-0.4969839849469063,-2.0651318537625514,-0.29806183722826557,-3.004144688417905
1155,941275.31623573,941275.3537052084,right,-0.5611066818237305,0.22799162566661835,0.32702818512916565,-0.8094741106033325,0.3205315172672272,0.4919460713863373,0.7016032338142395,-2.670278549194336,1.2418239116668701,0.17477878702364016,-0.8634708740487534,0.01977713627515906,-0.47273588393947397,-2.1168843182315134,-0.32629054760943976,-3.002750435365344
1156,941275.33623573,941275.3540405,right,-0.5146993398666382,0.2079111784696579,0.30267736315727234,-0.7748297452926636,0.3463473916053772,0.5288499593734741,0.6006985902786255,-2.4905364513397217,1.1611173152923584,0.18655742984069013,-0.8740223555373074,0.0225817802811643,-0.44807509221007685,-2.1697058398998235,-0.35367469750302644,-3.0050331687857823
1157,941275.35623573,941275.3935468334,right,-0.5291194319725037,0.17217037081718445,0.3070351183414459,-0.7408207654953003,0.36979085206985474,0.560748815536499,0.5832209587097168,-2.3080062866210938,1.0831599235534668,0.1972515583248585,-0.8830282848643859,0.025209377679816545,-0.425108628297181,-2.2187174826755314,-0.37878391296844416,-3.008617425775309
1158,941275.37623573,941275.3942309584,right,-0.5524528622627258,0.1470787227153778,0.3224501311779022,-0.7065826058387756,0.39269429445266724,0.5886698365211487,0.631284773349762,-2.2444353103637695,1.0606316328048706,0.20794429708175116,-0.8908287079621497,0.027553044839915965,-0.403018875638608,-2.265410227377238,-0.4035594002633093,-3.0123598460126546
1159,941275.39623573,941275.4169894167,right,-0.5390648245811462,0.11130943894386292,0.3262932598590851,-0.6721441745758057,0.4145900309085846,0.6134635806083679,0.653540313243866,-2.090855598449707,0.9380218982696533,0.21841933074230171,-0.8977009621434929,0.02940771940487384,-0.38152491730815935,-2.310581995959384,-0.42749225768658305,-3.0161373439359127
1160,941275.41623573,941275.4333287918,right,-0.4602610170841217,0.08026646077632904,0.2796931862831116,-0.6417446732521057,0.43239250779151917,0.6334037184715271,0.5538952350616455,-1.6473033428192139,0.6007729768753052,0.22729621879319553,-0.9032162333172004,0.03003907652802756,-0.36281466078424635,-2.349653521539183,-0.4471444626425935,-3.018546418442972
1161,941275.4362357301,941275.4556595418,right,-0.41359591484069824,0.07227230072021484,0.24254865944385529,-0.6198334693908691,0.44474270939826965,0.6465370655059814,0.4925662875175476,-1.2269649505615234,0.36558571457862854,0.2340236340322916,-0.9068767387833494,0.02903719063242614,-0.3492338869423756,-2.3772782080378625,-0.46088699014741663,-3.017576414789518
1162,941275.4562357301,941275.4774715417,right,-0.49079185724258423,0.033032745122909546,0.2791730761528015,-0.6000881791114807,0.45762360095977783,0.6561055183410645,0.5873816013336182,-1.2417469024658203,0.5725383758544922,0.2410345783153132,-0.9095306999750736,0.028402494971133608,-0.3374158193688024,-2.4007579825879644,-0.4753206773497792,-3.0164363838175663
1163,941275.4762357301,941275.4932610834,right,-0.47025933861732483,-0.009316645562648773,0.23345842957496643,-0.5767823457717896,0.4743746221065521,0.66504967212677,0.6246305108070374,-1.2800490856170654,0.7868728041648865,0.24957879365501495,-0.9119493519624373,0.029551043081211616,-0.32432334317575706,-2.427153580510266,-0.49425350240355265,-3.018611645155585
1164,941275.4962357301,941275.5171740417,right,-0.3591100871562958,-0.02475360967218876,0.1535133570432663,-0.5537708401679993,0.4902050495147705,0.6730802655220032,0.49643269181251526,-1.0126516819000244,0.6858586072921753,0.2573253437673054,-0.9140759296619846,0.031707457444436975,-0.31183901576435463,-2.453138222748269,-0.5123249927937858,-3.023695513664014
1165,941275.5162357301,941275.533275375,right,-0.37578776478767395,-0.06166403740644455,0.14434084296226501,-0.5348482728004456,0.5031889081001282,0.678777277469635,0.3891322910785675,-0.8797662854194641,0.6556223630905151,0.2636164900403194,-0.9155533873078736,0.033921578296084595,-0.3018572302652548,-2.474237468830199,-0.527284917224312,-3.0290692246883975
1166,941275.5362357302,941275.5870529584,right,-0.36906903982162476,-0.09124492108821869,0.1469862312078476,-0.5132020115852356,0.517768919467926,0.6844994425773621,0.4128572642803192,-0.910373866558075,0.7493606805801392,0.270398230232126,-0.9169713215569726,0.037594459262202416,-0.29092126852191813,-2.498252992430748,-0.5442410011378064,-3.038098870528907
1167,941275.5562357302,941275.5871240001,right,-0.3626939654350281,-0.1205134317278862,0.15018072724342346,-0.4912121295928955,0.5320363640785217,0.6896719336509705,0.4365822374820709,-0.940981388092041,0.8430989980697632,0.27713095699428963,-0.9182230586321701,0.04126046309436245,-0.2799326214243919,-2.522699004806551,-0.5610037578293662,-3.047700907899409
1168,941275.5762357302,941275.5946910001,right,-0.2880869209766388,-0.13010476529598236,0.11089809238910675,-0.47161704301834106,0.5447873473167419,0.6933857202529907,0.3805714249610901,-0.6622323393821716,0.6393323540687561,0.28321427698533413,-0.9190701700466523,0.04475399516159099,-0.2703639776915443,-2.544302935519297,-0.5761354773153391,-3.0569699333907816
1169,941275.5962357302,941275.64135325,right,-0.30985867977142334,-0.15031535923480988,0.10494095832109451,-0.45802000164985657,0.5544611811637878,0.6948311924934387,0.3241649866104126,-0.45873159170150757,0.474997341632843,0.28799536871986536,-0.9193391804173888,0.04723443797233751,-0.26389963406329026,-2.558789958124925,-0.587715338384824,-3.063221103624161
1170,941275.6162357302,941275.6418260417,right,-0.34512001276016235,-0.15955595672130585,0.10162145644426346,-0.4467242360115051,0.5631070137023926,0.6952322125434875,0.2985837161540985,-0.43382030725479126,0.46453672647476196,0.29235727556653685,-0.919334194474362,0.04940417947774078,-0.258671726650997,-2.5704697937176393,-0.5981407700579678,-3.068424294315998
1171,941275.6362357303,941275.673911625,right,-0.31335389614105225,-0.15474222600460052,0.07250566780567169,-0.43575385212898254,0.5710045099258423,0.6957531571388245,0.22705985605716705,-0.3916217088699341,0.4277011752128601,0.2963005854812284,-0.9193530279387919,0.05163940990693707,-0.2536323761798925,-2.582055379047289,-0.6077289629395065,-3.0741154891033435
1172,941275.6562357303,941275.6739480001,right,-0.2622591257095337,-0.1422526091337204,0.05859925225377083,-0.42695552110671997,0.5767258405685425,0.6964886784553528,0.1475984901189804,-0.26366493105888367,0.3164738118648529,0.2990777401111255,-0.9194410177682328,0.0535966166420346,-0.24961610580864937,-2.5916609337785528,-0.6147151500189438,-3.079428704807933
1173,941275.6762357303,941275.6960103334,right,-0.26181870698928833,-0.14249171316623688,0.06553077697753906,-0.4201855957508087,0.580456018447876,0.6975058317184448,0.07665728032588959,-0.22339870035648346,0.27772802114486694,0.30077385816612345,-0.9196173028511146,0.05528987780953721,-0.24654007640177816,-2.5994019201199716,-0.6192886115492741,-3.084315780326842
1174,941275.6962357303,941275.7144893334,right,-0.2458871603012085,-0.134505495429039,0.0677209421992302,-0.41394224762916565,0.5834304690361023,0.6987563371658325,0.018536821007728577,-0.20243117213249207,0.2731613516807556,0.302013644240393,-0.9198489914847634,0.05706179626503616,-0.24374058988128156,-2.6067813169117406,-0.6229461505540043,-3.089548202797975
1175,941275.7162357303,941275.7568580834,right,-0.2051166146993637,-0.12375087291002274,0.05615461990237236,-0.40859490633010864,0.5855827927589417,0.7001022696495056,-0.04355793446302414,-0.12025822699069977,0.24119821190834045,0.30274130109760505,-0.9200936209803926,0.05898215683180132,-0.24144691550088906,-2.6133031307023544,-0.6255988331069768,-3.095125030843151
1176,941275.7362357304,941275.7578332084,right,-0.1762208491563797,-0.11173505336046219,0.0540570430457592,-0.4049018323421478,0.5866809487342834,0.7013271450996399,-0.0741441622376442,-0.027501512318849564,0.23789282143115997,0.30281287166382154,-0.9202893712198327,0.06108257716648767,-0.24008479240091157,-2.6180042222488593,-0.6269541893695009,-3.1008633127005383
1177,941275.7562357304,941275.7773104584,right,-0.18220439553260803,-0.10623086988925934,0.058333057910203934,-0.4012099802494049,0.5878069400787354,0.7025054097175598,-0.07347490638494492,-0.03815530613064766,0.3406952917575836,0.3027570681473973,-0.920426712194992,0.06377618919186477,-0.23892577127502163,-2.6226845350274997,-0.6283453335657536,-3.1078776555924787
1178,941275.7762357304,941275.7945935834,right,-0.19737236201763153,-0.11197671294212341,0.048634737730026245,-0.3954007029533386,0.5899438858032227,0.7040062546730042,-0.08412155508995056,-0.09256108850240707,0.468771755695343,0.3030442792748691,-0.9205679488032116,0.06751148025141224,-0.23698336213637816,-2.6298539811733153,-0.63098935592854,-3.1176443278549013
1179,941275.7962357304,941275.8157494167,right,-0.1949164867401123,-0.12391018867492676,0.025979017838835716,-0.38842612504959106,0.5923002362251282,0.7059074640274048,-0.1444297879934311,-0.0509163998067379,0.49792739748954773,0.3032771416778849,-0.9207391799102548,0.07206334703784567,-0.23466819448866577,-2.638557031282052,-0.6339107577109951,-3.129632956184683
1180,941275.8162357304,941275.8508167501,right,-0.17913854122161865,-0.13314616680145264,-8.561710274079815E-05,-0.3831283152103424,0.5931333303451538,0.7080997228622437,-0.25292298197746277,0.09228648245334625,0.43166354298591614,0.30254910388875583,-0.9209440323595195,0.07688945650847216,-0.23326821728573618,-2.645634919510599,-0.6349451016320415,3.141006900676408
1181,941275.8362357304,941275.8541141667,right,-0.16712747514247894,-0.12960854172706604,-0.01483200117945671,-0.3807600736618042,0.5917976498603821,0.7104907035827637,-0.35540610551834106,0.22101935744285583,0.3739261031150818,0.3005116976150714,-0.9211745865326502,0.08174818799278007,-0.23333936090165547,-2.6496304384421356,-0.6332870751361117,3.1287322738174645
1182,941275.8562357305,941275.8773850834,right,-0.14842098951339722,-0.10919110476970673,-0.01061186846345663,-0.3802134096622467,0.588999330997467,0.7131043076515198,-0.41113904118537903,0.2931215167045593,0.37952399253845215,0.29753058957971784,-0.9214188156556355,0.08683056055577149,-0.23435751703664146,-2.651754304748013,-0.6298200651449528,3.116151587945276
1183,941275.8762357305,941275.8943683334,right,-0.11560647189617157,-0.08188974112272263,-0.004544563591480255,-0.3800846040248871,0.5858138203620911,0.7157915830612183,-0.4342597424983978,0.3221607804298401,0.4271756708621979,0.29418701931474067,-0.9216048321002294,0.09241414594560952,-0.23570765128997617,-2.6534546186262684,-0.6258838322231821,3.102524713328152
1184,941275.8962357305,941275.9334803751,right,-0.0767943486571312,-0.06076963245868683,-0.004404178820550442,-0.37959110736846924,0.582812488079071,0.7184983491897583,-0.4476584792137146,0.3238537013530731,0.4826156198978424,0.2908112658174282,-0.9217002674487383,0.0985790915064542,-0.23702220835478494,-2.655553147763478,-0.622185509890692,3.0875878917107262
1185,941275.9162357305,941275.9339320001,right,-0.035419490188360214,-0.04525419697165489,-0.013268103823065758,-0.37868139147758484,0.5798866152763367,0.7213402986526489,-0.47383883595466614,0.3306245505809784,0.5150395631790161,0.28737440652025514,-0.9217397681927098,0.10519504250308503,-0.23821368693877704,-2.6581699695807424,-0.618589534587638,3.0715561912864406
1186,941275.9362357305,941275.9768747917,right,0.00023165292805060744,-0.03059636615216732,-0.019881924614310265,-0.37791764736175537,0.5765143632888794,0.7244371175765991,-0.520604133605957,0.35781797766685486,0.5056353211402893,0.28360738479492276,-0.9217702619557187,0.11206327362738012,-0.23947482958676952,-2.660759212491156,-0.6144563197687101,3.0548842845095927
1187,941275.9562357306,941275.9776497501,right,0.022362032905220985,-0.010869939811527729,-0.012267415411770344,-0.3779340386390686,0.5722209811210632,0.7278247475624084,-0.5595774054527283,0.3920193612575531,0.47328945994377136,0.2792873191610213,-0.921833654481915,0.1188911773104039,-0.24101071803415583,-2.662652047815317,-0.6092115079844382,3.0382833121145008
1188,941275.9762357306,941275.9959447917,right,0.034513507038354874,0.0027478868141770363,-0.004042221698909998,-0.37852194905281067,0.5671730637550354,0.7314616441726685,-0.5855289697647095,0.391362726688385,0.4583764374256134,0.2745341064813623,-0.9219284065992388,0.12561397632086937,-0.24269376244046023,-2.6640535378455366,-0.6030693332217805,3.021881372320415
1189,941275.9962357306,941276.01708625,right,0.04138246178627014,0.012547915801405907,0.004634312819689512,-0.37882012128829956,0.5619215369224548,0.7353501915931702,-0.5910298824310303,0.3591635525226593,0.4727074205875397,0.26967622666187147,-0.9220420612048228,0.13233880188193803,-0.24413058188515624,-2.6658939087455535,-0.5967069498499421,3.0053242375554454
1190,941276.0162357306,941276.0345225417,right,0.0473363921046257,0.019131917506456375,0.016018953174352646,-0.3785000443458557,0.5568944811820984,0.7393282055854797,-0.5819980502128601,0.3254258632659912,0.4897971451282501,0.2649658207291369,-0.9221206597344929,0.13913167109945085,-0.2452120862484154,-2.668429867076111,-0.5906420931473144,2.9885162511923826
1191,941276.0362357306,941276.0556498751,right,0.04305911064147949,0.028060808777809143,0.03147149458527565,-0.3773833215236664,0.5524877905845642,0.7431949973106384,-0.5381284356117249,0.2767390310764313,0.5332803726196289,0.26064364909429616,-0.9221063523114222,0.14600480258417947,-0.2459009875848459,-2.671736484390167,-0.585345958827049,2.971517383841426
1192,941276.0562357306,941276.0765538751,right,0.03579764813184738,0.03273192420601845,0.041614845395088196,-0.37483248114585876,0.5493178367614746,0.746826708316803,-0.46095582842826843,0.21523278951644897,0.5932406783103943,0.2570717002162954,-0.9219432053997614,0.15308202545672883,-0.24596880317413153,-2.676426126072507,-0.5815476361560596,2.9540420288077707
1193,941276.0762357307,941276.094307875,right,0.0386212095618248,0.03183622285723686,0.03681439161300659,-0.3711470365524292,0.5474947690963745,0.7499992847442627,-0.38984087109565735,0.19341929256916046,0.6051701903343201,0.25434633156162145,-0.921592485513505,0.16020914215300563,-0.24557720605310376,-2.682063009888523,-0.5793674978699465,2.936562198879308
1194,941276.0962357307,941276.1174266668,right,0.04881121218204498,0.027754180133342743,0.020250367000699043,-0.3679847717285156,0.5462173223495483,0.7524848580360413,-0.35187894105911255,0.23929116129875183,0.540053129196167,0.25201315481755343,-0.9210622911889941,0.16699316149920618,-0.24545227339503825,-2.686762692061896,-0.5778417064429131,2.920235523426659
1195,941276.1162357307,941276.1381185834,right,0.042642656713724136,0.026565512642264366,0.009360598400235176,-0.36647871136665344,0.5447898507118225,0.7542527318000793,-0.33519190549850464,0.28525397181510925,0.46833083033561707,0.24967007911737732,-0.9204102468701918,0.1731224559652512,-0.24604552893985987,-2.6893022512178466,-0.5761384431804025,2.9058921651400134
1196,941276.1362357307,941276.1560153334,right,0.023959511891007423,0.028149772435426712,0.010780883021652699,-0.36585819721221924,0.5433164238929749,0.7556159496307373,-0.306179404258728,0.2729657292366028,0.44861024618148804,0.24736226149400112,-0.9196961828473564,0.17879298720009618,-0.24698994962777648,-2.6906766684354184,-0.5743823944308178,2.892851505491486
1197,941276.1562357307,941276.1772359584,right,0.008398552425205708,0.02579871565103531,0.007412926759570837,-0.36453476548194885,0.5423596501350403,0.7569413185119629,-0.26269224286079407,0.2086699903011322,0.4617653787136078,0.24544588970413525,-0.9189716794653454,0.18428716957096788,-0.24755919610363344,-2.6927819609399384,-0.5732431415421639,2.880115200746095
