index,source_timestamp,receipt_uptime,sensor_location,user_acceleration_x,user_acceleration_y,user_acceleration_z,gravity_x,gravity_y,gravity_z,rotation_rate_x,rotation_rate_y,rotation_rate_z,quaternion_w,quaternion_x,quaternion_y,quaternion_z,roll,pitch,yaw
1476,940838.9980065692,940839.0165386667,right,-0.0001496951445005834,0.0027921360451728106,0.0021408270113170147,-0.8002805113792419,-0.08822488784790039,0.5930994749069214,-0.015567591413855553,-0.005091198720037937,0.025569168850779533,-0.07693377748710607,-0.8908034039960645,0.05494589794163795,-0.4444449516445878,-2.2085864183754214,0.08833974223710055,2.973878910353911
1477,940839.0180065692,940839.0438716668,right,-0.00028274665237404406,0.002289287745952606,0.002076268196105957,-0.8001822829246521,-0.0878085345029831,0.5932945013046265,-0.007724502589553595,-0.02278679423034191,0.04233759269118309,-0.07687484594376247,-0.8908353463394245,0.0553140486899125,-0.4443457579107711,-2.2088023979853517,0.08792176648699884,2.973282678118403
1478,940839.0380065693,940839.061501875,right,0.002287020441144705,0.002503745025023818,0.0011532420758157969,-0.7999698519706726,-0.0871424749493599,0.5936784148216248,-0.0007363713812083006,-0.023645667359232903,0.049437034875154495,-0.07670566345879536,-0.8909151781678091,0.055761602865985735,-0.4441586810778251,-2.2092389784255486,0.08725314888333388,2.9726538693230506
1479,940839.0580065693,940839.0768153333,right,0.004943129140883684,0.001182065112516284,0.0006523574702441692,-0.7998696565628052,-0.08645905554294586,0.5939139127731323,-0.0016735256649553776,-0.001793360454030335,0.03456597402691841,-0.07651533936446733,-0.8909556937737981,0.05616874509113172,-0.44405920957205375,-2.20948875157095,0.08656713740374676,2.972108442891863
1480,940839.0780065693,940839.1045615417,right,0.0034655313938856125,-0.0004953487077727914,0.0013957037590444088,-0.8000637888908386,-0.08613631129264832,0.5936986804008484,-0.00540987029671669,0.024890271946787834,0.015049566514790058,-0.07645873833560078,-0.8908813670375493,0.05638920086345469,-0.44418983953832175,-2.209199149338767,0.08624318190702576,2.971752502333652
1481,940839.0980065693,940839.1451393334,right,0.0014492671471089125,-0.0005349386483430862,0.0018414900405332446,-0.8004599809646606,-0.08597574383020401,0.593187689781189,-0.0024334308691322803,0.03154141828417778,0.013248899020254612,-0.07644859040568713,-0.8907317534434562,0.05648705066650765,-0.44447909673264896,-2.208550271558601,0.0860820209997558,2.9715586911785308
1482,940839.1180065693,940839.1461675001,right,0.002415247028693557,-1.2365780094114598E-05,-0.00021029000345151871,-0.8008170127868652,-0.08563921600580215,0.5927543044090271,0.005458373110741377,0.01894441992044449,0.02482585236430168,-0.07634963852137053,-0.890602184031243,0.05661185576094485,-0.4447398009008486,-2.207987415883956,0.08574424646532072,2.9714012464673893
1483,940839.1380065694,940839.1732052084,right,0.003720994805917144,-0.0010081151267513633,-0.0014282220508903265,-0.8010215759277344,-0.08502445369958878,0.592566728591919,0.012979281134903431,0.0027223399374634027,0.03403632342815399,-0.07612575929105102,-0.8905359558576239,0.056824953016888356,-0.4448837253527215,-2.207713975638314,0.08512723529494595,2.9712119696368884
1484,940839.1580065694,940839.1751197084,right,0.006642927415668964,-0.0014752153074368834,-0.004100354854017496,-0.8011255860328674,-0.08433151245117188,0.5925247669219971,0.011840223334729671,0.0024263353552669287,0.02576865255832672,-0.07585033427233893,-0.8905104892335655,0.05703903781575285,-0.4449542057070173,-2.207618023569451,0.08443179650395786,2.9710754323502635
1485,940839.1780065694,940839.19656325,right,0.00863080844283104,-0.0022614719346165657,-0.004123645834624767,-0.8012160658836365,-0.08393870294094086,0.5924581289291382,0.006063390057533979,0.01145835593342781,0.009228507056832314,-0.07569113543617982,-0.8904847260426397,0.057149163497756304,-0.4450187179949815,-2.2075102811892227,0.08403758679938023,2.971018749136741
1486,940839.1980065694,940839.2419122917,right,0.006917507387697697,-0.0032954371999949217,-0.002780522219836712,-0.8014167547225952,-0.08378945291042328,0.5922081470489502,0.005471291486173868,0.014743839390575886,0.0037605431862175465,-0.07562327830581615,-0.8904145174941678,0.0571496037530923,-0.4451708196734283,-2.207188841839005,0.08388781195030738,2.971066419153138
1487,940839.2180065694,940839.2423437918,right,0.0030361320823431015,-0.003258659504354,-0.00043420647853054106,-0.8015848398208618,-0.08365567773580551,0.5919995307922363,0.007111506070941687,0.009479125961661339,0.008693662472069263,-0.07556084963364881,-0.8903560028891842,0.057148658890723736,-0.4452985557740346,-2.206920227675916,0.08375356435874445,2.971113826811899
1488,940839.2380065694,940839.2577755001,right,0.0012864235322922468,-0.005388242658227682,0.0014499790268018842,-0.8017058372497559,-0.08337445557117462,0.5918756127357483,0.006991161033511162,0.00560286920517683,0.010484502650797367,-0.07543451327410812,-0.8903183136086842,0.05719374313244455,-0.44538963084495486,-2.206748086266378,0.08347135389846905,2.9711411476293694
1489,940839.2580065695,940839.2845177917,right,-0.0007686397875659168,-0.0046024015173316,0.00032228222698904574,-0.8017980456352234,-0.08312080055475235,0.59178626537323,0.004481085576117039,0.0035288608632981777,0.01148215215653181,-0.07533504645005441,-0.8902885760537272,0.057266032870517174,-0.44545657456993604,-2.2066209858921857,0.08321681412981381,2.9710971424163053
1490,940839.2780065695,940839.3108087084,right,9.384049189975485E-05,-0.004819612484425306,-0.00025376403937116265,-0.8018789887428284,-0.08273123949766159,0.591731071472168,0.004208297934383154,0.004990931134670973,0.019160786643624306,-0.07518595658092124,-0.8902648366662808,0.05739407759573142,-0.44551270741302784,-2.2065281883305667,0.08282591187834677,2.9710000166579564
1491,940839.2980065695,940839.3166862084,right,0.0018615826265886426,-0.003902073949575424,-0.0021303186658769846,-0.8019692301750183,-0.0822911262512207,0.591670036315918,0.0033241065684705973,0.004220013972371817,0.022782733663916588,-0.0750387329819367,-0.890235594641057,0.0575812700506701,-0.4455717259734091,-2.206425117592263,0.08238429149249882,2.9707949013506005
1492,940839.3180065695,940839.3596120001,right,0.002298329258337617,-0.0036481786519289017,-0.003658382222056389,-0.8020585775375366,-0.08184356987476349,0.5916107892990112,-0.003255954012274742,0.0028440651949495077,0.02592671476304531,-0.07490471160327397,-0.8902045691349787,0.057803286602600916,-0.4456274330959525,-2.206324054223731,0.08193521884771532,2.970515525481332
1493,940839.3380065695,940839.360218125,right,0.001829079701565206,-0.0037693276535719633,-0.004055371042340994,-0.8021508455276489,-0.0814521387219429,0.591539740562439,-0.0073037901893258095,0.0017570378258824348,0.03102814219892025,-0.07482716231751568,-0.8901669707007753,0.058074355581419754,-0.4456803230412694,-2.206211735681226,0.08154247670266941,2.9700964342465315
1494,940839.3580065696,940839.3808019167,right,0.004271624144166708,-0.003914152272045612,-0.005514721851795912,-0.8022485375404358,-0.08098483830690384,0.5914713144302368,-0.010036622174084187,0.0038451594300568104,0.03747684508562088,-0.07474976851789232,-0.8901244781064539,0.05843017488144891,-0.4457316335254685,-2.2060983506290808,0.08107362886179574,2.9695254737290275
1495,940839.3780065696,940839.396834625,right,0.003847721964120865,-0.003404744900763035,-0.003970145247876644,-0.8023867011070251,-0.08059573173522949,0.5913370847702026,-0.015840142965316772,0.009702114388346672,0.03730592876672745,-0.07472798961615201,-0.8900622619549508,0.05880231573380384,-0.44581058652589783,-2.2059076816472465,0.08068324716754247,2.9688715144683573
1496,940839.3980065696,940839.4218633334,right,0.00021131872199475765,-0.0024597179144620895,-0.002023922512307763,-0.8025550246238708,-0.08021560311317444,0.5911607146263123,-0.02064652182161808,0.011667679995298386,0.03675570711493492,-0.07472973006927267,-0.8899859446657753,0.05920621506540921,-0.44590935624214806,-2.20566505501819,0.08030188351895164,2.9681372655536324
1497,940839.4180065696,940839.4494522917,right,-0.0007803632761351764,-0.0025595356710255146,-0.0009245075052604079,-0.802768886089325,-0.07979913055896759,0.5909265875816345,-0.018690619617700577,0.013495797291398048,0.043422162532806396,-0.07473710969031205,-0.8898902483281181,0.059654509537029325,-0.44603934776237103,-2.2053487169065202,0.07988406893932874,2.9673155208103026
1498,940839.4380065696,940839.4741629584,right,0.00039486977038905025,-0.0030576763674616814,-0.0007660225965082645,-0.8030270934104919,-0.07928111404180527,0.5906457304954529,-0.01747738942503929,0.019134098663926125,0.04251829534769058,-0.07470493765332355,-0.8897792940242449,0.060130465641925424,-0.44620223782026625,-2.204968255283458,0.07936440602331196,2.9664779803257058
1499,940839.4580065697,940839.4748227918,right,-0.006829516030848026,-0.004806894343346357,0.00424632802605629,-0.8034007549285889,-0.07883364707231522,0.5901972055435181,-0.013174822553992271,0.0290820375084877,0.04028752073645592,-0.0746861347177464,-0.8896258949297059,0.06053420648997216,-0.44645658940935656,-2.204383728516165,0.07891553249598103,2.965749623153021
1500,940839.4780065697,940839.4978157084,right,-0.011438118293881416,-0.004678091499954462,0.006693101488053799,-0.8038332462310791,-0.07823380082845688,0.5896875858306885,-0.0033633443526923656,0.030383111909031868,0.05224127322435379,-0.07459481245852628,-0.8894539852887557,0.06095428668474742,-0.4467569713943437,-2.2037149401706246,0.07831382738559552,2.9650552560418073
1501,940839.4980065697,940839.5422809584,right,-0.008553072810173035,-0.0036335501354187727,0.0072490982711315155,-0.8042671084403992,-0.07715456932783127,0.5892379283905029,0.015464452095329762,0.029248971492052078,0.07152406871318817,-0.07427781250882591,-0.8892926148272725,0.061462323712992956,-0.44706127236977367,-2.2030938701505987,0.07723132469887585,2.964412215761547
1502,940839.5180065697,940839.54259275,right,-0.01023675873875618,-0.004649654496461153,0.00929716695100069,-0.8047527074813843,-0.07549064606428146,0.5887905955314636,0.03765823692083359,0.031239602714776993,0.09487172216176987,-0.07368521377492167,-0.8891247535081198,0.062068469502191824,-0.4474094861822972,-2.2024441997164024,0.07556253697973025,2.9638455152637047
1503,940839.5380065697,940839.5579098751,right,-0.005308077670633793,-0.002194326836615801,0.0034900526516139507,-0.80527263879776,-0.07315322011709213,0.5883747339248657,0.054649751633405685,0.028342975303530693,0.1190255805850029,-0.07278416597217695,-0.8889557850209122,0.06280922461992962,-0.44778920678213263,-2.201799859262986,0.07321862796911927,2.9633216395053332
1504,940839.5580065697,940839.5841124167,right,-0.0020255870185792446,-0.003689178265631199,0.0022944840602576733,-0.8058357238769531,-0.07043398171663284,0.5879351496696472,0.06261502206325531,0.03858915716409683,0.12179736793041229,-0.07170352536842886,-0.8887750845898098,0.06361169985540484,-0.44820865372254287,-2.201111023263416,0.07049235187239554,2.962851599965222
1505,940839.5780065698,940839.6020126668,right,0.0004352474643383175,-0.0037577676121145487,0.00257311062887311,-0.8065394759178162,-0.06785178929567337,0.5872737765312195,0.06386158615350723,0.05306383594870567,0.111437126994133,-0.07067582322844694,-0.8885365520335073,0.06434040878883918,-0.44874062433669754,-2.200159704437405,0.06790396573315462,2.9624577120726627
1506,940839.5980065698,940839.6240330834,right,0.0018180391052737832,-0.0040766098536551,0.001230500522069633,-0.8072890043258667,-0.0653533935546875,0.5865268111228943,0.06557747721672058,0.04895811155438423,0.11360935121774673,-0.06966277916736925,-0.8882787000164026,0.06499510953921757,-0.44931481586014815,-2.1991124298551026,0.06540000557444278,2.962181680792367
1507,940839.6180065698,940839.649151375,right,0.004755793139338493,-0.0038399267941713333,-8.49089483381249E-05,-0.8079609274864197,-0.06270778179168701,0.585889995098114,0.06586458534002304,0.036991313099861145,0.115846186876297,-0.06858260362294247,-0.8880481460087154,0.06569244903456183,-0.4498349864580103,-2.1982004944396754,0.06274895432429857,2.9618976031536577
1508,940839.6380065698,940839.6614891251,right,0.00782158225774765,-0.0035443855449557304,-0.004052553325891495,-0.8084838390350342,-0.059969350695610046,0.585455060005188,0.06620348989963531,0.0224881824105978,0.1216541975736618,-0.06745678707831128,-0.8878710923715682,0.06642637263307098,-0.45024669369441306,-2.1975402379261153,0.0600053563177821,2.961599650886945
1509,940839.6580065698,940839.6776569167,right,0.011797230690717697,-0.002941789571195841,-0.007269336376339197,-0.8088437914848328,-0.057196300476789474,0.5852351784706116,0.06438996642827988,0.01395544782280922,0.12142345309257507,-0.06631902226114256,-0.8877508792822455,0.06720108389742711,-0.4505376660374895,-2.197150398194083,0.05722753315273605,2.96124895605055
1510,940839.6780065699,940839.7039432917,right,0.009718285873532295,-0.0038953109178692102,-0.0032711096573621035,-0.8091402649879456,-0.05461340397596359,0.5850721597671509,0.05699624866247177,0.015328638255596161,0.11400390416383743,-0.06526632491919844,-0.8876485894408662,0.06794164278326323,-0.45078182787337534,-2.1968440541666268,0.05464059170759992,2.960884166037227
1511,940839.6980065699,940839.745841125,right,0.006104723550379276,-0.00425953883677721,0.004910219926387072,-0.8094174861907959,-0.05218996852636337,0.5849097371101379,0.051364198327064514,0.00914834626019001,0.11219638586044312,-0.06429035027038535,-0.8875476920984267,0.06865840624022747,-0.45101203397212325,-2.1965496141758076,0.05221369064949319,2.96049220982304
1512,940839.7180065699,940839.7461512501,right,0.0038354448042809963,-0.004716735798865557,0.005255693569779396,-0.8094890117645264,-0.04960067197680473,0.585036039352417,0.056631360203027725,-0.018828559666872025,0.13520564138889313,-0.0632649264701204,-0.88751813090149,0.0694953101998741,-0.4510870169086797,-2.1966101663143105,0.049621034951853285,2.9599402447623935
1513,940839.7380065699,940839.7709752084,right,0.006722954101860523,-0.00551722664386034,0.00214249431155622,-0.8091674447059631,-0.04650036245584488,0.5857352614402771,0.06089569628238678,-0.05699169263243675,0.16508916020393372,-0.062047842873646314,-0.8876289643435813,0.070586602186068,-0.4508685712575317,-2.1973660492907277,0.04651713822221764,2.9591252777945836
1514,940839.7580065699,940839.7814536251,right,0.007678456604480743,-0.00535978889092803,0.0014727165689691901,-0.8085188269615173,-0.042927395552396774,0.5869025588035583,0.06054528057575226,-0.07962042838335037,0.18634113669395447,-0.06066977157643077,-0.887849127901972,0.07193890546049046,-0.4504086403106489,-2.198693145404404,0.042940593485107405,2.958000591387224
1515,940839.77800657,940839.7975356667,right,0.01042562909424305,-0.004035989288240671,0.002145622158423066,-0.8077045679092407,-0.03914351761341095,0.5882863402366638,0.0578358992934227,-0.08296865969896317,0.19588437676429749,-0.059230353145725195,-0.888116571825782,0.07343124631476797,-0.4498316459738923,-2.2002925947902043,0.039153522523576095,2.956681379620905
1516,940839.79800657,940839.8240937501,right,0.008134420961141586,-0.0032593742944300175,0.003321928670629859,-0.8068360686302185,-0.035215701907873154,0.5897253155708313,0.059734877198934555,-0.08787912130355835,0.2088903933763504,-0.057752572847554404,-0.8883891564757055,0.07501582731125984,-0.4492239626231059,-2.2019680829871477,0.035222987377570444,2.955226675692968
1517,940839.81800657,940839.8439778334,right,0.007700089365243912,-0.0033118645660579205,0.0014696418074890971,-0.8059155344963074,-0.03096100501716137,0.5912202000617981,0.06787600368261337,-0.0936778262257576,0.22601722180843353,-0.0561493497458604,-0.888664018256397,0.07672273833898738,-0.44859457761615845,-2.2037190016890658,0.030965953325750785,2.9536607199390708
1518,940839.83800657,940839.8589438751,right,0.006173286121338606,-0.003324174787849188,0.0005652355612255633,-0.8049502968788147,-0.02645155042409897,0.5927520394325256,0.06429438292980194,-0.09052329510450363,0.2275950014591217,-0.05444486656132792,-0.888938068368383,0.07851836372365036,-0.4479504798703272,-2.205525701639444,0.0264546372053494,2.9520201171640994
1519,940839.85800657,940839.8838471251,right,0.0034393970854580402,-0.004980647936463356,-0.0002341204963158816,-0.8040681481361389,-0.022152338176965714,0.5941245555877686,0.05922890082001686,-0.07951924949884415,0.21758346259593964,-0.05284590392139874,-0.8891672361395427,0.08027406662277138,-0.4473758269194573,-2.207154402945986,0.02215415097980177,2.950344234581399
1520,940839.87800657,940839.9011602917,right,0.005006765015423298,-0.004264046438038349,-0.002314809011295438,-0.8032808899879456,-0.018123416230082512,0.5953242778778076,0.05091983452439308,-0.06749748438596725,0.1994502991437912,-0.05136184574569698,-0.8893525820909218,0.08193981897788194,-0.44687775010683595,-2.208587351116692,0.01812440864930958,2.9487157639934183
1521,940839.8980065701,940839.9192676251,right,-0.0028394965920597315,-0.0068149203434586525,0.0001299714931519702,-0.8025774359703064,-0.014365392737090588,0.5963745713233948,0.04872895032167435,-0.06651321053504944,0.19110196828842163,-0.04999454611335964,-0.8895007276883136,0.08352090490662278,-0.44644497841646685,-2.209850151323596,0.01436588725030178,2.947125832399739
1522,940839.9180065701,940839.9468279168,right,-0.010070398449897766,-0.010577024891972542,-0.0030249529518187046,-0.8018479347229004,-0.010715452022850513,0.5974318385124207,0.04764334112405777,-0.05980323627591133,0.18335236608982086,-0.04865781202550333,-0.8896533019865633,0.08504667145237492,-0.4460004899585247,-2.2111339507146313,0.0107156570679163,2.9456022036927267
1523,940839.9380065701,940839.975819375,right,-0.02363615483045578,-0.01789485476911068,-0.0026544174179434776,-0.8014089465141296,-0.0073279947973787785,0.5980716943740845,0.05030421167612076,-0.015909511595964432,0.163855642080307,-0.047415072770079954,-0.8897013346226017,0.0864140034161489,-0.4457756228615801,-2.211909329237983,0.007328060242476192,2.944271102879347
1524,940839.9580065701,940839.9799702917,right,-0.04206690937280655,-0.02782510407269001,0.0007847421802580357,-0.8016343116760254,-0.004193873144686222,0.5977995991706848,0.06438548117876053,0.048633504658937454,0.1434389352798462,-0.04624452840765803,-0.8895167653894241,0.08751991264179626,-0.4460510257023047,-2.2115564859745445,0.004193885339916336,2.94333901849252
1525,940839.9780065701,940840.0039366251,right,-0.06598427891731262,-0.04086100682616234,0.0025138340424746275,-0.8025547862052917,-0.0010938316117972136,0.5965774655342102,0.08806248754262924,0.1042860820889473,0.12970522046089172,-0.045031166251312385,-0.8890889459252482,0.08837182420832736,-0.44685958271847115,-2.2100265111323925,0.00109383151084366,2.942901761072556
1526,940839.9980065702,940840.0456180001,right,-0.10303974151611328,-0.05919680744409561,-0.004556467290967703,-0.8039687871932983,0.0021243568044155836,0.5946674942970276,0.12403789907693863,0.12124170362949371,0.1311357468366623,-0.04366758947425462,-0.888492829515732,0.08896210980333952,-0.44806175216843114,-2.2076500974655553,-0.002124358927782073,2.9430749046632507
1527,940840.0180065702,940840.04764875,right,-0.1405639946460724,-0.08985140174627304,-0.024669669568538666,-0.8052761554718018,0.005942265968769789,0.5928698182106018,0.15397976338863373,0.10574278235435486,0.1477150171995163,-0.04194027288654579,-0.8879316105625398,0.08951179671385416,-0.4492282432639007,-2.205427284146142,-0.005942301246470278,2.9436569860973583
1528,940840.0380065702,940840.0709975418,right,-0.17236073315143585,-0.13175436854362488,-0.04715259373188019,-0.8067167401313782,0.010483376681804657,0.59084552526474,0.18634821474552155,0.15152816474437714,0.1576930731534958,-0.03982657343378133,-0.8873051382333513,0.09006864064529183,-0.45054540319173775,-2.2029429466732386,-0.010483569569019132,2.944585947671059
1529,940840.0580065702,940840.0977890834,right,-0.214373379945755,-0.18516692519187927,-0.058238882571458817,-0.8094079494476318,0.015176926739513874,0.5870508551597595,0.19399525225162506,0.33138903975486755,0.11828379333019257,-0.037624392535422206,-0.8862027070447346,0.09038909608679993,-0.4528345101330676,-2.1982907898961628,-0.015177509764456015,2.9460450767768283
1530,940840.0780065702,940840.13951775,right,-0.26095709204673767,-0.23997953534126282,-0.06379032135009766,-0.8148711323738098,0.0187106654047966,0.5793403387069702,0.18474729359149933,0.6014558672904968,0.04825429245829582,-0.03598455344149072,-0.8840602331509568,0.09004271864507274,-0.45720349197206883,-2.1888398460647847,-0.0187117572767817,2.94824575847024
1531,940840.0980065702,940840.1401294167,right,-0.29781830310821533,-0.2855975329875946,-0.09511081129312515,-0.8228852152824402,0.02205444499850273,0.567779541015625,0.2191321700811386,0.7809957265853882,0.10758481174707413,-0.03456302301077633,-0.8808444931210152,0.08945808711003196,-0.4635899675005628,-2.174770031990502,-0.022056234689468716,2.9507466620420155
1532,940840.1180065703,940840.1792262917,right,-0.2633720636367798,-0.2977738082408905,-0.14620932936668396,-0.8328431844711304,0.027832331135869026,0.5528090596199036,0.19502507150173187,0.9062178730964661,0.10994365811347961,-0.032385159832518724,-0.8765631861275911,0.08967445938229339,-0.47174865141623007,-2.1567847751524933,-0.027835927375140058,2.952631445872202
1533,940840.1380065703,940840.1792947084,right,-0.2292177528142929,-0.30991441011428833,-0.19710421562194824,-0.8425092697143555,0.03357456624507904,0.5376348495483398,0.17091794312000275,1.0314401388168335,0.11230255663394928,-0.030204357257315184,-0.8722032444604207,0.08988282745915248,-0.4798649915560095,-2.1387854665023895,-0.03358087871879917,2.954620206852754
1534,940840.1580065703,940840.2014851667,right,-0.17316895723342896,-0.27640068531036377,-0.2254677414894104,-0.8543285727500916,0.03506036847829819,0.5185495018959045,-0.02207428589463234,1.252524733543396,-0.13551795482635498,-0.03020154886836167,-0.8667805401455332,0.08925393699269185,-0.48970723552256745,-2.1163231028937153,-0.035067554654256976,2.9561106016747223
1535,940840.1780065703,940840.2027065001,right,-0.16143910586833954,-0.2211923897266388,-0.19564227759838104,-0.8681095242500305,0.028773464262485504,0.4955381453037262,-0.2753247916698456,1.4181954860687256,-0.43154677748680115,-0.03400636161198895,-0.860338649753944,0.08710045168002906,-0.501073408035023,-2.089486899020426,-0.02877743766261014,2.9565104792243964
1536,940840.1980065703,940840.2214087084,right,-0.18898315727710724,-0.17233386635780334,-0.11537446826696396,-0.8820610046386719,0.016325684264302254,0.4708518981933594,-0.4505317509174347,1.3806387186050415,-0.5470386147499084,-0.040978214296302,-0.8534333532696954,0.08412770626797686,-0.5127325990790772,-2.0611237442295867,-0.016326410598591502,2.9548681925955607
1537,940840.2180065704,940840.2442020001,right,-0.22146590054035187,-0.1340642124414444,-0.046908244490623474,-0.8937373757362366,0.0032045235857367516,0.4485793113708496,-0.5054304599761963,1.1229150295257568,-0.4089234471321106,-0.04867363573043276,-0.8470994374251831,0.08192805914188568,-0.5228205304954199,-2.0359739634992757,-0.003204529281219113,2.9507375751193066
1538,940840.2380065704,940840.2666185001,right,-0.2499825358390808,-0.11125447601079941,0.010721534490585327,-0.902367353439331,-0.006556040141731501,0.4309176802635193,-0.4938890337944031,0.8479087352752686,-0.18495053052902222,-0.055267460491954426,-0.8419102506669737,0.08152288147472829,-0.5305531496060084,-2.016316094246366,0.006556086936090002,2.9443983684035073
1539,940840.2580065704,940840.2815933333,right,-0.2503621578216553,-0.09927661716938019,0.027435049414634705,-0.908801257610321,-0.01265471987426281,0.4170371890068054,-0.4927848279476166,0.7010396122932434,-0.03243771195411682,-0.06060225100846182,-0.8376502235264629,0.08282934330506543,-0.5364781087616782,-2.0010161410843206,0.012655057097195615,2.9363508229392496
1540,940840.2780065704,940840.3119541667,right,-0.21284618973731995,-0.0833720862865448,0.027166707441210747,-0.9146448969841003,-0.017417747527360916,0.4038826525211334,-0.5320529937744141,0.7479283213615417,-0.04728047177195549,-0.06564539982666222,-0.8335080642592746,0.08488606228054518,-0.5419864569370944,-1.9866204547362925,0.0174186288102334,2.927258825255627
1541,940840.2980065704,940840.3212282084,right,-0.17300312221050262,-0.06654544919729233,0.028180072084069252,-0.9212473630905151,-0.023513710126280785,0.38826602697372437,-0.5865610837936401,0.9277018308639526,-0.15295563638210297,-0.07148653488859748,-0.82863598519191,0.08657611618197025,-0.5484129144467097,-1.9696620804372602,0.023515877443437114,2.9177789772707423
1542,940840.3180065705,940840.3572220417,right,-0.15245456993579865,-0.054353468120098114,0.042376454919576645,-0.9289432168006897,-0.03195590153336525,0.3688405752182007,-0.6277942061424255,1.1213527917861938,-0.262761652469635,-0.07852446891637643,-0.8226663265619911,0.08740947017998017,-0.5562496315619314,-1.948760442690478,0.031961342898927374,2.90818493418024
1543,940840.3380065705,940840.3741849167,right,-0.14617742598056793,-0.03741096332669258,0.06836403161287308,-0.937288761138916,-0.04213409125804901,0.34599769115448,-0.6257098913192749,1.2572301626205444,-0.326032429933548,-0.08642454324517156,-0.8156915296872754,0.087442434283277,-0.565271572628952,-1.924426079168683,0.04214656769690699,2.898637109728277
1544,940840.3580065705,940840.382818375,right,-0.12647990882396698,-0.020169109106063843,0.08175908029079437,-0.9456442594528198,-0.052546996623277664,0.3209296762943268,-0.5852162837982178,1.3300554752349854,-0.3317583203315735,-0.09441021022782982,-0.8080220859767323,0.08697785718912789,-0.5749973479042878,-1.8979760462850068,0.052571207699034006,2.8894536227154477
1545,940840.3780065705,940840.4377045,right,-0.09336359053850174,0.00032566560548730195,0.0837349072098732,-0.9535918235778809,-0.06304275244474411,0.2944287657737732,-0.5726403594017029,1.3280640840530396,-0.3567657768726349,-0.10227878293731227,-0.7998914067771217,0.08595422354979944,-0.5850852131580093,-1.870268173330007,0.06308458297461682,2.880947166107871
1546,940840.3980065705,940840.43786275,right,-0.06104947254061699,0.02057427540421486,0.08603347092866898,-0.9607370495796204,-0.07329236716032028,0.2676052153110504,-0.5600644946098328,1.3260729312896729,-0.3817732334136963,-0.11012371781478261,-0.7915761378100613,0.08491075249829576,-0.5950379813774058,-1.8424521290158786,0.07335814636641748,2.8721459397847773
1547,940840.4180065705,940840.4388446667,right,-0.0449834018945694,0.035379134118556976,0.08990535885095596,-0.9667699337005615,-0.08341633528470993,0.24165555834770203,-0.543224573135376,1.2495794296264648,-0.3821713328361511,-0.11782494097709574,-0.7834651664015246,0.08372643750178378,-0.604391780651078,-1.8157390487645393,0.08351337594853843,2.8634446116143075
1548,940840.4380065706,940840.4599826668,right,-0.019520971924066544,0.041093841195106506,0.08559780567884445,-0.9716752767562866,-0.09385115653276443,0.21688443422317505,-0.5578901767730713,1.205095648765564,-0.4471760094165802,-0.1255987058891886,-0.7756652207271114,0.08237528983638996,-0.6130111349804003,-1.79040323620559,0.09398947909819358,2.854643576606213
1549,940840.4580065706,940840.4840433334,right,0.003445247421041131,0.054181262850761414,0.08849500119686127,-0.9755809307098389,-0.10606048256158829,0.19233575463294983,-0.5783789157867432,1.1851692199707031,-0.5486819744110107,-0.1341626957476272,-0.7679125530877249,0.08048722239293434,-0.621154197542619,-1.7654499812021474,0.10626034035478676,2.845346126167395
1550,940840.4780065706,940840.5064812084,right,0.001876935944892466,0.06496566534042358,0.09229019284248352,-0.978438675403595,-0.1189713403582573,0.16882985830307007,-0.556411623954773,1.07320237159729,-0.5427809357643127,-0.14291916125157983,-0.760453655522538,0.07826345729649754,-0.6286168741811845,-1.7416640731337811,0.11925379721464657,2.836007784709243
1551,940840.4980065706,940840.5201535834,right,-0.00039389909943565726,0.07438641786575317,0.1017482578754425,-0.980341374874115,-0.13082920014858246,0.14769640564918518,-0.5133906602859497,0.9492794275283813,-0.5016648173332214,-0.15101961902666228,-0.7536835118031189,0.07621922432942273,-0.6350943196254137,-1.72032986561465,0.13120532328480572,2.8270591669727496
1552,940840.5180065706,940840.5488370417,right,0.010345608927309513,0.07860564440488815,0.1020863875746727,-0.9815072417259216,-0.1420297920703888,0.12833955883979797,-0.47898486256599426,0.8999045491218567,-0.507746696472168,-0.15861688481899347,-0.7474396870813819,0.07418692459095672,-0.6408361208803961,-1.700816300617284,0.14251169007575196,2.8185923317434574
1553,940840.5380065707,940840.5615309167,right,0.026432592421770096,0.08638859540224075,0.10302931070327759,-0.9820595979690552,-0.15396390855312347,0.1088772639632225,-0.45979270339012146,0.9527826905250549,-0.5911329388618469,-0.16635498680710178,-0.7411518550280867,0.07164191263288779,-0.6464421701593053,-1.6812116724258876,0.15457877168694364,2.810422628053077
1554,940840.5580065707,940840.5815061667,right,0.007752390578389168,0.0949350968003273,0.11116557568311691,-0.9819644093513489,-0.16716977953910828,0.08831790089607239,-0.4311616122722626,0.9785836338996887,-0.6391097903251648,-0.17441906216885739,-0.7345056175878305,0.06826748613861809,-0.6522415247880181,-1.660495006045282,0.16795835479598673,2.80264880925778
1555,940840.5780065707,940840.6043406667,right,-0.023417888209223747,0.09827301651239395,0.12804363667964935,-0.9812867045402527,-0.1800829917192459,0.06816622614860535,-0.36060431599617004,0.9198711514472961,-0.6004197001457214,-0.1820462074281659,-0.7279516023028477,0.06457227248395851,-0.657857216663666,-1.6401510800148829,0.18107081572623232,2.795659005424316
1556,940840.5980065707,940840.6215961667,right,-0.02604041062295437,0.10170458257198334,0.12955446541309357,-0.9801956415176392,-0.19174930453300476,0.04948475956916809,-0.279361754655838,0.8721588253974915,-0.5617814064025879,-0.1886865960470589,-0.7218335439763052,0.06081707400541299,-0.6630648630456294,-1.6212380798494206,0.19294421001933482,2.78997871349713
1557,940840.6180065707,940840.65639775,right,-0.011053930036723614,0.10074551403522491,0.11875562369823456,-0.9786665439605713,-0.20307591557502747,0.0311784278601408,-0.23686078190803528,0.9056419134140015,-0.5896787643432617,-0.19480780444342036,-0.7158009016127556,0.056729929214307216,-0.6681772185503795,-1.602643628364425,0.20449827149751573,2.7852861118952714
1558,940840.6380065707,940840.6614648751,right,0.0020655991975218058,0.10696624219417572,0.11047101020812988,-0.9764705300331116,-0.21533623337745667,0.011634551919996738,-0.21724456548690796,0.987855076789856,-0.648504376411438,-0.2011247342312552,-0.7093086560427441,0.05194716393096012,-0.6735959306240522,-1.5827106687337031,0.21703612773176184,2.780895643035271
1559,940840.6580065708,940840.6815765834,right,-0.018418334424495697,0.10942565649747849,0.11680885404348373,-0.973699152469635,-0.2276759147644043,-0.008580435998737812,-0.167390838265419,0.972159206867218,-0.5960618853569031,-0.2072833958673541,-0.7025100721516201,0.04679082960353151,-0.6792082226095254,-1.5619843529861521,0.2296902447797365,2.776873523355177
1560,940840.6780065708,940840.7039741251,right,-0.027023881673812866,0.10440957546234131,0.11400394141674042,-0.9708800911903381,-0.23801478743553162,-0.02721710130572319,-0.0911659449338913,0.8859578967094421,-0.46829453110694885,-0.21220306216106616,-0.6961546547672535,0.04195410449831363,-0.6845278785354275,-1.5427702371855305,0.24032138815214513,2.774122792710954
1561,940840.6980065708,940840.7351419167,right,0.005226870533078909,0.09769792854785919,0.08833770453929901,-0.9680843353271484,-0.24663323163986206,-0.04455200955271721,-0.06548706442117691,0.8859742283821106,-0.4442785680294037,-0.21609921624822742,-0.6901604667482761,0.03745030917891182,-0.6896210520896789,-1.5248079819486506,0.2492046211858686,2.772365279188604
1562,940840.7180065708,940840.7448328334,right,0.024289865046739578,0.09427491575479507,0.0776929035782814,-0.964654266834259,-0.2559152841567993,-0.06284502148628235,-0.10854846239089966,0.9617516994476318,-0.5295806527137756,-0.22038860040890987,-0.683745054905645,0.032713759111260836,-0.6948751105086444,-1.5057405501625474,0.2587943915506205,2.7699861450894
1563,940840.7380065708,940840.7630961251,right,0.007475744932889938,0.09435044229030609,0.0880168154835701,-0.9604495167732239,-0.2661088705062866,-0.08199285715818405,-0.10509864240884781,0.9408411383628845,-0.5281210541725159,-0.2251870011214378,-0.6769323217657476,0.027680352924311778,-0.7002051537269629,-1.4856335571301553,0.2693540854558807,2.7668559685825747
1564,940840.7580065709,940840.7838650417,right,-0.013678877614438534,0.09177828580141068,0.09338928759098053,-0.9563403129577637,-0.2749304175376892,-0.09912916272878647,-0.04293474927544594,0.7920790910720825,-0.39550554752349854,-0.22920035121548635,-0.6707479428543219,0.02307849365265975,-0.7050048588786845,-1.4675104922971742,0.27851734099917896,2.764382469490632
1565,940840.7780065709,940840.8064472501,right,0.003590961452573538,0.08590414375066757,0.07966101169586182,-0.9528973698616028,-0.28140923380851746,-0.11311797797679901,-0.01476250123232603,0.6808212399482727,-0.30962222814559937,-0.23196481578029554,-0.6656333420259206,0.019320071733537777,-0.7090497048619422,-1.4526397714753951,0.2852623916304582,2.7630079344065797
1566,940840.7980065709,940840.831693,right,0.029750684276223183,0.08134136348962784,0.0711183026432991,-0.9494315385818481,-0.2875427007675171,-0.12609142065048218,-0.027476796880364418,0.6827630400657654,-0.3509945571422577,-0.23453857341757908,-0.6608377013750018,0.015742269024959066,-0.7127674515200764,-1.4387616890256039,0.29166020287923744,2.7617125527079462
1567,940840.8180065709,940840.845468375,right,0.023319464176893234,0.07654985040426254,0.07641930878162384,-0.9454146027565002,-0.2945798933506012,-0.1393343210220337,-0.018160421401262283,0.6901888847351074,-0.39683130383491516,-0.23747263146678455,-0.6558911457937757,0.011817240822332778,-0.7164314249472237,-1.4244706255048707,0.2990158898043726,2.7601208925581875
1568,940840.8380065709,940840.8615583751,right,0.0024518342688679695,0.07561320811510086,0.08017642796039581,-0.9411157965660095,-0.3020053803920746,-0.1519661694765091,0.01900484599173069,0.6463980674743652,-0.39063602685928345,-0.24033424229230993,-0.6511212473635375,0.007618026066427271,-0.719876734204032,-1.4107037349274563,0.3067955643577069,2.7589460459816806
1569,940840.858006571,940840.9056242501,right,-0.007361435331404209,0.07490072399377823,0.06823265552520752,-0.9367619156837463,-0.3093993663787842,-0.163551926612854,0.03967224434018135,0.6237237453460693,-0.4022755026817322,-0.24294201811509647,-0.646693846821482,0.003332460651469639,-0.7230181107891379,-1.3979457457533417,0.31456133221425286,2.758314679587628
1570,940840.878006571,940840.9060765001,right,-0.027216358110308647,0.06684300303459167,0.06839409470558167,-0.9318711757659912,-0.31764131784439087,-0.17527145147323608,0.04043150320649147,0.6676273941993713,-0.4689679443836212,-0.24582696926100558,-0.6421545899517555,-0.0013245586479746895,-0.7260887294593327,-1.3848828254491692,0.3232409497960177,2.757532451129628
1571,940840.898006571,940840.9214958334,right,-0.054579123854637146,0.04791485145688057,0.06733694672584534,-0.9262690544128418,-0.32677483558654785,-0.18773341178894043,0.0783022791147232,0.7104498147964478,-0.4753350615501404,-0.24893743864956544,-0.6372525806054858,-0.006514884680761806,-0.7293126043540031,-1.3708280886297692,0.33288903889939925,2.756750904889943
1572,940840.918006571,940840.9427430001,right,-0.05489205941557884,0.03489362448453903,0.05698885768651962,-0.9204168319702148,-0.3355899453163147,-0.2005298137664795,0.12562346458435059,0.7540302872657776,-0.4344196021556854,-0.2515705820616105,-0.6321328110822224,-0.011966569481016145,-0.7327872350761627,-1.356280042080049,0.3422314151372889,2.7568369110178588
1573,940840.938006571,940840.9649312501,right,-0.05519794672727585,0.02345222793519497,0.05050461366772652,-0.9142865538597107,-0.3439725935459137,-0.21392253041267395,0.1612512171268463,0.8118969798088074,-0.41730618476867676,-0.2536581067933535,-0.6266786416265342,-0.017680848320932308,-0.7366266489218489,-1.340953529013077,0.3511444030756824,2.7578565352480493
1574,940840.958006571,940840.9829006251,right,-0.06323196738958359,0.00844110082834959,0.04786242917180061,-0.9077810049057007,-0.35223284363746643,-0.22774039208889008,0.19380491971969604,0.8382391929626465,-0.3959656357765198,-0.25537424939201686,-0.6209418777785837,-0.023685136602171385,-0.740711954350205,-1.3249934332534756,0.359955792797888,2.759573470820184
1575,940840.9780065711,940841.0027785418,right,-0.038523007184267044,0.005200639367103577,0.029902081936597824,-0.9009142518043518,-0.36040252447128296,-0.2417922168970108,0.17568819224834442,0.8753625750541687,-0.4198429584503174,-0.2569341437016943,-0.6149931833219581,-0.02978711218095714,-0.7449033285496831,-1.3085900130219636,0.3686993896948235,2.761418343070383
1576,940840.9980065711,940841.0340171667,right,-0.013924024067819118,0.00971917249262333,0.02174556627869606,-0.8930187821388245,-0.36944547295570374,-0.25695809721946716,0.12694324553012848,0.925747275352478,-0.49870815873146057,-0.2591494704201841,-0.6084555836526878,-0.03609358047534229,-0.7492133262137218,-1.290623928046702,0.3784121986683187,2.7619228297251324
1577,940841.0180065711,940841.0426587084,right,-0.013578562997281551,0.014016063883900642,0.03557537868618965,-0.8842267394065857,-0.37939703464508057,-0.2723982334136963,0.09196828305721283,0.8915645480155945,-0.543612003326416,-0.2620990780992431,-0.601661090913521,-0.042483086650634834,-0.7533280055130239,-1.2719580804418238,0.3891445172816539,2.760912680933815
1578,940841.0380065711,940841.0704178751,right,-0.012260273098945618,0.021609187126159668,0.05969821289181709,-0.8751327395439148,-0.3896546959877014,-0.2869003117084503,0.051060788333415985,0.8154334425926208,-0.5781605243682861,-0.26550466052494925,-0.5951336998680357,-0.04863873979505874,-0.7569394895954057,-1.2540012195995136,0.40025663682472595,2.7587316051603663
1579,940841.0580065711,940841.0948779584,right,-0.0052696880884468555,0.03321952000260353,0.07228381931781769,-0.8660269379615784,-0.400011271238327,-0.29998013377189636,0.016154438257217407,0.7051158547401428,-0.5826513767242432,-0.2693282924410899,-0.589109617403826,-0.05440400021058983,-0.7599027623814022,-1.2373442058067619,0.4115291478299259,2.755387894446162
1580,940841.0780065712,940841.1023445834,right,-0.007165074348449707,0.03332167863845825,0.08425264805555344,-0.8577945232391357,-0.4095337986946106,-0.3105972707271576,0.024803929030895233,0.5475955009460449,-0.507768988609314,-0.2729601311295566,-0.5840915367629508,-0.05948483058325743,-0.7620967621796338,-1.2233933858825117,0.4219429829546877,2.751935293212613
1581,940841.0980065712,940841.12268825,right,0.011181906796991825,0.03524477034807205,0.0954669862985611,-0.8505544662475586,-0.41807204484939575,-0.319018691778183,0.01915036328136921,0.4841897785663605,-0.49293363094329834,-0.2762593942291503,-0.5800056068337309,-0.06390730469927537,-0.7636688954910154,-1.2119630201192568,0.4313219408339074,2.74868716999765
1582,940841.1180065712,940841.1478189584,right,0.02245914191007614,0.039225976914167404,0.10166043788194656,-0.8430125713348389,-0.42681804299354553,-0.32734712958335876,-0.009242339059710503,0.5175679922103882,-0.5398141145706177,-0.2798350214482842,-0.5759012770194565,-0.06829463029730613,-0.7650921193843778,-1.2004111704124487,0.44097131104622145,2.744746122654316
1583,940841.1380065712,940841.1738520834,right,0.013579824939370155,0.03962789848446846,0.10655821114778519,-0.8348299860954285,-0.43584245443344116,-0.3363039791584015,-0.014141888357698917,0.5354394912719727,-0.5372672080993652,-0.2836411338386628,-0.5714392976436388,-0.07283641265784922,-0.7666158197860459,-1.1878429891390485,0.4509741220830802,2.7401943276815124
1584,940841.1580065712,940841.2042032084,right,0.02697482332587242,0.05128757283091545,0.10234061628580093,-0.8266960382461548,-0.444336861371994,-0.34516441822052,0.007113792467862368,0.5379524230957031,-0.48461079597473145,-0.2871762459677148,-0.5669645333923156,-0.07725937797752347,-0.7681875422686888,-1.1752759875290075,0.4604339152069446,2.735841799769654
1585,940841.1780065713,940841.2046405,right,0.056000933051109314,0.07225177437067032,0.11336053907871246,-0.8183985352516174,-0.4523244798183441,-0.3544384241104126,-0.0006934050470590591,0.6074733138084412,-0.4896682798862457,-0.2904785872397432,-0.5622449804166003,-0.08161716394822638,-0.769962054414516,-1.162095207148956,0.46936998444458217,2.7315485499803773
1586,940841.1980065713,940841.2255459167,right,0.06759130954742432,0.08067772537469864,0.11648742109537125,-0.8093063235282898,-0.4602554738521576,-0.3649492561817169,-0.022003106772899628,0.654019296169281,-0.476668119430542,-0.2938269121441364,-0.5568719671335839,-0.08613348948175796,-0.7721012103021214,-1.1471602971872221,0.4782829535398567,2.7267759498742343
1587,940841.2180065713,940841.2440122918,right,0.09768877923488617,0.09517655521631241,0.10491309314966202,-0.8006126284599304,-0.46700677275657654,-0.37539857625961304,-0.01734153740108013,0.616639256477356,-0.37899336218833923,-0.2966365426936982,-0.5514991953378389,-0.09027369063350325,-0.7744069483459588,-1.1323456861642227,0.4859027116457144,2.7224603202749194
1588,940841.2380065713,940841.2638429584,right,0.15029412508010864,0.11995647847652435,0.10100702941417694,-0.792829155921936,-0.47231894731521606,-0.3851451575756073,-0.034851957112550735,0.5854751467704773,-0.32275405526161194,-0.29889114779397574,-0.5464762548044655,-0.0937609594557244,-0.7766831838154543,-1.1185845958357503,0.4919198324708486,2.7186089663497026
1589,940841.2580065713,940841.2952292501,right,0.1901811808347702,0.1417103260755539,0.10900576412677765,-0.7852826714515686,-0.47677019238471985,-0.39499548077583313,-0.09305928647518158,0.5872032046318054,-0.318835586309433,-0.3011662704846701,-0.5414353575197758,-0.09669548287533923,-0.7789715706023073,-1.1047533331774977,0.49697674865053276,2.714031768971956
1590,940841.2780065713,940841.3124267918,right,0.2105213701725006,0.15992161631584167,0.10745801776647568,-0.7779512405395508,-0.48037266731262207,-0.4050111174583435,-0.133037269115448,0.5291016101837158,-0.2507329285144806,-0.3035029899137707,-0.536357898191839,-0.09906888718121595,-0.781275600739928,-1.090795059421993,0.501079557887199,2.7086509959505385
1591,940841.2980065714,940841.3390272917,right,0.22098852694034576,0.17453831434249878,0.10427533835172653,-0.7727097868919373,-0.4817380905151367,-0.4133375287055969,-0.12427344173192978,0.3653087317943573,-0.07056406885385513,-0.3050020753628141,-0.5322408495336214,-0.10025422221577146,-0.7833533593269512,-1.0796049234591925,0.5026370418667993,2.70427397218088
1592,940841.3180065714,940841.3439430417,right,0.22707153856754303,0.17548786103725433,0.10714967548847198,-0.770819902420044,-0.4803216755390167,-0.4184826612472534,-0.09304609894752502,0.16696111857891083,0.12077339738607407,-0.3050753512453627,-0.5298627380608874,-0.1000207050205873,-0.7849652216744882,-1.073415970465501,0.5010214232971218,2.7023935937053207
1593,940841.3380065714,940841.3639230417,right,0.2562088966369629,0.16868433356285095,0.10087853670120239,-0.7716735601425171,-0.4768548905849457,-0.420867383480072,-0.09588152915239334,0.05907910317182541,0.19825680553913116,-0.3040964194363224,-0.5289904724733658,-0.0986680666769478,-0.7861037396298834,-1.071495017630175,0.4970730968928865,2.702446832970782
1594,940841.3580065714,940841.3956785001,right,0.289875864982605,0.1661047786474228,0.09873084723949432,-0.7725971937179565,-0.4733888506889343,-0.42307978868484497,-0.13880668580532074,0.09075687825679779,0.1114223301410675,-0.3033978858861394,-0.5282334792144399,-0.09710554648019866,-0.7870766057654396,-1.069792031359052,0.49313405216900885,2.70182389877257
1595,940841.3780065714,940841.4141271667,right,0.2950308322906494,0.17240947484970093,0.1077609732747078,-0.7723049521446228,-0.47103995084762573,-0.42622360587120056,-0.17107586562633514,0.11509180068969727,0.029363347217440605,-0.30365445864358703,-0.5269796946936769,-0.09581542806863351,-0.78797580650672,-1.066506951114876,0.49046933524777603,2.6992949108194395
1596,940841.3980065715,940841.4620197917,right,0.2814735174179077,0.1910686492919922,0.14377816021442413,-0.7714974880218506,-0.4693191647529602,-0.42957088351249695,-0.17306900024414062,0.07873054593801498,0.04171816632151604,-0.30450365437030824,-0.5256101240644913,-0.09459675938029305,-0.78870971558363,-1.0627463025699242,0.48851960690680984,2.6956121658341337
1597,940841.4180065715,940841.4626807084,right,0.26790910959243774,0.2097153216600418,0.1797873079776764,-0.7706829309463501,-0.46758580207824707,-0.43291011452674866,-0.1750621348619461,0.04236928001046181,0.05407298728823662,-0.3053514623621457,-0.524238069878457,-0.09337764826265076,-0.7894399678617188,-1.0589975292553937,0.48655766194867545,2.6919414425954233
1598,940841.4380065715,940841.4627897084,right,0.24414166808128357,0.21940916776657104,0.19870294630527496,-0.7720090746879578,-0.4644542634487152,-0.4339173138141632,-0.11233173310756683,-0.1503339558839798,0.22837284207344055,-0.3052878314176373,-0.5240973430043732,-0.09145112251548622,-0.7897835633510304,-1.0587393050935738,0.48301828261321855,2.6901377723356537
1599,940841.4580065715,940841.4964599167,right,0.23879949748516083,0.2180745005607605,0.20101429522037506,-0.777444064617157,-0.45863500237464905,-0.4303889870643616,-0.026853399351239204,-0.40057843923568726,0.4432521462440491,-0.30327764652505856,-0.5263183568297668,-0.08828639407754597,-0.7894410884565856,-1.0651973901968368,0.47645850620518704,2.69236113442247
1600,940841.4780065715,940841.51026825,right,0.2492925226688385,0.21150434017181396,0.18593253195285797,-0.7861407995223999,-0.4508432149887085,-0.42275652289390564,0.02344798855483532,-0.5641852617263794,0.536916196346283,-0.2997823997516235,-0.5306005808309939,-0.08417098240944754,-0.7883583377440245,-1.077397541315577,0.46770979176167166,2.697682852369976
1601,940841.4980065715,940841.5354225833,right,0.24545958638191223,0.19656123220920563,0.17150476574897766,-0.7961139678955078,-0.44260579347610474,-0.41267722845077515,0.06256956607103348,-0.6513136625289917,0.5434343814849854,-0.2957373143364058,-0.5359953631986334,-0.07981444911844579,-0.786687989380298,-1.0925652771634649,0.4585025271494489,2.7043040334734147
1602,940841.5180065716,940841.543940625,right,0.24617640674114227,0.18268221616744995,0.15883684158325195,-0.8061135411262512,-0.4349467158317566,-0.4012506604194641,0.10319977253675461,-0.6675358414649963,0.4870842695236206,-0.29170364763742557,-0.5418873777018017,-0.07571485504294997,-0.7845598681266223,-1.1089427549658033,0.4499791089646142,2.7112428151589096
1603,940841.5380065716,940841.5638662084,right,0.23679758608341217,0.17664696276187897,0.15641269087791443,-0.8151131868362427,-0.42876553535461426,-0.3895515501499176,0.14256571233272552,-0.6395261287689209,0.3942616283893585,-0.28807620173356163,-0.5477114226783374,-0.07236310197462217,-0.7821686437441051,-1.1249755757442996,0.44312590944684904,2.7179492453893377
1604,940841.5580065716,940841.5952262084,right,0.20660321414470673,0.17940489947795868,0.15975256264209747,-0.8231016993522644,-0.42408743500709534,-0.37769508361816406,0.1919153779745102,-0.6406344771385193,0.3363246023654938,-0.2847667819067541,-0.5534207725314922,-0.06984196493566608,-0.7795867816597727,-1.1405922205509287,0.4379539969826322,2.724710258840539
1605,940841.5780065716,940841.6109855,right,0.16302679479122162,0.18253159523010254,0.16877777874469757,-0.8309265375137329,-0.42018234729766846,-0.3647025525569916,0.2625170052051544,-0.7021888494491577,0.3462075889110565,-0.28131499635748697,-0.5595047786509599,-0.06784635926410015,-0.7766680358491987,-1.157202444910572,0.4336462791362332,2.7323831490607486
1606,940841.5980065716,940841.6238266251,right,0.13034360110759735,0.18172655999660492,0.16330896317958832,-0.8393362760543823,-0.4160953760147095,-0.3498275578022003,0.3194344937801361,-0.7827656865119934,0.3985893726348877,-0.2773028893604712,-0.5663361735923746,-0.06595113517430042,-0.773315578400871,-1.175899513958528,0.42914710115323057,2.741499609291848
1607,940841.6180065717,940841.6451383751,right,0.10552017390727997,0.17772069573402405,0.15533839166164398,-0.8485806584358215,-0.41107743978500366,-0.3330559730529785,0.3678681552410126,-0.864986777305603,0.4779760539531708,-0.27252739001634174,-0.5739312085051448,-0.0638356099125909,-0.7695822763836525,-1.1967843394934408,0.4236356871994706,2.7520551335524033
1608,940841.6380065717,940841.6639791668,right,0.052994877099990845,0.15944074094295502,0.16068148612976074,-0.8590236306190491,-0.40441828966140747,-0.3138856887817383,0.46248674392700195,-0.9868181347846985,0.6233558654785156,-0.2665005794301963,-0.5824867874982401,-0.0613701982541074,-0.7654543153106418,-1.220470148555827,0.41634270620146846,2.7648177128069187
1609,940841.6580065717,940841.6952479167,right,0.03256533294916153,0.12698371708393097,0.13491319119930267,-0.870907723903656,-0.39551082253456116,-0.29170340299606323,0.5487495064735413,-1.06725013256073,0.7354753613471985,-0.25875213988308926,-0.5922203562913836,-0.058509424963273986,-0.7608541182724029,-1.2475988562787386,0.40662397866821026,2.7805523065080124
1610,940841.6780065717,940841.713929375,right,0.05710388720035553,0.10503429919481277,0.08628104627132416,-0.8820438981056213,-0.3865090608596802,-0.2694609463214874,0.5165797472000122,-0.9663355946540833,0.6149628162384033,-0.2509335639960364,-0.6017874212191932,-0.0558696942300236,-0.7561499501965111,-1.274304913603983,0.3968434779253372,2.79621291431357
1611,940841.6980065717,940841.7492392501,right,0.03092034161090851,0.08888150006532669,0.0738551989197731,-0.8908304572105408,-0.3795897960662842,-0.2496647834777832,0.4576980471611023,-0.8656153082847595,0.471930593252182,-0.24453278553985733,-0.6101232454582569,-0.054011408394910074,-0.7516887647789692,-1.2975458735636793,0.3893528830052047,2.8093890494760214
1612,940841.7180065718,940841.7511790417,right,-0.03393689915537834,0.06686294078826904,0.08955903351306915,-0.8987295627593994,-0.37308424711227417,-0.23042012751102448,0.47071167826652527,-0.9187752604484558,0.5250200033187866,-0.23852551119619103,-0.6181022740488867,-0.052340330256378804,-0.7472053110816634,-1.3198180174173353,0.38233109729669745,2.821708961976033
1613,940841.7380065718,940841.7740317917,right,-0.044156789779663086,0.04703768715262413,0.07791242748498917,-0.9074510335922241,-0.3642922639846802,-0.20934158563613892,0.4806946814060211,-0.9958356022834778,0.646328866481781,-0.23144523601590808,-0.6267645082750762,-0.04995457792629622,-0.7423638130636167,-1.344070933964225,0.3728727301062703,2.8350667861143197
1614,940841.7580065718,940841.7965349584,right,-0.030933041125535965,0.03838729113340378,0.055558327585458755,-0.9161524176597595,-0.3540284037590027,-0.18795914947986603,0.454181432723999,-0.9686907529830933,0.6696770787239075,-0.22401209471608455,-0.6354611644127673,-0.04700565097945821,-0.7374267218824132,-1.3684428002251272,0.3618749997494786,2.8480065950859728
1615,940841.7780065718,940841.8052303334,right,-0.06660885363817215,0.01957101561129093,0.0626462772488594,-0.9244376420974731,-0.34285205602645874,-0.16693584620952606,0.4561134874820709,-0.9806236028671265,0.7360219359397888,-0.21649158884139116,-0.6439105566400629,-0.04371812110167125,-0.7325294434951917,-1.3921407184932943,0.3499513012798726,2.8601898572229465
1616,940841.7980065718,940841.8250416667,right,-0.07992628961801529,0.009572839364409447,0.06402372568845749,-0.9327369928359985,-0.3298913240432739,-0.14551174640655518,0.4213789105415344,-0.9827225804328918,0.7916801571846008,-0.2084391476332371,-0.6524264337053834,-0.039797955937410916,-0.7275363749143318,-1.4160386464131187,0.33618846990435064,2.8720718083237866
1617,940841.8180065718,940841.851777625,right,-0.07524867355823517,0.013529638759791851,0.048897884786129,-0.9403408765792847,-0.3163326680660248,-0.1252703070640564,0.34587475657463074,-0.9204406142234802,0.7749939560890198,-0.20061188672043434,-0.6603800684687897,-0.03553883860767112,-0.722765560358581,-1.4383581396272458,0.3218611456710037,2.882494199703142
1618,940841.8380065719,940841.8653764584,right,-0.11275898665189743,0.004411162342876196,0.05799000710248947,-0.9474687576293945,-0.30190590023994446,-0.10562050342559814,0.3242673873901367,-0.963973343372345,0.8548303842544556,-0.19291753722966035,-0.6680150340701795,-0.030751603904283973,-0.7180480956589694,-1.4597781864763075,0.30669120072438316,2.8914805506987307
1619,940841.8580065719,940841.8954176668,right,-0.1384483277797699,-0.016346164047718048,0.0665445402264595,-0.9548055529594421,-0.28501829504966736,-0.08432557433843613,0.35699737071990967,-1.052242636680603,0.9798123836517334,-0.1842797390406135,-0.6761703998526688,-0.025115785563877183,-0.7128841010752366,-1.4827078691246405,0.2890255180215186,2.9005916303409816
1620,940841.8780065719,940841.9376719584,right,-0.11480431258678436,-0.011468642391264439,0.04485267028212547,-0.9610629081726074,-0.26861289143562317,-0.06484675407409668,0.28200212121009827,-0.921087920665741,0.858741283416748,-0.17631064003166183,-0.6835181346983947,-0.019482928307469328,-0.7080521817179032,-1.5034244547647462,0.2719527176472506,2.9079216575356988
1621,940841.8980065719,940841.9378497917,right,-0.09181464463472366,-0.006806350313127041,0.023144055157899857,-0.9666659832000732,-0.25199225544929504,-0.045351143926382065,0.2070068120956421,-0.7899332642555237,0.7376702427864075,-0.16831112247232416,-0.690747926771383,-0.013846686156876854,-0.7030981106965191,-1.523915696009748,0.2547384168076955,2.9148508637633337
1622,940841.9180065719,940841.945194375,right,-0.13226915895938873,-0.012248978950083256,0.03608909621834755,-0.9710765480995178,-0.2371213436126709,-0.027996044605970383,0.23817852139472961,-0.8440538644790649,0.7737535238265991,-0.1613573652441541,-0.6970840663638683,-0.00870530483817936,-0.6985426534029159,-1.541974406578056,0.23940161526115217,2.920234295202829
1623,940841.938006572,940841.9717130001,right,-0.17224712669849396,-0.038491569459438324,0.049537789076566696,-0.9755037426948547,-0.21985569596290588,-0.007484198082238436,0.3627309799194336,-1.0820600986480713,0.968043327331543,-0.15303700780935034,-0.7044491005198175,-0.0030604769658005787,-0.6930525490849128,-1.563124342323965,0.22166655671654173,2.926921976735208
1624,940841.958006572,940842.0039657918,right,-0.11768040806055069,-0.04540584236383438,0.04217683896422386,-0.9795448184013367,-0.20056632161140442,0.016275588423013687,0.36062008142471313,-1.099026083946228,0.9078190922737122,-0.14352498552682116,-0.7128317368025454,0.0029512664865890513,-0.6864857676346351,-1.5874102597974467,0.20193595748354015,2.934681695151482
1625,940841.978006572,940842.0051443334,right,-0.06511849164962769,-0.026979990303516388,0.030578697100281715,-0.9819040298461914,-0.1858731061220169,0.03627372905611992,0.2410030961036682,-0.7947269678115845,0.552599310874939,-0.13619084480400706,-0.7197783905664004,0.007478883498980668,-0.6806726699519672,-1.607721769755728,0.18696038363063955,2.9405938470993584
1626,940841.998006572,940842.0528097918,right,-0.1080242320895195,-0.025765761733055115,0.050380781292915344,-0.9828940033912659,-0.1770033985376358,0.050884049385786057,0.19270706176757812,-0.6596605181694031,0.388944149017334,-0.13165720814163542,-0.7248014782517817,0.010239280178436616,-0.6761836847796827,-1.6225197735279888,0.1779409477432915,2.944329424218963
1627,940842.018006572,940842.0535309167,right,-0.15909668803215027,-0.03234922140836716,0.06999444216489792,-0.9835779666900635,-0.16801254451274872,0.06592363119125366,0.25685974955558777,-0.8091519474983215,0.5239372253417969,-0.12696796882010322,-0.7299281261284846,0.012913128898294903,-0.6715036973295687,-1.6377205440434532,0.16881321757559484,2.9482900646483388
1628,940842.038006572,940842.0745704584,right,-0.1380244940519333,-0.028183795511722565,0.05357987433671951,-0.9841773509979248,-0.15589365363121033,0.08421265333890915,0.30614081025123596,-0.9299338459968567,0.6456357836723328,-0.12075682034313617,-0.7360952842890066,0.016433503120014507,-0.6658163019419246,-1.656154951177216,0.15653211364206412,2.9531933040740155
1629,940842.0580065721,940842.1003750834,right,-0.12269750982522964,-0.030080344527959824,0.03024936653673649,-0.9843608140945435,-0.14251436293125153,0.10355332493782043,0.3046623170375824,-0.9286960363388062,0.6472909450531006,-0.11400974885297407,-0.7425389748550786,0.020311016170726046,-0.6597158896473752,-1.675609366517572,0.1430012463565419,2.9581109802180867
1630,940842.0780065721,940842.1075830834,right,-0.13909202814102173,-0.04270811006426811,0.033333342522382736,-0.9839950799942017,-0.12925001978874207,0.12267080694437027,0.3163950443267822,-0.9254275560379028,0.631608784198761,-0.10733240640679222,-0.7488355706749299,0.024097620052183664,-0.6535628207535238,-1.694822529264341,0.12961262895645703,2.9627617013351784
1631,940842.0980065721,940842.1263483751,right,-0.13213065266609192,-0.0547005869448185,0.02237645350396633,-0.9830929636955261,-0.11618252098560333,0.14152666926383972,0.31956297159194946,-0.8923897743225098,0.5889771580696106,-0.10063080226496009,-0.7549836145257826,0.027623881981579515,-0.647387148258296,-1.7137746171270762,0.11644550112667891,2.96753702708621
1632,940842.1180065721,940842.1514955417,right,-0.09615884721279144,-0.046235091984272,0.00379878468811512,-0.9817935228347778,-0.10498896986246109,0.15829992294311523,0.2693786025047302,-0.7317757606506348,0.4410167634487152,-0.09473703971309759,-0.7604094520839642,0.03045375194679384,-0.6417748675033971,-1.7306559753922144,0.10518281544745817,2.9719324096316337
1633,940842.1380065721,940842.1742091667,right,-0.09045723080635071,-0.027384471148252487,0.01812283881008625,-0.9803826808929443,-0.09713064879179001,0.1715089976787567,0.22664691507816315,-0.5814682245254517,0.3088672161102295,-0.0904456130747017,-0.7646632887898323,0.03231963192989553,-0.6372323372562726,-1.7439846270531678,0.09728403041830062,2.975348490145333
1634,940842.1580065722,940842.1977855001,right,-0.13196857273578644,-0.033760376274585724,0.039106741547584534,-0.9788705110549927,-0.0895605981349945,0.18382377922534943,0.27319398522377014,-0.6563150882720947,0.4066031575202942,-0.08621891544824128,-0.7686087507888496,0.03394825194224797,-0.6329726048157674,-1.7564260851643845,0.08968076220832985,2.9788905062442317
1635,940842.1780065722,940842.25465675,right,-0.09073665738105774,-0.028437582775950432,0.022875739261507988,-0.9768983721733093,-0.07792750746011734,0.19898977875709534,0.27446088194847107,-0.6490187644958496,0.43148013949394226,-0.08014190671847829,-0.7734018449111676,0.03666711454688324,-0.6277598687330864,-1.7717426827788425,0.07800659900137652,2.983113635998557
1636,940842.1980065722,940842.2549604584,right,-0.04985526204109192,-0.0231882706284523,0.006751243956387043,-0.9745755791664124,-0.06622099876403809,0.21404913067817688,0.2757278382778168,-0.6417225003242493,0.4563571512699127,-0.07405734361906378,-0.7781218324157543,0.03938252346671671,-0.6224876800345197,-1.7869967112933431,0.06626949521877196,2.987153420725002
1637,940842.2180065722,940842.2551198334,right,-0.04697500914335251,-0.015934616327285767,0.004836736246943474,-0.9723597764968872,-0.0561637319624424,0.2266317456960678,0.2485775351524353,-0.5441412925720215,0.39603540301322937,-0.06884958566961316,-0.782034773192628,0.041683227499335014,-0.6180160266146943,-1.7997822732556423,0.05619330376811781,2.9904848731329627
1638,940842.2380065722,940842.2712820417,right,-0.09647566825151443,-0.031251028180122375,0.026544077321887016,-0.9700731039047241,-0.046462710946798325,0.23832577466964722,0.27737724781036377,-0.6195809841156006,0.45949283242225647,-0.06382612283985668,-0.7856464707875874,0.04384645338549983,-0.6138104442680107,-1.8117032564353819,0.04647944766219412,2.9936443868697924
1639,940842.2580065723,940842.2982922917,right,-0.10279364883899689,-0.039052076637744904,0.02341309003531933,-0.9670374393463135,-0.03480934724211693,0.25224313139915466,0.3245486617088318,-0.7558510303497314,0.5523271560668945,-0.0578530569405125,-0.7899120243163854,0.04648193190347768,-0.6087128832252782,-1.8259520931079107,0.034816382598201426,2.9971384531055425
1640,940842.2780065723,940842.3143862918,right,-0.04668532684445381,-0.02938038296997547,-0.0017330729169771075,-0.9634137749671936,-0.023167114704847336,0.2670154273509979,0.2844177484512329,-0.7055492997169495,0.4435078203678131,-0.05186277023068128,-0.7944158870667561,0.049103100747454255,-0.6031605030863343,-1.8411653765488603,0.023169188195189202,3.000507628873156
1641,940842.2980065723,940842.3503874168,right,-0.03991176187992096,-0.02271510474383831,-0.00815269723534584,-0.9600878357887268,-0.015256422571837902,0.2792820632457733,0.2111928015947342,-0.5672228932380676,0.2550744116306305,-0.0475014815818946,-0.7981726737469035,0.05061050606110027,-0.5984167119731499,-1.8538765435155067,0.015257015771201666,3.0034948980356835
1642,940842.3180065723,940842.3514050418,right,-0.07581758499145508,-0.024077855050563812,0.009449220262467861,-0.9569793343544006,-0.009744514711201191,0.28999266028404236,0.20852644741535187,-0.5689756274223328,0.22142258286476135,-0.044185096112050515,-0.8014701496578587,0.05139976215507712,-0.5941813025016505,-1.865029864685077,0.009744670158621157,3.0062750178412405
1643,940842.3380065723,940842.3751885,right,-0.08813552558422089,-0.021474603563547134,0.01290163304656744,-0.9533762335777283,-0.0036346621345728636,0.3017629086971283,0.2396848499774933,-0.6568587422370911,0.2867930233478546,-0.040572156582119226,-0.805073380819255,0.05232892909299477,-0.5894680454530076,-1.8773396049826112,0.003634671430032853,3.009115422188356
1644,940842.3580065724,940842.4017747084,right,-0.08034219592809677,-0.02325492911040783,0.006629545241594315,-0.9491404891014099,0.0037008002400398254,0.3148311972618103,0.2612706422805786,-0.6997124552726746,0.3195423185825348,-0.03638999202532626,-0.8090404060896904,0.053565086107181276,-0.584174800004602,-1.8910773861048886,-0.0037008075239322955,3.012040816090741
1645,940842.3780065724,940842.4067230833,right,-0.07904232293367386,-0.031951021403074265,0.003950501326471567,-0.9446128606796265,0.011462024413049221,0.3279862403869629,0.2718971371650696,-0.6821131110191345,0.3190530240535736,-0.032004517754396174,-0.8130090038843802,0.05485875638146375,-0.5787767508666087,-1.9049902759485238,-0.011462274342573017,3.014998211081138
1646,940842.3980065724,940842.4264669167,right,-0.07279369980096817,-0.0373133085668087,-0.00029479130171239376,-0.9401441812515259,0.019198589026927948,0.34023526310920715,0.2753964364528656,-0.616913914680481,0.30221107602119446,-0.02760325211918119,-0.8166875348568924,0.056027681588900334,-0.573690098439712,-1.918030149724166,-0.019199768061183172,3.0180704048636247
1647,940842.4180065724,940842.4527135417,right,-0.0606868751347065,-0.03696856647729874,-0.0018275593174621463,-0.9361320734024048,0.02621934935450554,0.35066917538642883,0.26931408047676086,-0.5067484974861145,0.24065366387367249,-0.023482717373409394,-0.8198191724595791,0.05684294664130064,-0.5693099689893253,-1.9292107429885266,-0.02622235356098713,3.0213218662662826
1648,940842.4380065724,940842.4713165833,right,-0.07306255400180817,-0.042929451912641525,-0.002955772215500474,-0.9326805472373962,0.03239307552576065,0.35924577713012695,0.27924099564552307,-0.4417775273323059,0.22012627124786377,-0.019678218383735586,-0.8224027873923336,0.0572411329165492,-0.5656764327868117,-1.9384580830693046,-0.03239874420182853,3.0248529968364393
1649,940842.4580065724,940842.5071604167,right,-0.07976985722780228,-0.04534890130162239,-0.00556173687800765,-0.9293855428695679,0.03883868455886841,0.3670612573623657,0.2994251251220703,-0.42252975702285767,0.2368752658367157,-0.01571062841404039,-0.8247519108582553,0.057575320842251046,-0.5623366604807977,-1.9469420961255695,-0.0388484566477347,3.028627452426702
1650,940842.4780065725,940842.5072187918,right,-0.08657421916723251,-0.047798480838537216,-0.008101074956357479,-0.9259934425354004,0.045314449816942215,0.3748098313808441,0.31960922479629517,-0.4032820165157318,0.2536242604255676,-0.0117424883871408,-0.827074135419112,0.05790764239554718,-0.5589786100344237,-1.9554037919493439,-0.045329972510468476,3.032348043234359
1651,940842.4980065725,940842.5074267917,right,-0.05369944125413895,-0.03610129654407501,-0.01164571288973093,-0.9229132533073425,0.05161013826727867,0.38153335452079773,0.2605492174625397,-0.33587372303009033,0.17296747863292694,-0.007874809497152278,-0.8290869124605696,0.05815129170133604,-0.5560318426987537,-1.9628017159311757,-0.05163307579501519,3.0360743738320455
1652,940842.5180065725,940842.5366729584,right,-0.07243689149618149,-0.04306808114051819,-0.014661360532045364,-0.9203050136566162,0.05620168149471283,0.3871428072452545,0.24499642848968506,-0.3363458216190338,0.15419603884220123,-0.004822407119772283,-0.8307869746177039,0.05800358676867161,-0.5535387714722216,-1.9689919684635357,-0.05623131112372871,3.0395385129950094
1653,940842.5380065725,940842.5554979584,right,-0.0993056446313858,-0.0599486343562603,-0.02288808487355709,-0.9167301058769226,0.06238410994410515,0.3946057856082916,0.27978113293647766,-0.500630259513855,0.3036068081855774,-0.0011774077259586943,-0.832996591858431,0.058477152895776915,-0.5501777968807995,-1.9772734582460412,-0.06242464425381543,3.042519876462335
1654,940842.5580065725,940842.5726552918,right,-0.0728437602519989,-0.06338433921337128,-0.0414055734872818,-0.9118397235870361,0.07084538042545319,0.40438705682754517,0.26667919754981995,-0.5715447664260864,0.3562401831150055,0.0033463787211049463,-0.8358344003990633,0.05978615638251312,-0.5457061153645197,-1.988219007630752,-0.07090477641902818,3.0449091439240785
1655,940842.5780065726,940842.5987675834,right,-0.03714854642748833,-0.05880007520318031,-0.04181637987494469,-0.9072468280792236,0.07773096859455109,0.4133538007736206,0.15379349887371063,-0.4195546507835388,0.17550112307071686,0.006995007137259761,-0.8384291957398426,0.06093765046072726,-0.5415480305195975,-1.9983085502984004,-0.07780945561445937,3.0465550120529987
1656,940842.5980065726,940842.6140758333,right,-0.05015776678919792,-0.04759252071380615,-0.02795247919857502,-0.9043735265731812,0.08029913902282715,0.4191182553768158,0.06333348900079727,-0.2708793878555298,0.034816619008779526,0.008579243209942265,-0.8401320781551901,0.061132835417055525,-0.5388572561627016,-2.004766363003762,-0.08038568427820081,3.0476784815211624
1657,940842.6180065726,940842.649388125,right,-0.07857988774776459,-0.03760938718914986,0.005538148805499077,-0.9020498394966125,0.08159394562244415,0.42384931445121765,0.052561674267053604,-0.28086864948272705,0.07361774891614914,0.009441136785003476,-0.8415325835606893,0.06121746799375659,-0.5366434036621799,-2.0100535913838318,-0.08168475782725573,3.04824640275973
1658,940842.6380065726,940842.6501566668,right,-0.07283957302570343,-0.02675127610564232,0.01706179790198803,-0.8992003202438354,0.08423137664794922,0.429352730512619,0.09752251207828522,-0.3455045521259308,0.16612160205841064,0.010814000000927679,-0.8431242635228692,0.06178878617152971,-0.5340474547626473,-2.0162684977327103,-0.08433130145845542,3.0484869249447395
1659,940842.6580065726,940842.674049875,right,-0.07151063531637192,-0.03876357153058052,0.0001522055536042899,-0.8952836990356445,0.08947838842868805,0.43641775846481323,0.16991116106510162,-0.4578285813331604,0.2866896986961365,0.01338345323928592,-0.8451276796892933,0.06299280670526515,-0.5306712164397498,-2.0243641968485413,-0.08959822423888539,3.048818507848709
1660,940842.6780065726,940842.6950515001,right,-0.048746585845947266,-0.04914924129843712,0.0068122632801532745,-0.8907938599586487,0.09610443562269211,0.4441283047199249,0.20399808883666992,-0.4208301603794098,0.22514952719211578,0.01676920809980944,-0.8473127877365277,0.06422768142604741,-0.5269293701794905,-2.033303956588128,-0.09625298838293347,3.0498706272674254
1661,940842.6980065727,940842.7393970417,right,-0.03999283164739609,-0.04402368515729904,0.006394743919372559,-0.888697624206543,0.097565196454525,0.44799262285232544,0.2021447718143463,-0.2587731182575226,0.010074778459966183,0.018521500661437304,-0.8485457710439094,0.06297927862048225,-0.5250339179921774,-2.037718670052047,-0.09772065040653259,3.053627350431947
1662,940842.7180065727,940842.7394441251,right,-0.03125699236989021,-0.038914334028959274,0.0059931520372629166,-0.8865833878517151,0.09904226660728455,0.451840877532959,0.2002914547920227,-0.09671606123447418,-0.20499995350837708,0.020273676828112035,-0.8497704540024149,0.061730278105093836,-0.5231332734612195,-2.0421284355733262,-0.09920491072955032,3.0573780907118113
1663,940842.7380065727,940842.7515025834,right,-0.06847552210092545,-0.04704319313168526,-0.007944145239889622,-0.8859370350837708,0.09752686321735382,0.453435480594635,0.24779178202152252,-0.14717811346054077,-0.15079419314861298,0.021166686537776525,-0.850440613943254,0.05889401593494,-0.5223352794419321,-2.0438508356833163,-0.09768213412108365,3.0630785866589303
1664,940842.7580065727,940842.7739389167,right,-0.061497822403907776,-0.05074983835220337,-0.04106609895825386,-0.8841789364814758,0.09824760258197784,0.45670002698898315,0.2676399350166321,-0.2672329246997833,-0.02914963848888874,0.02298605055387217,-0.8515452382616852,0.05675151905479475,-0.5206933943731289,-2.0475759334827353,-0.09840635383912102,3.0684583654191835
1665,940842.7780065727,940842.7963330001,right,-0.047659981995821,-0.05747273936867714,-0.057619694620370865,-0.881466805934906,0.10081008821725845,0.4613606035709381,0.25660058856010437,-0.30715370178222656,0.025143291801214218,0.02547218691596945,-0.8530061009146469,0.05532547325472547,-0.5183347122467273,-2.0529890148067125,-0.10098162384424639,3.07321159967552
1666,940842.7980065728,940842.811518125,right,-0.056642357259988785,-0.07274237275123596,-0.06879731267690659,-0.8785302042961121,0.10408515483140945,0.4662093222141266,0.2864246368408203,-0.32109418511390686,0.0661642998456955,0.028221440733330806,-0.8545020056441988,0.054138643439364094,-0.5158478120681443,-2.0586775634838457,-0.10427401737395381,3.0777958914467294
1667,940842.8180065728,940842.8381994584,right,-0.06525269150733948,-0.08793730288743973,-0.07599654793739319,-0.8752033114433289,0.10818621516227722,0.47150248289108276,0.3105868101119995,-0.3445737957954407,0.08708304166793823,0.031331906730484485,-0.856111346097937,0.05314703750714904,-0.5130955051393296,-2.064949490599223,-0.10839837301419228,3.0823635452970004
1668,940842.8380065728,940842.8540333334,right,-0.05852995440363884,-0.10081901401281357,-0.08682029694318771,-0.8719351291656494,0.11209948360919952,0.4766156077384949,0.2936141788959503,-0.302225798368454,0.019967863336205482,0.034415461646001656,-0.8576744731216704,0.05198374449864856,-0.5103995071989713,-2.0710394312539564,-0.112335597836993,3.08718404064448
1669,940842.8580065728,940842.8728096667,right,-0.06138692423701286,-0.12111151218414307,-0.09846615791320801,-0.8697679042816162,0.11394038796424866,0.48012641072273254,0.24986550211906433,-0.17393364012241364,-0.11534799635410309,0.036676997558143035,-0.8588097685269536,0.050089825945244824,-0.5085190165634472,-2.0751865558142053,-0.11418837397214339,3.0925201464677996
1670,940842.8780065728,940842.8989024167,right,-0.07108887284994125,-0.13295568525791168,-0.10699109733104706,-0.8693074584007263,0.1128574088215828,0.4812147915363312,0.1834985315799713,-0.01390774641185999,-0.2563289403915405,0.03770834624151481,-0.8592843827768497,0.04730483747448299,-0.5079081569537157,-2.076369448715467,-0.11309836894263953,3.098310847006599
1671,940842.8980065729,940842.9138062084,right,-0.09623175859451294,-0.13708294928073883,-0.09764187783002853,-0.870510458946228,0.10909949988126755,0.4799049496650696,0.1297869086265564,0.08686014264822006,-0.3205889165401459,0.03748046653873666,-0.8590814782253573,0.04394872891422519,-0.5085692912984187,-2.0746304865125604,-0.10931709432527066,3.103971012095202
1672,940842.9180065729,940842.9313262918,right,-0.12326228618621826,-0.14448747038841248,-0.08887124806642532,-0.8720539808273315,0.10489524155855179,0.4780363440513611,0.10906737297773361,0.07765065878629684,-0.2622275650501251,0.03689314061401883,-0.8586948977136534,0.04075849356711224,-0.5095298797018586,-2.07223568737136,-0.10508856319845532,3.10900523534242
1673,940842.9380065729,940842.9669277084,right,-0.13385552167892456,-0.15130914747714996,-0.08989164978265762,-0.873135507106781,0.10179215669631958,0.4767312705516815,0.06944949179887772,0.06011589244008064,-0.18520832061767578,0.03648190266789738,-0.858424699448999,0.03837540971019422,-0.510199429448743,-2.070562675489442,-0.1019687706957011,3.1127803219209507
1674,940842.9580065729,940842.9704782917,right,-0.1283540278673172,-0.15307839214801788,-0.09019888192415237,-0.8742768168449402,0.0991111546754837,0.4752020239830017,-0.0016349435318261385,0.11188189685344696,-0.15915805101394653,0.03587715234897412,-0.8580510345702511,0.036734788808352827,-0.5109910266510354,-2.0686641921527267,-0.09927413355610591,3.11508420650831
1675,940842.9780065729,940843.0015668334,right,-0.13256031274795532,-0.1554126739501953,-0.08746027946472168,-0.8760753273963928,0.09605975449085236,0.4725087285041809,-0.08102596551179886,0.19187107682228088,-0.13804835081100464,0.034708545494643174,-0.8573111673770848,0.03566412786138334,-0.5123875224493654,-2.065423968008477,-0.09620810389310085,3.115888913589584
1676,940842.998006573,940843.0276493334,right,-0.13918954133987427,-0.15971778333187103,-0.08155898004770279,-0.8785666227340698,0.09260676801204681,0.4685559868812561,-0.1517421156167984,0.2742360234260559,-0.11872447282075882,0.032926816100520714,-0.8561766039739896,0.035208341418207535,-0.5144296422733629,-2.06074224677388,-0.09273964773911483,3.1150634991033774
1677,940843.018006573,940843.0288567501,right,-0.14858999848365784,-0.16367873549461365,-0.08407685160636902,-0.8815619945526123,0.08894567936658859,0.4636128544807434,-0.21785785257816315,0.3164774179458618,-0.07621674984693527,0.030617509475235803,-0.8547238769340215,0.03540512469788164,-0.5169681742124108,-2.054948047982111,-0.08906337747480549,3.112607068444951
1678,940843.038006573,940843.0517092501,right,-0.17106400430202484,-0.17191340029239655,-0.08118380606174469,-0.8844311237335205,0.08604970574378967,0.45866841077804565,-0.2554539740085602,0.2780967354774475,0.015135704539716244,0.028244812356737894,-0.8532332619319699,0.03643093129310217,-0.5194881511341317,-2.0492151279886435,-0.08615624968511196,3.108642015135944
1679,940843.058006573,940843.0814321667,right,-0.19641782343387604,-0.18911105394363403,-0.0720260962843895,-0.8866342306137085,0.08462054282426834,0.45466357469558716,-0.28704896569252014,0.23471468687057495,0.07891210168600082,0.026152187945727996,-0.8519723061740853,0.03840559957246972,-0.5215211005973385,-2.0446292228903364,-0.08472185715931939,3.1032827297131953
1680,940843.078006573,940843.1002193751,right,-0.18150092661380768,-0.20013128221035004,-0.09064450860023499,-0.8888339996337891,0.08289732038974762,0.450668603181839,-0.3422068953514099,0.286773145198822,0.01927315816283226,0.023742662679933135,-0.8506978040528903,0.040590068380201225,-0.52354754030173,-2.0400548676876253,-0.08299256234200442,3.097226511809812
1681,940843.098006573,940843.1161700417,right,-0.16197989881038666,-0.1989789754152298,-0.09261348098516464,-0.8922330737113953,0.0780671238899231,0.4447759985923767,-0.44702625274658203,0.46097901463508606,-0.17389288544654846,0.01982097162608333,-0.8488868981821597,0.04217876904473197,-0.5265160673021969,-2.0332412514044265,-0.07814664008242087,3.0906774540898403
1682,940843.1180065731,940843.1337995834,right,-0.16319824755191803,-0.1833588033914566,-0.07977727055549622,-0.8975614905357361,0.06841517239809036,0.4355487525463104,-0.5647671818733215,0.6507560610771179,-0.3749525547027588,0.013699245791609645,-0.8461446955569959,0.04258560251727085,-0.5310724728202407,-2.0225807960705975,-0.0684686545997355,3.0839090116479335
1683,940843.1380065731,940843.1544939168,right,-0.20053906738758087,-0.16802702844142914,-0.048252008855342865,-0.9039802551269531,0.05627070367336273,0.42385563254356384,-0.59056156873703,0.6948063969612122,-0.38484901189804077,0.00636168559201958,-0.8426903730018661,0.042435278203202295,-0.5366859909930648,-2.00923705451683,-0.056300439320602,3.0767534411122104
1684,940843.1580065731,940843.1754549583,right,-0.22221507132053375,-0.1516348421573639,-0.02302820421755314,-0.9099706411361694,0.04534148424863815,0.4121862053871155,-0.5717635154724121,0.6599249243736267,-0.28229284286499023,-0.0006184172864340573,-0.8392040246766255,0.04277508663366086,-0.5421314312432209,-1.9961144375315616,-0.04535703159566057,3.0689897028779103
1685,940843.1780065731,940843.2014759168,right,-0.20620229840278625,-0.1250077188014984,-0.0139077790081501,-0.9156865477561951,0.03554117679595947,0.4003184735774994,-0.5949527621269226,0.7124143242835999,-0.28764793276786804,-0.007298266801833035,-0.8356187966813765,0.043594361331215754,-0.5475285295373175,-1.9829368819992972,-0.0355486619772632,3.060604481978454
1686,940843.1980065731,940843.2176672501,right,-0.21047747135162354,-0.09622270613908768,-0.012774569913744926,-0.9218676686286926,0.024633873254060745,0.3867209255695343,-0.643636167049408,0.8081117272377014,-0.3721948564052582,-0.01462554714438557,-0.831507716551964,0.04421980381881823,-0.5535572172824492,-1.967996872706536,-0.024636364582577855,3.0517140803736305
1687,940843.2180065732,940843.2314851667,right,-0.2222837209701538,-0.0781889259815216,-0.006034971680492163,-0.9283558130264282,0.012305294163525105,0.3714889883995056,-0.6466552019119263,0.8394513130187988,-0.4147717356681824,-0.022594457238346022,-0.826908977313226,0.04434011597745997,-0.5601294698400737,-1.9514388873461046,-0.012305602820554843,3.0427823586720075
1688,940843.2380065732,940843.2667842917,right,-0.20789939165115356,-0.06783601641654968,-0.006275933235883713,-0.9344875812530518,0.00038222703733481467,0.3559951186180115,-0.6028754711151123,0.8301243782043457,-0.3816964328289032,-0.030328840446498556,-0.82221108804803,0.044345189562624725,-0.5666414282675896,-1.93477515198616,-0.0003822253049309455,3.0340923279531413
1689,940843.2580065732,940843.2685233334,right,-0.18326926231384277,-0.05709610879421234,0.0064748311415314674,-0.9404692053794861,-0.010985830798745155,0.33970096707344055,-0.5798026323318481,0.9129871129989624,-0.4000795781612396,-0.037755559353299266,-0.8172475914926971,0.04423644417375772,-0.5733445414310744,-1.9174171065113403,0.010986053284490704,3.0257284567100666
1690,940843.2780065732,940843.2952527084,right,-0.17682090401649475,-0.05598815158009529,0.029645279049873352,-0.9467639327049255,-0.022735193371772766,0.321124404668808,-0.5624091029167175,1.0317065715789795,-0.4259862005710602,-0.04530844670080094,-0.8115722095174424,0.04373512763743203,-0.5808483879999141,-1.8978005905380977,0.022737154674785175,3.0176202518336814
1691,940843.2980065732,940843.3104133334,right,-0.1670905500650406,-0.04966236278414726,0.04850507900118828,-0.9532296657562256,-0.03401315584778786,0.30032652616500854,-0.5278567671775818,1.1125696897506714,-0.39767950773239136,-0.05260709511726676,-0.8051779209206863,0.043032394559354425,-0.5891257561322244,-1.8760136302445993,0.03401972067058501,3.0098540487258707
1692,940843.3180065732,940843.3364082084,right,-0.14052581787109375,-0.03852327540516853,0.05303787812590599,-0.95953768491745,-0.044381555169820786,0.2780603766441345,-0.4863240718841553,1.1600722074508667,-0.37988269329071045,-0.05943688154141298,-0.7982766435493348,0.042244470136002105,-0.5978603793229059,-1.852856140752145,0.044396141544129915,3.0024924260808334
1693,940843.3380065733,940843.3524721668,right,-0.11306891590356827,-0.032277774065732956,0.03913237154483795,-0.9653775095939636,-0.054101988673210144,0.2551841735839844,-0.4864298701286316,1.1627197265625,-0.3805657625198364,-0.06595988767477386,-0.7911233053860269,0.04142468549892133,-0.6066771218886641,-1.8292216570912139,0.054128418581149265,2.995280870920124
1694,940843.3580065733,940843.3722146667,right,-0.09725189954042435,-0.026063846424221992,0.03035970963537693,-0.9705342650413513,-0.06436445564031601,0.23220661282539368,-0.5320556163787842,1.1376564502716064,-0.4189990162849426,-0.07291722135231245,-0.7838722002310059,0.04059163402784653,-0.6152882168051964,-1.805638153718946,0.0644089816243646,2.9872948818663807
1695,940843.3780065733,940843.3964649584,right,-0.09974366426467896,-0.02169576846063137,0.03712543845176697,-0.9747660160064697,-0.07475752383470535,0.21033893525600433,-0.5401098132133484,1.0178649425506592,-0.39915937185287476,-0.0801162075642939,-0.7769027261275498,0.03989515499667159,-0.6232270256294153,-1.7833217480602799,0.07482733099562426,2.978566827519611
1696,940843.3980065733,940843.4114775833,right,-0.10740461945533752,-0.017901096493005753,0.049309276044368744,-0.9779471158981323,-0.08421485126018524,0.19112107157707214,-0.5231536626815796,0.8691648840904236,-0.36104297637939453,-0.08696510047178888,-0.7707114288144443,0.03955286631079411,-0.6299813704606363,-1.7637946713117614,0.08431471882542337,2.9695974371490976
1697,940843.4180065733,940843.4375895833,right,-0.10359620302915573,-0.010136107914149761,0.061322953552007675,-0.9803147315979004,-0.09359925985336304,0.17384502291679382,-0.541205883026123,0.8245418071746826,-0.4187050461769104,-0.09380500043551641,-0.7651014126716529,0.03927269890254114,-0.6358286717591989,-1.7463076083417162,0.0937364700975651,2.960429323762568
1698,940843.4380065734,940843.4555897501,right,-0.0900760143995285,-0.00038064218824729323,0.07682549208402634,-0.9821839332580566,-0.10508894920349121,0.15579093992710114,-0.577913224697113,0.9135037064552307,-0.5591036081314087,-0.10157054227979509,-0.7592294521215673,0.03828986010675329,-0.6417069960060918,-1.7281026984856973,0.10528334802399245,2.950890642216864
1699,940843.4580065734,940843.4712596667,right,-0.09751346707344055,0.0066177211701869965,0.09936639666557312,-0.9836194515228271,-0.11869281530380249,0.13566343486309052,-0.5482354164123535,0.9834483861923218,-0.6209865212440491,-0.11018069722836944,-0.7526670105649623,0.03638807829594098,-0.6480960033001932,-1.7078543084291817,0.11897328795530628,2.9412569915231312
1700,940843.4780065734,940843.4978492084,right,-0.12417051196098328,0.009024305269122124,0.1183384582400322,-0.9845982193946838,-0.13164174556732178,0.11504966020584106,-0.4587559103965759,0.9748467206954956,-0.5534932017326355,-0.11819767497953497,-0.7458953745577585,0.03413098612742165,-0.6546024428955128,-1.6871181796308383,0.13202495562862593,2.9326079299803967
1701,940843.4980065734,940843.5141090833,right,-0.10651624947786331,0.01709241233766079,0.11909183114767075,-0.9851977229118347,-0.1431698352098465,0.09427522122859955,-0.40426522493362427,1.0353223085403442,-0.5441595911979675,-0.12526059286036773,-0.7390063908323762,0.03173590223483521,-0.6611899915471662,-1.6661975176299328,0.1436635091070267,2.925145960211219
1702,940843.5180065734,940843.5489247084,right,-0.09369885921478271,0.02043960802257061,0.10550271719694138,-0.9852839112281799,-0.15520982444286346,0.07159292697906494,-0.3664540946483612,1.1388307809829712,-0.6098219156265259,-0.13225024140283018,-0.7314216339054576,0.028615707356733612,-0.6683662655407339,-1.6433310804783807,0.15583985217331156,2.9184190829054466
1703,940843.5380065734,940843.5497752917,right,-0.1068916991353035,0.012804079800844193,0.09372377395629883,-0.984607458114624,-0.16815431416034698,0.04766731709241867,-0.3134138882160187,1.1632459163665771,-0.6448981165885925,-0.13929960271116273,-0.7233424077236745,0.024686476632639325,-0.6758416656238775,-1.6191710683431917,0.16895702916472594,2.9123518845758194
1704,940843.5580065735,940843.576811625,right,-0.12278500199317932,0.006424461025744677,0.08310171961784363,-0.983144998550415,-0.1812167465686798,0.024218033999204636,-0.27525147795677185,1.117364525794983,-0.6617262959480286,-0.14607070271296754,-0.7153293446396818,0.02032109898586481,-0.6830478843837122,-1.5954245753453324,0.1822235480216976,2.9069781993249206
1705,940843.5780065735,940843.5968596668,right,-0.09769898653030396,0.014660736545920372,0.06259967386722565,-0.9808269739151001,-0.19487613439559937,0.0012989199021831155,-0.2747488021850586,1.1238768100738525,-0.7307019829750061,-0.1529675787986438,-0.7073936270774821,0.01561144923078258,-0.6898923617255559,-1.5721206390125875,0.19613116915593215,2.90158861885166
1706,940843.5980065735,940843.6102387917,right,-0.1069803461432457,0.0047460454516112804,0.06506703048944473,-0.9774439334869385,-0.21003521978855133,-0.02210432104766369,-0.28244248032569885,1.1322301626205444,-0.813725471496582,-0.16047055560539372,-0.6991721133570135,0.01030513603877425,-0.696635777550249,-1.5481857689654601,0.21161098528789216,2.8957034153732715
1707,940843.6180065735,940843.6339405418,right,-0.12705743312835693,0.0037760501727461815,0.07597390562295914,-0.9731046557426453,-0.22593718767166138,-0.04494468867778778,-0.28345736861228943,1.0744502544403076,-0.8375754356384277,-0.16830892766499328,-0.6910174652901288,0.004745418003943965,-0.7029542120712007,-1.52464222791361,0.2279050003934233,2.8892837538782743
1708,940843.6380065735,940843.6514648751,right,-0.10480590909719467,0.026209453120827675,0.07440443336963654,-0.9678142666816711,-0.2425873577594757,-0.06698524951934814,-0.3020709455013275,1.0742398500442505,-0.9120038151741028,-0.1765216877261472,-0.6830126810745452,-0.0010259315751029057,-0.7087544108355769,-1.5016936141460946,0.2450320004150386,2.8822132712198396
1709,940843.6580065736,940843.6818236667,right,-0.10755721479654312,0.030675267800688744,0.09095848351716995,-0.9612047672271729,-0.2607404291629791,-0.08999791741371155,-0.3319184184074402,1.1474065780639648,-1.0208154916763306,-0.18547222768535454,-0.6744973346809819,-0.007374710541750583,-0.714562051422087,-1.4774381778474786,0.26378907632001547,2.874160959612399
1710,940843.6780065736,940843.6959429167,right,-0.140515998005867,0.034552887082099915,0.11426404118537903,-0.9532657861709595,-0.2797032296657562,-0.11423781514167786,-0.32892897725105286,1.1822896003723145,-1.0087003707885742,-0.1948660266910112,-0.6653425645986701,-0.014155042132711971,-0.7205178998258623,-1.451526743876671,0.28348500476454613,2.865223878943368
1711,940843.6980065736,940843.73531775,right,-0.14819690585136414,0.04595697671175003,0.11491046100854874,-0.9448670744895935,-0.29696011543273926,-0.13798844814300537,-0.30290618538856506,1.1073256731033325,-0.8814151287078857,-0.20363946826216814,-0.6561916985484255,-0.020450698944144,-0.7263092534363287,-1.425781408426875,0.30150758464380006,2.8560503297316076
1712,940843.7180065736,940843.7364247501,right,-0.14256373047828674,0.05254316329956055,0.11372032761573792,-0.9367842078208923,-0.3114152252674103,-0.15954844653606415,-0.2593655586242676,1.0121089220046997,-0.751676082611084,-0.21116377627912522,-0.6477315738247695,-0.025876349835330836,-0.7315627159210114,-1.402099994794637,0.3166819622078175,2.847522132495591
1713,940843.7380065736,940843.7536539168,right,-0.1193380132317543,0.0519753061234951,0.1189156100153923,-0.9283029437065125,-0.3250936269760132,-0.1804647594690323,-0.270870566368103,1.0714524984359741,-0.8254303932189941,-0.2183090522877355,-0.6393711673691861,-0.03117897921839727,-0.7365958370110341,-1.378788368776352,0.3311107447029421,2.839075550741245
1714,940843.7580065737,940843.7716930001,right,-0.1261671781539917,0.05494144558906555,0.12883210182189941,-0.9180196523666382,-0.34045758843421936,-0.20329470932483673,-0.3010537624359131,1.1917145252227783,-0.9399529695510864,-0.2263286123159157,-0.630052127014318,-0.03724193652221686,-0.7419048898948364,-1.3528641586286365,0.347403525254874,2.8292852279911846
1715,940843.7780065737,940843.7964311667,right,-0.11736466735601425,0.07081872224807739,0.1328587830066681,-0.9058176875114441,-0.3569381833076477,-0.22823138535022736,-0.32786187529563904,1.291699767112732,-1.0017056465148926,-0.23503286891274844,-0.6196413668027638,-0.04391907307080832,-0.7475796608260098,-1.3239721992599045,0.3649881100570753,2.8180517086058727
1716,940843.7980065737,940843.8177892084,right,-0.12301386147737503,0.0783601924777031,0.14134566485881805,-0.8923909664154053,-0.37303757667541504,-0.2539317309856415,-0.29410219192504883,1.2855160236358643,-0.93388831615448,-0.2436714417283072,-0.6086561417953014,-0.05071329600695849,-0.7533857814690319,-1.2935714795833038,0.3822807896074155,2.8061522380671287
1717,940843.8180065737,940843.8517965417,right,-0.12041833996772766,0.08444013446569443,0.15815839171409607,-0.8791534900665283,-0.38714465498924255,-0.27786365151405334,-0.2129596620798111,1.1847375631332397,-0.8065798878669739,-0.25118238523815034,-0.5981712980019107,-0.05709002615913939,-0.7588407618395466,-1.2646731380753822,0.39753274251045245,2.7953340461776564
1718,940843.8380065737,940843.8526871251,right,-0.11619728058576584,0.08616060763597488,0.16452518105506897,-0.8670476078987122,-0.3987984359264374,-0.2986438274383545,-0.13968217372894287,1.05258309841156,-0.6519392728805542,-0.25704792706363566,-0.5888301420364886,-0.06290588689772189,-0.7637069074404395,-1.2390854239885483,0.41020622799055706,2.786844969449402
1719,940843.8580065737,940843.8751726251,right,-0.07014139741659164,0.08372727036476135,0.14050719141960144,-0.8555964827537537,-0.40888819098472595,-0.31743499636650085,-0.1212097629904747,1.0332106351852417,-0.6345603466033936,-0.26187310749618,-0.5801811515468329,-0.06835442611228679,-0.7682056565851344,-1.215528169794763,0.42123542633387956,2.779778465717703
1720,940843.8780065738,940843.9017601251,right,-0.033915240317583084,0.0753684714436531,0.1294291466474533,-0.8428029417991638,-0.41978201270103455,-0.33684736490249634,-0.15300358831882477,1.1239891052246094,-0.7529977560043335,-0.26728644745097624,-0.5710377400742417,-0.0741094628420084,-0.7726458266463765,-1.190570043541224,0.433205154856789,2.7713731003042366
1721,940843.8980065738,940843.9114884167,right,-0.02859988436102867,0.07340928912162781,0.12877731025218964,-0.8277237415313721,-0.43223991990089417,-0.35782986879348755,-0.18528713285923004,1.1982864141464233,-0.8669085502624512,-0.27368196632237163,-0.56088680506357,-0.08056708364252511,-0.7771829120935843,-1.1627538199681564,0.4469752584698878,2.7609441493276408
1722,940843.9180065738,940843.9340643334,right,-0.031877338886260986,0.08224599063396454,0.12659373879432678,-0.811172366142273,-0.44536522030830383,-0.3790106773376465,-0.183310866355896,1.168623447418213,-0.8767510056495667,-0.28054445150253,-0.5503264486220202,-0.08738112689410499,-0.7815369931380319,-1.13369998872398,0.46158213827683037,2.749255877835543
1723,940843.9380065738,940843.9515330833,right,-0.02467441000044346,0.08947204053401947,0.1286514550447464,-0.794646680355072,-0.45778292417526245,-0.3987124562263489,-0.19904491305351257,1.0600053071975708,-0.858577311038971,-0.2873776341603317,-0.5402326139297227,-0.09376830244282777,-0.7853473504021801,-1.1057512202025095,0.47549986544408723,2.736884959163054
1724,940843.9580065738,940843.9815512918,right,-0.009740527719259262,0.09303709119558334,0.12910272181034088,-0.7786436676979065,-0.4694010317325592,-0.4163854420185089,-0.24402636289596558,0.9313532710075378,-0.8590421676635742,-0.294277434499473,-0.5309473462835178,-0.09950976126634134,-0.7884121001509192,-1.0797309725730466,0.48861232656527,2.7236898085036896
1725,940843.9780065739,940844.0210222917,right,0.002333840588107705,0.10261818766593933,0.1464373618364334,-0.7628318667411804,-0.48069146275520325,-0.4324617385864258,-0.24281562864780426,0.8559110760688782,-0.8603863716125488,-0.3013840275342661,-0.522273338082234,-0.10487942260191434,-0.7908213793537723,-1.0550584732572177,0.5014430830728971,2.709608557800827
1726,940843.9980065739,940844.021329125,right,0.012435246258974075,0.10883967578411102,0.1400219202041626,-0.7477102279663086,-0.4912151098251343,-0.44680753350257874,-0.1907462775707245,0.7509704828262329,-0.7721987962722778,-0.30822329744018284,-0.514323794776303,-0.10985113028226383,-0.7927181502306426,-1.0321671753525803,0.5134842316350408,2.6956701849862066
1727,940844.0180065739,940844.0413855417,right,0.031270191073417664,0.10290902853012085,0.12086495012044907,-0.7343964576721191,-0.5002878904342651,-0.4586651623249054,-0.1343928426504135,0.6406782865524292,-0.6499989628791809,-0.3139579599140775,-0.507540337661636,-0.11432505810265274,-0.7942058179902065,-1.0125227607576086,0.5239312579796112,2.6838483886155773
1728,940844.0380065739,940844.0552248751,right,0.0877201184630394,0.11001791059970856,0.11075349897146225,-0.7214970588684082,-0.5087729692459106,-0.46967238187789917,-0.15014278888702393,0.7303434014320374,-0.7116738557815552,-0.319118199690227,-0.5010579156997623,-0.11876351645806801,-0.795612906885373,-0.9937400715405557,0.5337589063584907,2.673046008605862
1729,940844.0580065739,940844.07631325,right,0.11451004445552826,0.11889544129371643,0.11600124835968018,-0.7050588726997375,-0.5186838507652283,-0.483589768409729,-0.20046690106391907,0.9644656181335449,-0.8989568948745728,-0.3253675835516072,-0.4927332404698524,-0.12417350544247438,-0.797452768730991,-0.9696060216037287,0.54531082337781,2.659275567638509
1730,940844.078006574,940844.1024215417,right,0.0984710305929184,0.13374242186546326,0.11808294802904129,-0.6852660179138184,-0.5293754935264587,-0.5001720190048218,-0.24272574484348297,1.0351622104644775,-0.9346059560775757,-0.33267354917160125,-0.4826587415967432,-0.1302095435624605,-0.7996339054332495,-0.9402872930138477,0.5578643233020879,2.6421274094487175
1731,940844.098006574,940844.115390875,right,0.07935675978660583,0.14820866286754608,0.1353004425764084,-0.6660367250442505,-0.5385913252830505,-0.5160567164421082,-0.24174395203590393,0.9031587839126587,-0.7945543527603149,-0.33949470248174135,-0.4728258439411319,-0.13567375810497012,-0.8017304445572825,-0.911600463299898,0.5687643038720639,2.625129212731355
1732,940844.118006574,940844.1491150417,right,0.09365297853946686,0.16477859020233154,0.14256560802459717,-0.6498209834098816,-0.5454533696174622,-0.5293518900871277,-0.24352310597896576,0.741585910320282,-0.6435807943344116,-0.345119103826613,-0.4644842593431617,-0.13992293140902654,-0.8034730093829322,-0.8872089855360352,0.576929954968112,2.6103541040246974
1733,940844.138006574,940844.1501717917,right,0.1264621764421463,0.19995954632759094,0.15003523230552673,-0.6358034014701843,-0.5502805113792419,-0.5412443280220032,-0.28265559673309326,0.6635997891426086,-0.5496964454650879,-0.35014290936890213,-0.45709650104185123,-0.14297068646728545,-0.804998227454004,-0.8655617934830451,0.5827001319621925,2.5963722783233747
1734,940844.158006574,940844.1767254167,right,0.14650076627731323,0.23349277675151825,0.1592901200056076,-0.6236785650253296,-0.5528689026832581,-0.552594780921936,-0.33256131410598755,0.5850056409835815,-0.4148699641227722,-0.3545996051209004,-0.45027076110627007,-0.14477169101962584,-0.806570856754302,-0.8457561031060559,0.5858032962536569,2.58297185098607
1735,940844.178006574,940844.1951602084,right,0.15724952518939972,0.2376989871263504,0.17411868274211884,-0.6139713525772095,-0.5529784560203552,-0.5632529854774475,-0.3786855638027191,0.4946155548095703,-0.25856006145477295,-0.35805135233888885,-0.44413601291891447,-0.1453158953683032,-0.808347516965827,-0.8284545693787249,0.5859347897799297,2.5713634007643424
1736,940844.1980065741,940844.2131491251,right,0.21590663492679596,0.24204270541667938,0.18980607390403748,-0.6061546802520752,-0.5508327484130859,-0.5737244486808777,-0.4466175436973572,0.510175883769989,-0.1803966909646988,-0.3607447814044603,-0.43840541103179737,-0.14470131924877083,-0.8103859612543778,-0.8128773157822632,0.5833616908397181,2.5609909173935006
1737,940844.2180065741,940844.2353602501,right,0.30385857820510864,0.26918795704841614,0.1945650577545166,-0.5973770022392273,-0.547555685043335,-0.5859381556510925,-0.5050522685050964,0.6226373910903931,-0.19580420851707458,-0.36363097995437227,-0.43172688712135765,-0.14367608026630832,-0.8128601521235024,-0.7950646535300351,0.5794402762941673,2.5493491190921627
1738,940844.2380065741,940844.2527949167,right,0.3145059049129486,0.2801470458507538,0.21084202826023102,-0.5890421271324158,-0.5430519580841064,-0.5984346270561218,-0.4612956941127777,0.5225235819816589,0.01234044972807169,-0.3658596551082633,-0.4248916429972363,-0.14230166365814012,-0.815698554023232,-0.7774886713396318,0.5740674225498756,2.538983051653332
1739,940844.2580065741,940844.2726945834,right,0.32163745164871216,0.2835949957370758,0.22072070837020874,-0.586384117603302,-0.5361467599868774,-0.6072070598602295,-0.3294069468975067,0.23722325265407562,0.3554166257381439,-0.36543345510132486,-0.4205582542422166,-0.13973988287412278,-0.8185731423096324,-0.767954333916059,0.5658656600267032,2.5356932761162714
1740,940844.2780065741,940844.2950703751,right,0.3516402840614319,0.2848435938358307,0.22503793239593506,-0.5899630784988403,-0.5272058248519897,-0.6115533113479614,-0.2519942820072174,0.030268844217061996,0.5371935963630676,-0.36257501505417783,-0.4192291877689635,-0.1359051655315686,-0.8211674512493353,-0.7674309248139664,0.555308953675923,2.5391367899927473
1741,940844.2980065742,940844.3367236251,right,0.3925476372241974,0.2892302870750427,0.21249240636825562,-0.5953143239021301,-0.5179451704025269,-0.6142748594284058,-0.25871556997299194,-0.007825146429240704,0.4814583957195282,-0.35941097201877076,-0.41896674939787687,-0.1316413055183177,-0.8233839614576697,-0.7697242785210031,0.5444470545691135,2.5436353170099215
1742,940844.3180065742,940844.3374130001,right,0.4151403605937958,0.29297131299972534,0.20799076557159424,-0.5999829769134521,-0.5094805955886841,-0.616806149482727,-0.27841007709503174,-0.03927212208509445,0.38337817788124084,-0.35702169410922013,-0.41872408231856695,-0.1275424056871143,-0.8251899643889982,-0.7715731933126345,0.5345810543323345,2.5464472231042126
1743,940844.3380065742,940844.3640177917,right,0.4017648696899414,0.2998909652233124,0.22237442433834076,-0.6051523089408875,-0.5017606019973755,-0.6180832386016846,-0.20979270339012146,-0.18404914438724518,0.41751185059547424,-0.35494271775076847,-0.4191615291477212,-0.12353943189325453,-0.8264727557017656,-0.7748274798224187,0.5256329535458034,2.5489759113113153
1744,940844.3580065742,940844.395279,right,0.35347023606300354,0.3058658540248871,0.2640080153942108,-0.613789975643158,-0.49419325590133667,-0.6156581044197083,-0.03930046036839485,-0.44364133477211,0.5809763669967651,-0.35189691973188947,-0.42183111787539296,-0.11928731404859058,-0.8270414477462048,-0.7838786784134344,0.516906594189837,2.5546973334885714
1745,940844.3780065742,940844.3963682917,right,0.28131723403930664,0.27865177392959595,0.28082647919654846,-0.6281774044036865,-0.4859379529953003,-0.6076655387878418,0.1202792152762413,-0.7592610120773315,0.8409901857376099,-0.3465702482031218,-0.4278474932913855,-0.11451525934190608,-0.8268747190728263,-0.8019940821012345,0.5074360479705868,2.566807651390697
1746,940844.3980065743,940844.4135880001,right,0.3053956627845764,0.24393244087696075,0.2330855280160904,-0.6474305391311646,-0.47622719407081604,-0.5950137972831726,0.23053622245788574,-0.9128917455673218,0.9964391589164734,-0.338961096632907,-0.4365679118874327,-0.10909424308431939,-0.8262035946647253,-0.8275615597198743,0.4963591116849599,2.5845915436470515
1747,940844.4180065743,940844.445555625,right,0.35073041915893555,0.21189860999584198,0.18442609906196594,-0.66722571849823,-0.46643388271331787,-0.5807315707206726,0.2888379693031311,-0.852512776851654,0.9281846880912781,-0.33063127630215206,-0.445901276243922,-0.10395314463627522,-0.8252567250585889,-0.8545960762530411,0.4852549357215071,2.6039323197431776
1748,940844.4380065743,940844.4715404584,right,0.3365453779697418,0.1869763731956482,0.1911924034357071,-0.6836903691291809,-0.4590613842010498,-0.5673007965087891,0.33770111203193665,-0.7202602028846741,0.688717782497406,-0.3234361087356798,-0.4541975344225006,-0.1002705598917131,-0.8240385858409228,-0.8781689445222078,0.4769383944849191,2.620902846977579
1749,940844.4580065743,940844.4721772918,right,0.2762540578842163,0.17459851503372192,0.19816797971725464,-0.6968586444854736,-0.4552815556526184,-0.554172158241272,0.40796589851379395,-0.7235164046287537,0.4882512092590332,-0.3177493806615944,-0.46176903369221467,-0.09840361812416935,-0.8222661038613793,-0.898962561361462,0.4726884339510717,2.6354209212156086
1750,940844.4780065743,940844.495152625,right,0.21398773789405823,0.16561268270015717,0.18112830817699432,-0.7097795605659485,-0.4540441036224365,-0.5385693311691284,0.5452572107315063,-0.8937527537345886,0.4619910717010498,-0.3124861143636869,-0.4702884921575089,-0.09769376734278215,-0.8195346611169511,-0.9216971568130267,0.4712990605559938,2.6503455897264674
1751,940844.4980065743,940844.5126899584,right,0.2047359049320221,0.15177284181118011,0.16661576926708221,-0.7241405844688416,-0.4539912939071655,-0.5191457271575928,0.6408905386924744,-1.02435302734375,0.4147171676158905,-0.30691262345016623,-0.4805477399128546,-0.09747312489824024,-0.8157067337449558,-0.9488093885739658,0.4712398004306921,2.6671868868985538
1752,940844.5180065744,940844.5374788333,right,0.20106029510498047,0.14623352885246277,0.16910693049430847,-0.7373455762863159,-0.4559875726699829,-0.4983941912651062,0.660120964050293,-0.9793859720230103,0.2068636268377304,-0.302112677238591,-0.4910854935642284,-0.09817297845083335,-0.8111257840888184,-0.9764078570533475,0.47348155084000654,2.6833819531251137
1753,940844.5380065744,940844.5540039584,right,0.15243248641490936,0.15070781111717224,0.162110835313797,-0.7475906014442444,-0.46096912026405334,-0.4781378209590912,0.6682900786399841,-0.948373019695282,0.039424456655979156,-0.2989706778827813,-0.5008986126138809,-0.10015817965889637,-0.8060306930373262,-1.001786991666051,0.4790869691553558,2.6970600316414415
1754,940844.5580065744,940844.5738945417,right,0.08116260170936584,0.15546691417694092,0.17706429958343506,-0.757361650466919,-0.4667927324771881,-0.4566268026828766,0.7254168391227722,-1.0634963512420654,0.0888918787240982,-0.296032378293107,-0.5110409630409434,-0.10258526102275291,-0.8004238638499059,-1.0282341674458,0.48566065816536763,2.711113127823803
1755,940844.5780065744,940844.5952492501,right,0.02758796140551567,0.15942947566509247,0.20544050633907318,-0.7689110636711121,-0.47118473052978516,-0.43215838074684143,0.7852080464363098,-1.1925575733184814,0.2264556884765625,-0.2920046427546383,-0.5224880868650316,-0.10453228435041065,-0.7942371490936514,-1.0587567448672335,0.49063348838504284,2.7278553111744244
1756,940844.5980065744,940844.6340009584,right,0.013109289109706879,0.15317896008491516,0.19812247157096863,-0.7820156812667847,-0.4734147787094116,-0.4053764343261719,0.8136547207832336,-1.269853115081787,0.352100670337677,-0.2867347647541136,-0.5349016747379948,-0.1057921393269001,-0.7877001479635714,-1.0925579567750456,0.4931634895336493,2.7470958568720705
1757,940844.6180065745,940844.634592,right,0.017689600586891174,0.14305317401885986,0.1783028244972229,-0.7958059906959534,-0.4736209213733673,-0.3773275315761566,0.8287999629974365,-1.290417194366455,0.4381352961063385,-0.2805814519739539,-0.5477287521389547,-0.10643983326584221,-0.7809852137112426,-1.12804571888174,0.493397541910853,2.767723798721432
1758,940844.6380065745,940844.6613516251,right,-0.002086407272145152,0.13128705322742462,0.17684383690357208,-0.809540867805481,-0.4723183214664459,-0.3486531376838684,0.8515155911445618,-1.2916592359542847,0.4883229434490204,-0.27379706744676785,-0.560598850435445,-0.1067818273956914,-0.7741845987696122,-1.1641244490516296,0.4919191334077515,2.7892055627555306
1759,940844.6580065745,940844.6739777084,right,-0.04969510808587074,0.1188947856426239,0.170558363199234,-0.8228967189788818,-0.46984007954597473,-0.3195173144340515,0.8335530757904053,-1.2902942895889282,0.49983566999435425,-0.26657444466898933,-0.5734125593945405,-0.10695500236920796,-0.7672657734706954,-1.2004308905637682,0.48910962477897435,2.81116309916389
1760,940844.6780065745,940844.7014726667,right,-0.07077880948781967,0.11066549271345139,0.1447586566209793,-0.8351380228996277,-0.46678856015205383,-0.2909519374370575,0.781853437423706,-1.226361632347107,0.4595969617366791,-0.2594110574355445,-0.5857031227604876,-0.1071255369742294,-0.7603827668710361,-1.2355584405724238,0.48565594503501,2.8325050714787845
1761,940844.6980065745,940844.71891675,right,-0.09911786764860153,0.10036130994558334,0.13208475708961487,-0.8460568189620972,-0.4633251130580902,-0.2636623978614807,0.7610245943069458,-1.185194730758667,0.4724445044994354,-0.2526214560807962,-0.5972249348709493,-0.10719687327014138,-0.7536668594657057,-1.2686980818522433,0.48174370131629013,2.852374565090249
1762,940844.7180065745,940844.755502625,right,-0.14386487007141113,0.07668279111385345,0.13342134654521942,-0.8570231795310974,-0.45807766914367676,-0.2359575778245926,0.7754237055778503,-1.2348473072052002,0.599650502204895,-0.24523514534697988,-0.6087873235702408,-0.10676705289742533,-0.7468858175475366,-1.3021305091867035,0.4758314492092729,2.872494039394356
1763,940844.7380065746,940844.7564222084,right,-0.1647651493549347,0.05622605234384537,0.12513257563114166,-0.8685076236724854,-0.45012712478637695,-0.2075577974319458,0.7510647177696228,-1.2332265377044678,0.7118323445320129,-0.2368898223631219,-0.62056040579229,-0.10547930399993184,-0.7400420671201416,-1.336214016138759,0.4669077057034715,2.893000989203495
1764,940844.7580065746,940844.7752991667,right,-0.16099533438682556,0.050156354904174805,0.10568881034851074,-0.8798243403434753,-0.4398018419742584,-0.18023209273815155,0.6880334615707397,-1.1541763544082642,0.7875620722770691,-0.22811144828913746,-0.6318336028717799,-0.10329691317664307,-0.7335402812615645,-1.3687416108381372,0.455378027700182,2.9123022431184222
1765,940844.7780065746,940844.8015467917,right,-0.18672487139701843,0.04803403839468956,0.10250541567802429,-0.8908270597457886,-0.42732223868370056,-0.15434718132019043,0.6495874524116516,-1.1346596479415894,0.883618950843811,-0.2190285343516733,-0.6424739433518406,-0.10026784696493947,-0.7274614852865565,-1.3992367446187033,0.4415289050673091,2.930051899427475
1766,940844.7980065746,940844.8139553751,right,-0.2277623414993286,0.02712983265519142,0.11040540784597397,-0.902056097984314,-0.41214582324028015,-0.12818247079849243,0.6176484823226929,-1.1777374744415283,0.9996828436851501,-0.209133356748209,-0.6531717870891249,-0.09630876717858673,-0.7213560521553747,-1.4296410191039721,0.4248079848386991,2.947305587601187
1767,940844.8180065746,940844.834997,right,-0.19674524664878845,0.018677443265914917,0.09003815054893494,-0.9126541614532471,-0.3956097662448883,-0.10273908078670502,0.513603925704956,-1.1033960580825806,0.9509065747261047,-0.19940144192457118,-0.6635093137423146,-0.09157428258398698,-0.7152682200992846,-1.4586965048148746,0.40673169738111803,2.9623605063869984
1768,940844.8380065747,940844.8549957917,right,-0.17726506292819977,0.016854725778102875,0.05243927240371704,-0.9217326045036316,-0.3795773983001709,-0.07956010103225708,0.39732465147972107,-1.051094651222229,0.9008503556251526,-0.1907789123515254,-0.6728484191668567,-0.08657341182071594,-0.7094951737575407,-1.4846939285965826,0.3893394838884463,2.9741242311450486
1769,940844.8580065747,940844.8816749584,right,-0.2004549503326416,0.026113349944353104,0.08261104673147202,-0.9298604130744934,-0.3634111285209656,-0.057374097406864166,0.3658757209777832,-1.059317946434021,0.9181070923805237,-0.18277182414411247,-0.6817096938160458,-0.08114705829427996,-0.7037623486138809,-1.5091726141373432,0.37192676702934196,2.9835570899837744
1770,940844.8780065747,940844.9015755834,right,-0.24104519188404083,0.007368988823145628,0.11693757027387619,-0.9378535151481628,-0.34538349509239197,-0.03377929702401161,0.4397090673446655,-1.174242377281189,1.0644556283950806,-0.1740186974111251,-0.6909829163874788,-0.07518618132571078,-0.6975723487924963,-1.5347942247577127,0.35264739793467975,2.993063988053742
1771,940844.8980065747,940844.9151700417,right,-0.2086104303598404,-0.01605324074625969,0.08522161096334457,-0.9459114670753479,-0.3243400454521179,-0.0074233985505998135,0.5212194919586182,-1.2562836408615112,1.1719509363174438,-0.16372529355479784,-0.7011288421178025,-0.0686050172567792,-0.6905836776178907,-1.562948611442823,0.33031399103560427,3.0038015886093516
1772,940844.9180065747,940844.9415194584,right,-0.1620733141899109,-0.02061435580253601,0.06339171528816223,-0.9528025388717651,-0.30300742387771606,0.018807409331202507,0.5078223347663879,-1.117818832397461,1.0250892639160156,-0.1531493085859863,-0.7109965796299568,-0.06235037772680768,-0.6834775646725177,-1.590532807237952,0.30784687511795333,3.014611686677139
1773,940844.9380065748,940844.9725592918,right,-0.1782069206237793,-0.0333024226129055,0.08065779507160187,-0.9574727416038513,-0.28563088178634644,0.040756501257419586,0.4403459131717682,-0.9004623293876648,0.7751343250274658,-0.14429606801808564,-0.7190642091452769,-0.05766208579290198,-0.6773481372088671,-1.6133373970118525,0.2896646780850616,3.0238763608816748
1774,940844.9580065748,940844.972599625,right,-0.20730428397655487,-0.05595578998327255,0.07890234142541885,-0.9607363343238831,-0.2708856165409088,0.06005547568202019,0.45965978503227234,-0.8839808106422424,0.7621223330497742,-0.1365723094740626,-0.7260234267745558,-0.05401595450328004,-0.6718037389940436,-1.633224943013275,0.2743129437348657,3.0322280654757994
1775,940844.9780065748,940844.9992150418,right,-0.16804517805576324,-0.05379713326692581,0.058745287358760834,-0.9637808799743652,-0.2543622553348541,0.0801636129617691,0.5243077278137207,-0.9194564819335938,0.8701848387718201,-0.12797907664355426,-0.7331947714605088,-0.050072314430333886,-0.6659876405120458,-1.6537814932858659,0.257188221633937,3.0410837921811074
1776,940844.9980065748,940845.0152173333,right,-0.1385904848575592,-0.03890705481171608,0.03950674459338188,-0.9664757251739502,-0.2364366054534912,0.100112184882164,0.5697169899940491,-0.8653294444084167,0.8725993633270264,-0.11857736364188838,-0.7402227122093459,-0.0461132593746469,-0.6602146384840639,-1.67401300595997,0.23869683693740162,3.0505854579795573
1777,940845.0180065748,940845.05512325,right,-0.1977974772453308,-0.07516363263130188,0.05666183680295944,-0.9685301780700684,-0.21829645335674286,0.11956514418125153,0.5984464883804321,-0.8925486207008362,0.8622393012046814,-0.10885139350551329,-0.7469761594789236,-0.042534581410419464,-0.6544988696075528,-1.6936249718860064,0.22006849089024802,3.060611649598058
1778,940845.0380065748,940845.0560082084,right,-0.20838576555252075,-0.09684047102928162,0.04153311252593994,-0.9696710109710693,-0.20033979415893555,0.140006422996521,0.5863860845565796,-0.9493165016174316,0.8067308068275452,-0.09917902098865321,-0.7539686121512413,-0.03917328278373196,-0.6481976572573761,-1.7141908401489563,0.20170473782608053,3.070590371861995
1779,940845.0580065749,940845.0755890417,right,-0.14768604934215546,-0.08293969184160233,0.0007231531199067831,-0.9696509838104248,-0.18473395705223083,0.16015677154064178,0.49006906151771545,-0.8824413418769836,0.6158485412597656,-0.09073647983542027,-0.7607597240164173,-0.03637351602071005,-0.6416295247876537,-1.7344879602158856,0.18580115867462835,3.0793871851602703
1780,940845.0780065749,940845.1020022084,right,-0.1435057520866394,-0.07428864389657974,0.0061508468352258205,-0.9686728715896606,-0.17363867163658142,0.17754538357257843,0.4129665493965149,-0.763352632522583,0.4175671339035034,-0.08444719452306794,-0.7665281068168426,-0.03474704518305787,-0.6356854100746862,-1.752071517836252,0.17452327657598835,3.0866360630292284
1781,940845.0980065749,940845.127773875,right,-0.19925616681575775,-0.09377484768629074,0.014699093997478485,-0.9671875238418579,-0.16371366381645203,0.1942838579416275,0.4466889202594757,-0.8512516617774963,0.49240756034851074,-0.07872631893097198,-0.772024519051891,-0.03346754321503979,-0.6298097413092312,-1.7690331559953298,0.1644539436150074,3.093434873229188
1782,940845.1180065749,940845.1540245834,right,-0.20049524307250977,-0.10409708321094513,0.018513333052396774,-0.9651884436607361,-0.15082047879695892,0.21369242668151855,0.47914189100265503,-0.978942334651947,0.6266913414001465,-0.07181456078633348,-0.7783733061341574,-0.0313242997029484,-0.6228936499234841,-1.7886813082254205,0.15139820332896498,3.100408378725776
1783,940845.1380065749,940845.1602509167,right,-0.1430988311767578,-0.07832178473472595,0.0069223796017467976,-0.9626965522766113,-0.13738393783569336,0.23311196267604828,0.424395352602005,-0.8638989925384521,0.5383113622665405,-0.06487105318448218,-0.7846792638205924,-0.028886625915221183,-0.6158212863822402,-1.8083683047805619,0.1378198231962762,3.106690214041931
1784,940845.158006575,940845.18144425,right,-0.149061381816864,-0.07424311339855194,-0.005426793824881315,-0.9601461291313171,-0.1263783872127533,0.24929532408714294,0.3531440794467926,-0.7299200296401978,0.45277711749076843,-0.05916057625220135,-0.789885527507404,-0.02699113739580018,-0.6097970761324636,-1.8248300685819536,0.12671724912281918,3.111837657641112
1785,940845.178006575,940845.2343634167,right,-0.14373207092285156,-0.06546738743782043,0.012059043161571026,-0.9577341079711914,-0.11536569148302078,0.26350805163383484,0.33284470438957214,-0.6826700568199158,0.45389339327812195,-0.053651595466934245,-0.794438973411283,-0.02491483267572054,-0.6044564733121227,-1.8392898722845645,0.1156231506034787,3.1161465521720078
1786,940845.198006575,940845.2345946667,right,-0.1387062817811966,-0.05676604062318802,0.029657961800694466,-0.9550184011459351,-0.10427862405776978,0.2776074707508087,0.3125453293323517,-0.6354202032089233,0.45500972867012024,-0.048138127283065976,-0.7989256723117644,-0.022836467057252147,-0.5990651345044016,-1.8536835030051932,0.10446855286054903,3.1202884371488406
1787,940845.218006575,940845.235105125,right,-0.12396898120641708,-0.046656571328639984,0.025961250066757202,-0.9525527358055115,-0.09440848231315613,0.2893622815608978,0.3137105107307434,-0.5410750508308411,0.4107336401939392,-0.04320790321129547,-0.8026440064074641,-0.021065252715453515,-0.5945183154960983,-1.865713371912409,0.09454929491082095,3.1239529774762307
1788,940845.238006575,940845.2564884584,right,-0.15025298297405243,-0.07131913304328918,0.024690186604857445,-0.9499383568763733,-0.0838669165968895,0.3009708821773529,0.3361436426639557,-0.6145880818367004,0.5102192163467407,-0.03807845105485238,-0.806302097025829,-0.019036096254477858,-0.5899700246147174,-1.8776229081740958,0.08396554996204486,3.1273092491584693
1789,940845.258006575,940845.2991373334,right,-0.11433445662260056,-0.073762908577919,0.008142261765897274,-0.9468879103660583,-0.07140185683965683,0.31353679299354553,0.31816840171813965,-0.6229294538497925,0.5491807460784912,-0.0322518244973656,-0.8102473757828551,-0.016358024474481536,-0.5849714033402383,-1.8905566593884138,0.07146267548498549,3.13033899855383
1790,940845.2780065751,940845.3000364584,right,-0.04864762723445892,-0.05236832797527313,-0.01511847972869873,-0.9441102147102356,-0.06009253114461899,0.324106365442276,0.22283650934696198,-0.43722695112228394,0.42895761132240295,-0.02712107044467875,-0.8135503968588694,-0.013745349689257513,-0.5806990084737947,-1.901483573118757,0.060128762839962935,3.132442703761881
1791,940845.2980065751,940845.3169234584,right,-0.04340628907084465,-0.03538118675351143,-0.022013463079929352,-0.942257285118103,-0.05181269347667694,0.3308577537536621,0.1516231745481491,-0.2890337109565735,0.3585260212421417,-0.02352856240454006,-0.815655492067188,-0.011619058612432598,-0.5779425809763973,-1.9084802650177155,0.05183591013539208,3.133339457992955
1792,940845.3180065751,940845.3489878334,right,-0.10260523110628128,-0.053317829966545105,0.006311269477009773,-0.9403982758522034,-0.04275896027684212,0.3373757600784302,0.18304191529750824,-0.41857102513313293,0.5157815217971802,-0.01983399940810947,-0.8176841553342997,-0.008972600813890029,-0.5752552593153879,-1.9152523062623108,0.04277200603067796,3.1334393867383796
1793,940845.3380065751,940845.3738725834,right,-0.12211701273918152,-0.07261095196008682,0.013727526180446148,-0.9371725916862488,-0.02942604012787342,0.34762248396873474,0.2603945732116699,-0.6422657370567322,0.7119216322898865,-0.014404486169515686,-0.8208444662074834,-0.005060323328029248,-0.5709476312931037,-1.9259912427453845,0.029430293042605808,3.13344809783766
1794,940845.3580065751,940845.3751852501,right,-0.07178936153650284,-0.0820767730474472,-0.019449908286333084,-0.9326661825180054,-0.013962994329631329,0.36047014594078064,0.2523247301578522,-0.6753478050231934,0.6905742287635803,-0.008103231867548915,-0.8247634791798513,-0.0005274835504892589,-0.5654195416159066,-1.9396058873213955,0.01396345218658254,3.13329839687488
1795,940845.3780065752,940845.4070090001,right,-0.020596057176589966,-0.07684796303510666,-0.05245459824800491,-0.928398847579956,-0.0017473460175096989,0.3715810477733612,0.1528923362493515,-0.48268869519233704,0.44720950722694397,-0.0031835343177045554,-0.8281187389091459,0.0031446203700804722,-0.5605348583269942,-1.951508384038511,0.0017473510708114883,3.1328153254031297
1796,940845.3980065752,940845.4339897084,right,-0.0400797575712204,-0.07049629837274551,-0.037989292293787,-0.9254845976829529,0.0049030776135623455,0.37875330448150635,0.08155591785907745,-0.30857741832733154,0.21705999970436096,-0.0005300666697474117,-0.830270887271397,0.005188320216582193,-0.5573356539712727,-1.9592501567122587,-0.004903093478737783,3.1323861398816435
1797,940845.4180065752,940845.4351104584,right,-0.09885159134864807,-0.07714047282934189,-0.007853910326957703,-0.9231154322624207,0.009009764529764652,0.38441750407218933,0.09353993088006973,-0.3335112929344177,0.18905821442604065,0.0012179259851009352,-0.831967039377798,0.00629358579620224,-0.5547880669938449,-1.9653899867548508,-0.00900988304888974,3.1324714274700707
1798,940845.4380065752,940845.4565279167,right,-0.12146303802728653,-0.07801730185747147,0.004784053191542625,-0.9200476408004761,0.014194730669260025,0.3915490508079529,0.14768202602863312,-0.44234392046928406,0.26932159066200256,0.003572588178940728,-0.8340975971704234,0.0074652173682203445,-0.5515547819290034,-1.973153686209215,-0.014195203833107892,3.1330792090001416
1799,940845.4580065752,940845.4817889584,right,-0.09068543463945389,-0.06749139726161957,-0.012481904588639736,-0.9162797927856445,0.020801926031708717,0.3999985456466675,0.1593894213438034,-0.45268914103507996,0.29340508580207825,0.006551486923815439,-0.8366113679534686,0.008983121406910141,-0.5476841224186083,-1.9824059960440568,-0.02080342333042472,3.133736402115248
1800,940845.4780065753,940845.4962513751,right,-0.057157326489686966,-0.04648921638727188,-0.014210580848157406,-0.9130087494850159,0.0263570174574852,0.4070880115032196,0.09704766422510147,-0.30766403675079346,0.18715865910053253,0.009017245637439436,-0.8387118765174549,0.010315215253123896,-0.5444031895114128,-1.9902148169820697,-0.026360066810849153,3.1341050322700927
1801,940845.4980065753,940845.5356338334,right,-0.06978317350149155,-0.030492790043354034,0.015011221170425415,-0.9110809564590454,0.029293542727828026,0.411185085773468,0.052683062851428986,-0.16073033213615417,0.1003410667181015,0.010296538023258134,-0.8399227851892053,0.011057184245080879,-0.5424955048546346,-1.9947438032689482,-0.029297730426041585,3.1341866959591864
1802,940845.5180065753,940845.5364662501,right,-0.10361908376216888,-0.03605494648218155,0.03726072981953621,-0.9095971584320068,0.032124269753694534,0.41424721479415894,0.08434447646141052,-0.20031024515628815,0.18706803023815155,0.011488742044958821,-0.8408231699986305,0.011832608059433035,-0.5410585162419806,-1.998146987378482,-0.03212979550411268,3.134122629005212
1803,940845.5380065753,940845.5564134168,right,-0.09057064354419708,-0.042832572013139725,0.03143196552991867,-0.907280683517456,0.037923235446214676,0.41881200671195984,0.1533890664577484,-0.30632472038269043,0.32872819900512695,0.013943264783952018,-0.8421558936714287,0.01339651832989945,-0.5388873264032304,-2.003265067058101,-0.03793232902891187,3.134050940403585
1804,940845.5580065753,940845.576400625,right,-0.03648935630917549,-0.03959985077381134,0.01554209366440773,-0.9044353365898132,0.04568616673350334,0.4241572320461273,0.1814759522676468,-0.277411550283432,0.32863858342170715,0.017327775558582316,-0.843708184076561,0.015333670631991425,-0.5363031757875998,-2.0093170387925565,-0.04570207244907163,3.1342965655264083
1805,940845.5780065753,940845.6011155834,right,0.0023353712167590857,-0.03594997152686119,0.002738670678809285,-0.9023417830467224,0.052233897149562836,0.42784425616264343,0.18858911097049713,-0.15470221638679504,0.21231617033481598,0.02040405922443622,-0.8447757647329832,0.016614666325431994,-0.5344730799738866,-2.013549931024991,-0.05225767476200576,3.1353235595903413
1806,940845.5980065754,940845.6179344584,right,0.001014343579299748,-0.04577403888106346,-0.002971335081383586,-0.901003897190094,0.05710078775882721,0.4300362467765808,0.22108569741249084,-0.13967925310134888,0.16047243773937225,0.023040004942998363,-0.8454163502646318,0.01700979827826236,-0.5333394213434534,-2.0161079268365096,-0.05713186085167335,3.137401364879833
1807,940845.6180065754,940845.6443208334,right,0.008742010220885277,-0.052117232233285904,-0.015227082185447216,-0.899225652217865,0.06214195489883423,0.4330487549304962,0.2933780550956726,-0.23685026168823242,0.15699364244937897,0.02607230392540035,-0.8463082150707532,0.01693497210143307,-0.531785428478851,-2.0195993479682657,-0.062182017238308906,3.140656173948211
1808,940845.6380065754,940845.6612033751,right,0.013867821544408798,-0.058698538690805435,-0.025544896721839905,-0.89658123254776,0.06760869920253754,0.4376882314682007,0.3569777011871338,-0.32005274295806885,0.11740297079086304,0.029688926920254797,-0.8476897639087392,0.016315065095578746,-0.5294094815210639,-2.024938980696942,-0.06766031128442325,-3.137809015447948
1809,940845.6580065754,940845.6958024584,right,0.006602359004318714,-0.0696805790066719,-0.030924998223781586,-0.8935606479644775,0.07214754819869995,0.4431070387363434,0.37944164872169495,-0.34246012568473816,0.01540915947407484,0.033304981703271806,-0.8493143482994905,0.014787232150285065,-0.5266281235767692,-2.0311498598201743,-0.07221028058282222,-3.131605797339373
1810,940845.6780065754,940845.69613525,right,-0.01128213107585907,-0.07430163770914078,-0.03265335038304329,-0.8906139731407166,0.07467294484376907,0.44858741760253906,0.3554464876651764,-0.33588314056396484,-0.09784317016601562,0.036287704898196035,-0.8509651976508396,0.012326508348569323,-0.5238220134886904,-2.037386250020498,-0.0747425121500026,-3.1245063833067515
1811,940845.6980065755,940845.7199495,right,-0.022274017333984375,-0.06753804534673691,-0.02516154944896698,-0.8879234194755554,0.0748506635427475,0.45386040210723877,0.291603147983551,-0.3112032115459442,-0.20347973704338074,0.03829346141972072,-0.8525527249642902,0.009168340907484713,-0.521155814846966,-2.043322618604845,-0.07492072823151028,-3.1172412088199524
1812,940845.7180065755,940845.73808475,right,-0.03418547287583351,-0.05179489031434059,-0.011964228935539722,-0.8855873942375183,0.07279566675424576,0.458732932806015,0.2305196076631546,-0.28811773657798767,-0.2649010717868805,0.03921716359901714,-0.8540111820033099,0.005601865338823001,-0.5187442806237008,-2.0487388286935087,-0.07286011072767605,-3.110385564204819
1813,940845.7380065755,940845.7640087918,right,-0.06672849506139755,-0.056264180690050125,-0.0066062514670193195,-0.8830212354660034,0.07088582217693329,0.46394920349121094,0.23643001914024353,-0.3629487454891205,-0.16177578270435333,0.040023277505549334,-0.8555519875979427,0.002326620378358183,-0.5161623904116119,-2.054565592642993,-0.0709453162456817,-3.1041538254720935
1814,940845.7580065755,940845.7951550834,right,-0.08269427716732025,-0.06266659498214722,-0.0015269698342308402,-0.8791640400886536,0.07199166715145111,0.47105011343955994,0.2761697769165039,-0.47772687673568726,0.017126556485891342,0.04184169851524753,-0.8576275499175597,0.00021702472295197543,-0.5125664598191625,-2.062666809799403,-0.0720539978364336,-3.09894807456807
1815,940845.7780065755,940845.7964196667,right,-0.06702794879674911,-0.06392782181501389,-0.011665748432278633,-0.874315619468689,0.07592065632343292,0.47938302159309387,0.28299733996391296,-0.5006294250488281,0.11179641634225845,0.04462110512514604,-0.8600528145480845,-0.0008188489914261626,-0.5082493674559657,-2.0723296764753605,-0.075993778721645,-3.0946742725627607
1816,940845.7980065756,940845.8238782501,right,-0.04179892688989639,-0.06389452517032623,-0.02506064996123314,-0.8696455359458923,0.08043889701366425,0.4870792329311371,0.25250035524368286,-0.4190373420715332,0.09604664146900177,0.047488802332578336,-0.8622862256035547,-0.0014468701271803405,-0.5041876604045126,-2.081352695741375,-0.08052589117500525,-3.0910255478218414
1817,940845.8180065756,940845.841713625,right,-0.03718487545847893,-0.07000622898340225,-0.0315290242433548,-0.8660035133361816,0.08384668827056885,0.4929579198360443,0.22124320268630981,-0.3125273287296295,0.03567066043615341,0.04984132066421838,-0.8639871574674657,-0.002273127558315308,-0.5010357722083725,-2.088285891806707,-0.08394524169407153,-3.08750343220679
1818,940845.8380065756,940845.8604305,right,-0.048499513417482376,-0.08069995790719986,-0.03995082527399063,-0.8632778525352478,0.08626950532197952,0.49730196595191956,0.20963115990161896,-0.2458614557981491,0.0047818748280406,0.051800846570337365,-0.8652396055544419,-0.003379818459147144,-0.49866401252038617,-2.093428730899909,-0.08637686949024108,-3.0838342043354356
1819,940845.8580065756,940845.8959052084,right,-0.05339252948760986,-0.0885273739695549,-0.04800212010741234,-0.8611805438995361,0.0882188007235527,0.5005848407745361,0.19428767263889313,-0.1791287213563919,-0.019214093685150146,0.05354954437391351,-0.8661821326583153,-0.004577546268430972,-0.4968298719060223,-2.0973355120829003,-0.08833362419884003,-3.080174722859929
1820,940845.8780065756,940845.8961923751,right,-0.059816423803567886,-0.095207579433918,-0.058476805686950684,-0.8598020672798157,0.08960031718015671,0.5027048587799072,0.167912557721138,-0.11002969741821289,-0.03043174371123314,0.05500411335330503,-0.8667864476114688,-0.005804371047118811,-0.49560278286397386,-2.0998713066993555,-0.08972063880380954,-3.0767036303879105
1821,940845.8980065756,940845.9176535001,right,-0.0801607072353363,-0.10780862718820572,-0.06297999620437622,-0.8589885234832764,0.09062498062849045,0.5039103627204895,0.13847750425338745,-0.06585512310266495,-0.01985207200050354,0.05618341741144866,-0.8671261815109664,-0.006881972371271528,-0.4948618172452677,-2.1013285643166304,-0.09074948317459108,-3.0737203440217917
1822,940845.9180065757,940845.9442412084,right,-0.11401999741792679,-0.13047516345977783,-0.06854225695133209,-0.858393132686615,0.09167901426553726,0.504733681678772,0.11182748526334763,-0.060901153832674026,0.02442016825079918,0.05716386717962183,-0.8673578016365017,-0.007569830240245689,-0.4943333145312686,-2.1023443061813327,-0.09180792963947147,-3.0715934380012353
1823,940845.9380065757,940845.9712781251,right,-0.15762238204479218,-0.17550250887870789,-0.08926238119602203,-0.8574119210243225,0.09381333738565445,0.5060074925422668,0.08662323653697968,-0.11348428577184677,0.12295255064964294,0.05832709225316553,-0.8677254087858249,-0.0075072735063517705,-0.49355254879295707,-2.103946747762132,-0.09395148745086465,-3.07061683672463
1824,940845.9580065757,940845.9776997084,right,-0.1750732809305191,-0.22378996014595032,-0.11447986960411072,-0.855888307094574,0.09717836230993271,0.5079488158226013,0.03517313674092293,-0.11529234796762466,0.1696990728378296,0.05967835356617493,-0.8682922414832166,-0.006557733986527592,-0.49240657549142514,-2.1064046644329886,-0.09733196657804881,-3.0710404262104216
1825,940845.9780065757,940846.0052887917,right,-0.16679880023002625,-0.2503184378147125,-0.14053481817245483,-0.8552206158638,0.09927704185247421,0.5086669325828552,-0.06463959068059921,0.05078890174627304,0.06860187649726868,0.060229573853156845,-0.8685067564290823,-0.0054296986687859625,-0.4919746474364062,-2.1073677030573545,-0.09944084094495603,-3.0725023641746154
1826,940845.9980065757,940846.02637025,right,-0.1839786171913147,-0.27458620071411133,-0.15022113919258118,-0.8569989800453186,0.09744247794151306,0.5060216784477234,-0.19853420555591583,0.2826003432273865,-0.10432068258523941,0.05890932235977077,-0.8677483781334315,-0.004857845072653255,-0.49347637394060123,-2.104169918186158,-0.0975973402457844,-3.0746528743558414
1827,940846.0180065758,940846.0388165417,right,-0.24266786873340607,-0.30378657579421997,-0.14032389223575592,-0.8607541918754578,0.0924406498670578,0.5005565285682678,-0.28636300563812256,0.3727675676345825,-0.15976323187351227,0.056037031781360255,-0.8661734738629846,-0.004666954610130209,-0.49656980953989455,-2.0975260694561797,-0.09257280737761671,-3.0775373921321516
1828,940846.0380065758,940846.0641022917,right,-0.2975342869758606,-0.3265511393547058,-0.12036635726690292,-0.8646478056907654,0.08691368997097015,0.4948033094406128,-0.3408731520175934,0.3494552671909332,-0.11987514793872833,0.05263189489184467,-0.86451428198648,-0.004089768378146596,-0.4998282674254541,-2.090568949082134,-0.0870234837734477,-3.0816449042940266
1829,940846.0580065758,940846.1184832917,right,-0.286327064037323,-0.3375806510448456,-0.1173628643155098,-0.8690900802612305,0.07987571507692337,0.4881620705127716,-0.43323054909706116,0.4717229902744293,-0.21304982900619507,0.04813512922914826,-0.8625955914869828,-0.0031440194727397485,-0.5035890927941828,-2.082572745625003,-0.07996089372801142,-3.087488788723426
1830,940846.0780065758,940846.1185453334,right,-0.2751995027065277,-0.3486528694629669,-0.11426198482513428,-0.8734526634216309,0.07288051396608353,0.481423556804657,-0.5255879759788513,0.5939907431602478,-0.3062244951725006,0.043636469835611105,-0.8606433404364557,-0.0021981405516080616,-0.5073302700835371,-2.074539712531995,-0.07294518085094795,-3.0933859970653974
1831,940846.0980065758,940846.1188214584,right,-0.25649020075798035,-0.33691662549972534,-0.1082681193947792,-0.880372941493988,0.06102932244539261,0.47033920884132385,-0.6331077814102173,0.8234472274780273,-0.4950312674045563,0.03691460195428113,-0.8574174682365111,-0.0022142688628439193,-0.5132910748848285,-2.061467039946834,-0.061067268589184494,-3.0998096608681998
1832,940846.1180065759,940846.1426842917,right,-0.27008455991744995,-0.31937187910079956,-0.08604169636964798,-0.8892636299133301,0.04500077664852142,0.45517584681510925,-0.6926529407501221,0.9705694913864136,-0.6204245090484619,0.028355476877493804,-0.8529815118476932,-0.0032356874939398,-0.5211602880387987,-2.0438844964377765,-0.04501597355814159,-3.1064744067341548
1833,940846.1380065759,940846.1606233751,right,-0.2818050980567932,-0.306443989276886,-0.05475747212767601,-0.8985471129417419,0.027128122746944427,0.43803778290748596,-0.7189409732818604,0.9984922409057617,-0.6826457381248474,0.018992995033248975,-0.8479362595330107,-0.004796330465042219,-0.5297361295618856,-2.0243904983117256,-0.02713144778218583,-3.1133219686628357
1834,940846.1580065759,940846.1955005417,right,-0.2681737244129181,-0.27607855200767517,-0.03270287811756134,-0.9075173735618591,0.007808738853782415,0.41994214057922363,-0.7621175646781921,1.0424290895462036,-0.7749397158622742,0.008996639442288021,-0.8425701605905829,-0.0068266469925025355,-0.5384682615954813,-2.0041919620192385,-0.007808813762346423,-3.1203977565714065
1835,940846.1780065759,940846.202747,right,-0.2637801766395569,-0.23593731224536896,-0.003110684221610427,-0.916387140750885,-0.014053424820303917,0.4000464975833893,-0.832327127456665,1.131726861000061,-0.9077419638633728,-0.0021652248688673508,-0.8366197351825274,-0.00952213359563398,-0.547697118483956,-1.9824069793963366,0.014053892607697946,-3.128029865519279
1836,940846.1980065759,940846.2190291251,right,-0.29208141565322876,-0.20100219547748566,0.042063914239406586,-0.9248676896095276,-0.03819107636809349,0.3783665895462036,-0.8739535212516785,1.1484769582748413,-0.9658239483833313,-0.014429580500993895,-0.8300724007497058,-0.012771674575185807,-0.5573226493426703,-1.9591258227328985,0.03820037016499895,-3.136469929413645
1837,940846.218006576,940846.2560355001,right,-0.33072489500045776,-0.170516699552536,0.08468882739543915,-0.9320560693740845,-0.06225425750017166,0.35692596435546875,-0.8630567193031311,1.0569720268249512,-0.9244346618652344,-0.02680884902879613,-0.823533691120459,-0.01597635392328185,-0.5664083552033256,-1.9365139755446403,0.062294543809854115,3.1375293812642195
1838,940846.238006576,940846.2600095418,right,-0.33429187536239624,-0.14309798181056976,0.10224837064743042,-0.9378108382225037,-0.08549047261476517,0.33645567297935486,-0.8788665533065796,1.0175141096115112,-0.9366556406021118,-0.039008292777866736,-0.8172333195013793,-0.018908730676994678,-0.5746743623782745,-1.9152600189565208,0.08559495893408789,3.1276125796038015
1839,940846.258006576,940846.2787903751,right,-0.3153636157512665,-0.11466110497713089,0.10792810469865799,-0.9427773356437683,-0.10996493697166443,0.31476786732673645,-0.9231269955635071,1.1149921417236328,-1.0439425706863403,-0.051871303358964616,-0.8104882741587622,-0.022196728352079344,-0.5830313140318811,-1.8930324792317512,0.11018777768143988,3.1169358301708816
1840,940846.278006576,940846.3069374583,right,-0.31211453676223755,-0.08630240708589554,0.12449301034212112,-0.9471943378448486,-0.13630037009716034,0.290249764919281,-0.9369962215423584,1.2268221378326416,-1.1097288131713867,-0.065613652233804,-0.8027711812043308,-0.02614037045899571,-0.5920894611266118,-1.8681426817717668,0.13672596825641925,3.10551941808862
1841,940846.298006576,940846.3252038334,right,-0.32646775245666504,-0.0685671791434288,0.13935188949108124,-0.9508126378059387,-0.16202639043331146,0.26401299238204956,-0.8820194005966187,1.2357754707336426,-1.0356452465057373,-0.07908773423438246,-0.7944132007748584,-0.030235169322333735,-0.6014471751327868,-1.841643936018557,0.1627438373132209,3.093848133864839
1842,940846.318006576,940846.3402934584,right,-0.32114943861961365,-0.052327677607536316,0.14079682528972626,-0.9535775780677795,-0.18488511443138123,0.23771293461322784,-0.8036090731620789,1.2269282341003418,-0.9354761838912964,-0.09124982492686765,-0.785941667768649,-0.033943571659817616,-0.6105874822058784,-1.8151022819801363,0.18595496485829277,3.0824627476871407
1843,940846.338006576,940846.3662650418,right,-0.29151517152786255,-0.0297248475253582,0.1363188922405243,-0.9555745720863342,-0.2066410928964615,0.2101835310459137,-0.8029234409332275,1.3495371341705322,-1.0033602714538574,-0.10286398493591174,-0.7769601845005888,-0.037744422522501965,-0.6199414694114909,-1.7873038383341517,0.20814071968312786,3.0711272995224093
1844,940846.3580065761,940846.38161975,right,-0.2874468266963959,-0.01456692349165678,0.148254856467247,-0.9564541578292847,-0.2306058257818222,0.17893178761005402,-0.8459946513175964,1.5296043157577515,-1.1588242053985596,-0.11541865183273661,-0.7665861836927471,-0.0425619197871016,-0.6302481785246398,-1.7557368270457143,0.2327002506368257,3.0590466159841525
1845,940846.3780065761,940846.4003655834,right,-0.2988513112068176,0.0029695553239434958,0.1662673056125641,-0.9556868672370911,-0.2563895285129547,0.14466090500354767,-0.8644925355911255,1.5889447927474976,-1.2276195287704468,-0.12888040326124006,-0.7549893630831477,-0.04818210576375303,-0.6411390876972087,-1.7210244026701138,0.259285012834977,3.045740256865067
1846,940846.3980065761,940846.4477243751,right,-0.30180248618125916,0.022269966080784798,0.17286118865013123,-0.9532211422920227,-0.2814130187034607,0.11034657806158066,-0.8281369805335999,1.509230375289917,-1.1552610397338867,-0.14215959348235516,-0.743154386160015,-0.053803794093017596,-0.6516267783071039,-1.6860451287672227,0.28526633923793127,3.031635512714008
1847,940846.4180065761,940846.448893625,right,-0.2863861322402954,0.02735031582415104,0.17898359894752502,-0.9495289921760559,-0.3038277328014374,0.07799702137708664,-0.7789239287376404,1.4073944091796875,-1.0599722862243652,-0.1544417291578077,-0.731804807882585,-0.05882376869988342,-0.6611726891526826,-1.6527551755406613,0.3087077599981401,3.017281014284166
1848,940846.4380065762,940846.4724584584,right,-0.26127535104751587,0.033486030995845795,0.19396786391735077,-0.9445807337760925,-0.32494238018989563,0.04668796434998512,-0.7733994722366333,1.3984644412994385,-1.0799371004104614,-0.16630219265941582,-0.7206222874801923,-0.06361998637785737,-0.670074386220057,-1.6201833180614145,0.33095080081688544,3.0024393345403286
1849,940846.4580065762,940846.5021252084,right,-0.23843000829219818,0.04773929342627525,0.2027805894613266,-0.9379355311393738,-0.3464886546134949,0.014922832138836384,-0.7878075838088989,1.4159791469573975,-1.1439199447631836,-0.17855725950749748,-0.7090410992889893,-0.06871780414824569,-0.6787164102091717,-1.5867052828534938,0.35382530159597164,2.9864684936924037
1850,940846.4780065762,940846.502603875,right,-0.21944622695446014,0.05888817086815834,0.2091064304113388,-0.9296805262565613,-0.36797499656677246,-0.016983212903141975,-0.7672497630119324,1.3963807821273804,-1.163319706916809,-0.190874738832203,-0.697148380942764,-0.07411160016018917,-0.6870650936867027,-1.5525305663967288,0.37683029415443264,2.9698013098173246
1851,940846.4980065762,940846.5203455834,right,-0.2128020077943802,0.061670951545238495,0.2257639765739441,-0.919999897480011,-0.3889382481575012,-0.04823865368962288,-0.7037056684494019,1.382523536682129,-1.1605958938598633,-0.20289505599174093,-0.6852122484048417,-0.07977999528808573,-0.6949480818386079,-1.518410975680953,0.3994788346850438,2.9530495686856724
1852,940846.5180065762,940846.5982252083,right,-0.18287666141986847,0.07998605072498322,0.2239104062318802,-0.9083507061004639,-0.4105617105960846,-0.07961244881153107,-0.6593685746192932,1.426046371459961,-1.2071495056152344,-0.21447349363481116,-0.6728021545818546,-0.08678153705120598,-0.7027143068075041,-1.4833746602006075,0.42307000261873284,2.9376742167161645
1853,940846.5380065762,940846.5982735418,right,-0.15437814593315125,0.09760914742946625,0.2219637781381607,-0.8952744007110596,-0.4314929246902466,-0.11089358478784561,-0.6150314807891846,1.469569206237793,-1.2537031173706055,-0.22596667090314138,-0.6601245483981981,-0.0937485272904877,-0.7102012140650343,-1.4475585625033494,0.4461470416941531,2.9212249103256833
1854,940846.5580065763,940846.5985509168,right,-0.1272856891155243,0.11450697481632233,0.21987450122833252,-0.8807922601699829,-0.45169901847839355,-0.14203165471553802,-0.5706943273544312,1.513092041015625,-1.3002567291259766,-0.2373700826436824,-0.6471847075890073,-0.10067831852024642,-0.7174059679580094,-1.4109181859828612,0.468668799335389,2.9036747201355286
1855,940846.5780065763,940846.5986442084,right,-0.11160881072282791,0.13028284907341003,0.22836413979530334,-0.8638373613357544,-0.47280457615852356,-0.17389918863773346,-0.5603513121604919,1.5743181705474854,-1.3860962390899658,-0.248875364426599,-0.6334320367664149,-0.10869342216431678,-0.724576225518239,-1.3721413683376795,0.4924708904373995,2.885785559004974
1856,940846.5980065763,940846.6227648751,right,-0.09968500584363937,0.15983088314533234,0.23689137399196625,-0.8439643979072571,-0.4949816167354584,-0.2066817283630371,-0.5639063715934753,1.6224342584609985,-1.4706313610076904,-0.2610309819841416,-0.6187462163907146,-0.11752553511241767,-0.7315762014959063,-1.3306291453064691,0.5178136945643353,2.865943202938257
1857,940846.6180065763,940846.6427478334,right,-0.09216318279504776,0.1848021149635315,0.230915367603302,-0.8220789432525635,-0.5168610215187073,-0.23883217573165894,-0.537056028842926,1.5381433963775635,-1.4319384098052979,-0.273309492790678,-0.6037932699194667,-0.12656064025804684,-0.7380501270621639,-1.2880572846722702,0.5431801832334953,2.8445093859540083
1858,940846.6380065763,940846.6651039168,right,-0.08288489282131195,0.20083343982696533,0.23014257848262787,-0.800347089767456,-0.5364567041397095,-0.2676912546157837,-0.48523372411727905,1.3460667133331299,-1.3031237125396729,-0.28467209609106897,-0.589875907876921,-0.13491025752315616,-0.7435101958512828,-1.248024058454212,0.5662329286033305,2.8232385568025222
1859,940846.6580065764,940846.6812455833,right,-0.07897120714187622,0.20387083292007446,0.235753133893013,-0.7799644470214844,-0.5533385872840881,-0.2923556864261627,-0.4346393644809723,1.1528400182724,-1.1725705862045288,-0.2947565198853925,-0.5775541153883315,-0.14231444573154783,-0.747861269561992,-1.2121729115390385,0.5863670670695439,2.803241101687308
1860,940846.6780065764,940846.7017551251,right,-0.053971219807863235,0.21855220198631287,0.2133907824754715,-0.7604381442070007,-0.568419337272644,-0.31405946612358093,-0.4333341121673584,1.0570310354232788,-1.1432932615280151,-0.30423146588558947,-0.5663814867916509,-0.14893715719945208,-0.7513141670494984,-1.1791351908277339,0.6045833511670059,2.7834017139009823
1861,940846.6980065764,940846.7593669167,right,-0.05471542477607727,0.21940980851650238,0.21572747826576233,-0.7395251393318176,-0.5835393071174622,-0.3355362117290497,-0.46715041995048523,1.0532233715057373,-1.1913857460021973,-0.314542742500733,-0.5550612431199037,-0.15536701312311468,-0.754208914050978,-1.144854425555494,0.623080243288291,2.7605761138311093
1862,940846.7180065764,940846.759434625,right,-0.05627018213272095,0.21953904628753662,0.21775783598423004,-0.7178016304969788,-0.597930908203125,-0.356706440448761,-0.5009667873382568,1.0494158267974854,-1.2394782304763794,-0.32476454829204593,-0.5435833378583754,-0.1617527021295346,-0.7568892086177348,-1.1095973777020571,0.6409172891764926,2.736667907658075
1863,940846.7380065764,940846.7599630001,right,-0.055970292538404465,0.2229224294424057,0.2162160724401474,-0.6954582929611206,-0.6115360856056213,-0.3773082196712494,-0.49849429726600647,1.009415864944458,-1.2027461528778076,-0.33496034185459134,-0.5320993099031092,-0.16797683830496365,-0.7592468588804189,-1.0737049690735199,0.6580005875209929,2.711538033742222
1864,940846.7580065764,940846.783873875,right,-0.03206872195005417,0.23396258056163788,0.20485782623291016,-0.6733450889587402,-0.6237303018569946,-0.39694687724113464,-0.4657820463180542,0.9898191690444946,-1.123228669166565,-0.3445996502313259,-0.5208643427373705,-0.17385881991257307,-0.761396401535122,-1.038122212353259,0.6735060726467794,2.6863946246597514
1865,940846.7780065765,940846.8071186667,right,-0.016697494313120842,0.2287755012512207,0.2068101465702057,-0.651841938495636,-0.6343098282814026,-0.4156355559825897,-0.43141964077949524,0.9715695977210999,-1.0308140516281128,-0.35339627123471035,-0.5099071596357042,-0.17937924228667884,-0.7634976945477852,-1.003164576119595,0.6871154684093495,2.6620164912011828
1866,940846.7980065765,940846.8340949584,right,-0.01815749704837799,0.2197471708059311,0.21324874460697174,-0.6311970949172974,-0.6433761119842529,-0.43319424986839294,-0.3812250792980194,0.9367191791534424,-0.9280253052711487,-0.3612288010210818,-0.49933018125662104,-0.18458665816047795,-0.7655787267345858,-0.9693203004004332,0.698900198003495,2.6390089896804096
1867,940846.8180065765,940846.8615255834,right,0.006591537967324257,0.21426710486412048,0.18587718904018402,-0.6119120717048645,-0.651007354259491,-0.449169397354126,-0.35111531615257263,0.8861910104751587,-0.8295551538467407,-0.3680011182835414,-0.4894218688930703,-0.1894242130939745,-0.7675675981471086,-0.9375865678135564,0.7089107867010265,2.618025965321266
1868,940846.8380065765,940846.862711875,right,0.05554437264800072,0.22238510847091675,0.1574629843235016,-0.5926312804222107,-0.6576936841011047,-0.46500223875045776,-0.41041505336761475,0.9426943063735962,-0.8723965287208557,-0.37454255528058483,-0.47945200691588685,-0.19397074479041687,-0.7695576284779018,-0.9054916406763706,0.717752988077025,2.596673255072646
1869,940846.8580065765,940846.8802187084,right,0.07457982003688812,0.23044240474700928,0.15790905058383942,-0.571013867855072,-0.6640315651893616,-0.48270636796951294,-0.5033397674560547,1.0325862169265747,-0.9539822340011597,-0.38187993982551477,-0.468219222648886,-0.19853858266086266,-0.7717001231414661,-0.869008217930423,0.7261978470344114,2.5716103119806704
1870,940846.8780065766,940846.9037562084,right,0.06389183551073074,0.23520800471305847,0.17636585235595703,-0.5486886501312256,-0.669185221195221,-0.5011307001113892,-0.538805365562439,0.9708766937255859,-0.8710756301879883,-0.3894451012747526,-0.45647771701742523,-0.20263940531725985,-0.7738850002867673,-0.8306682791486167,0.7331117700322208,2.544545488318711
1871,940846.8980065766,940846.9259880834,right,0.07100669294595718,0.23216202855110168,0.16420499980449677,-0.529647171497345,-0.6719814538955688,-0.5176049470901489,-0.5076605081558228,0.7689889669418335,-0.6201573610305786,-0.39581463203262235,-0.4460789581945126,-0.20545335895027564,-0.7759725409394375,-0.7968965049807668,0.7368811826017234,2.5204481346760077
1872,940846.9180065766,940846.9405027501,right,0.11260657012462616,0.23065458238124847,0.14787474274635315,-0.5156323313713074,-0.672080934047699,-0.5314418077468872,-0.4974392354488373,0.6210378408432007,-0.4288780391216278,-0.4005710461765755,-0.4377387819228926,-0.20655229129981242,-0.7779869153522116,-0.7703006047097908,0.7370154610006807,2.5011945790337164
1873,940846.9380065766,940846.963960375,right,0.129011332988739,0.22584815323352814,0.15879273414611816,-0.503670871257782,-0.6707306504249573,-0.5444594621658325,-0.5158392786979675,0.5877290964126587,-0.38307973742485046,-0.40468909092538063,-0.43013034421989005,-0.206780474941069,-0.780036234326574,-0.746502266796092,0.7351934388439213,2.483792861730625
1874,940846.9580065766,940846.9815356251,right,0.11875101178884506,0.2223065197467804,0.1588076502084732,-0.4931665062904358,-0.6684999465942383,-0.5566818714141846,-0.483825147151947,0.501910388469696,-0.2782386243343353,-0.40827378839828016,-0.4230973432309984,-0.2065131804266567,-0.7820828518234633,-0.7249722496503143,0.7321899705322844,2.468118401843951
1875,940846.9780065767,940846.999984125,right,0.15233546495437622,0.23178550601005554,0.14517170190811157,-0.48464155197143555,-0.6655207276344299,-0.5676308274269104,-0.46545055508613586,0.47660303115844727,-0.22647613286972046,-0.411122158968151,-0.4169425124604844,-0.20577545248498944,-0.784088015423527,-0.7066943696356881,0.7281912947751428,2.455026421489432
1876,940846.9980065767,940847.0446145,right,0.19555243849754333,0.25216490030288696,0.15508684515953064,-0.47483018040657043,-0.6625131368637085,-0.5793209671974182,-0.5031291246414185,0.634454071521759,-0.32442471385002136,-0.41412128107475543,-0.4101056055563527,-0.20531173093878127,-0.7862341875898837,-0.6865977478563305,0.7241688807889901,2.4411702092733214
1877,940847.0180065767,940847.0451563334,right,0.21349884569644928,0.27822327613830566,0.19468756020069122,-0.4611266553401947,-0.6597030162811279,-0.5934258103370667,-0.5623352527618408,0.8383775949478149,-0.42157745361328125,-0.4178032540307488,-0.4012408273418432,-0.20565235097135498,-0.7887670582236888,-0.6605949261889097,0.720423558353986,2.4242064496035973
1878,940847.0380065767,940847.0739413333,right,0.20792138576507568,0.30450427532196045,0.21641121804714203,-0.4456802308559418,-0.6564756631851196,-0.6086122393608093,-0.5293710231781006,0.863118052482605,-0.28492528200149536,-0.42113714114730705,-0.3912419256605476,-0.20645493635772835,-0.791801544007546,-0.6320695891425843,0.716137203016361,2.407466497081376
1879,940847.0580065767,940847.0843157084,right,0.20893509685993195,0.32177162170410156,0.22960060834884644,-0.434700608253479,-0.6517400741577148,-0.6215064525604248,-0.3937157988548279,0.661284327507019,0.07830484211444855,-0.42218180045663656,-0.3828994351659866,-0.20648194229651368,-0.7953086234995679,-0.6103436851390114,0.709876468509146,2.3980205640057264
1880,940847.0780065767,940847.110015625,right,0.23880137503147125,0.32399246096611023,0.2308865189552307,-0.4313112497329712,-0.6454070210456848,-0.6304129362106323,-0.27841296792030334,0.41885608434677124,0.4036160409450531,-0.42033053259887015,-0.3777793654884603,-0.20512503471719068,-0.7990799927752098,-0.6000243512746734,0.7015560327152703,2.398532080337035
1881,940847.0980065768,940847.120321625,right,0.29037126898765564,0.32341036200523376,0.22276857495307922,-0.4330272078514099,-0.6381070613861084,-0.6366370916366577,-0.24141113460063934,0.2872791886329651,0.5134453177452087,-0.4168015092743216,-0.37493170072715976,-0.2027502518723337,-0.802866789782261,-0.5972990568191722,0.6920372552350242,2.404980467004088
1882,940847.1180065768,940847.1438918334,right,0.33121436834335327,0.3149513900279999,0.2013518214225769,-0.4363071322441101,-0.6307308673858643,-0.6417279243469238,-0.2274099588394165,0.20603904128074646,0.5012526512145996,-0.4130405659916816,-0.3729912562965597,-0.20003387922931382,-0.806388009677633,-0.5971043460339478,0.6824947086180916,2.412581411723911
1883,940847.1380065768,940847.1611835834,right,0.347463458776474,0.30257824063301086,0.201450914144516,-0.44056132435798645,-0.6237785816192627,-0.6456050276756287,-0.1695091873407364,0.09677321463823318,0.4956802427768707,-0.4094583551155834,-0.37190372133624755,-0.1971930263123839,-0.8094110727072881,-0.5988164082938197,0.6735678795729017,2.420245765744085
1884,940847.1580065768,940847.1835845001,right,0.33991774916648865,0.2935803234577179,0.20904982089996338,-0.4467768371105194,-0.6175786256790161,-0.6472921371459961,-0.06847091019153595,-0.07659589499235153,0.5400418043136597,-0.40575967841581534,-0.3722946465971525,-0.19429519789149605,-0.8117913338131291,-0.6041349734941136,0.6656603362769551,2.4291741858122227
1885,940847.1780065768,940847.2012284168,right,0.33387821912765503,0.2813950181007385,0.20057907700538635,-0.456270307302475,-0.6122182607650757,-0.645760178565979,0.0492364838719368,-0.2906774580478668,0.617204487323761,-0.40144229805540915,-0.37486014624317887,-0.19131069945788978,-0.8134643187148874,-0.6151171439246675,0.6588630733774041,2.4410754439333324
1886,940847.1980065769,940847.2216819584,right,0.33785712718963623,0.269320011138916,0.1844283938407898,-0.4689170718193054,-0.607718288898468,-0.6409331560134888,0.1515617072582245,-0.45449545979499817,0.6331065893173218,-0.3965446721070802,-0.37957992443321503,-0.18828836147105404,-0.8143825783346831,-0.6316312751185329,0.6531843164276766,2.455782453823605
1887,940847.2180065769,940847.2399643334,right,0.33215317130088806,0.25993743538856506,0.17717179656028748,-0.48262277245521545,-0.6043660640716553,-0.6338902115821838,0.21073496341705322,-0.539038360118866,0.5551902651786804,-0.39185540058861784,-0.3855312431259319,-0.18552775103912275,-0.8144902446911665,-0.6507360546813292,0.6489699592866203,2.4707473138394422
1888,940847.2380065769,940847.2636343751,right,0.3031468689441681,0.2539081871509552,0.1793449968099594,-0.49572914838790894,-0.6023933291435242,-0.6255995631217957,0.25078675150871277,-0.5867233276367188,0.45280084013938904,-0.38799251922611294,-0.3919451188334718,-0.1832463844222581,-0.8137945332573171,-0.6700935481769158,0.6464961770226967,2.4840358925070607
1889,940847.2580065769,940847.2986564167,right,0.2714534401893616,0.24370869994163513,0.18085385859012604,-0.5084187388420105,-0.601664662361145,-0.6160438060760498,0.3164309561252594,-0.6413049101829529,0.4186253249645233,-0.38456329804771106,-0.3987893820438454,-0.18150790462279706,-0.8124856195605443,-0.6899763566026693,0.6455835423157494,2.496700699859189
1890,940847.2780065769,940847.299676625,right,0.24856305122375488,0.23259693384170532,0.17738160490989685,-0.5221994519233704,-0.601513683795929,-0.6045568585395813,0.4050268828868866,-0.7332818508148193,0.4775093197822571,-0.38070334145847323,-0.40657983419053273,-0.18004004648796146,-0.8107671180233046,-0.7124354299224374,0.6453945820541651,2.5111640309462446
1891,940847.298006577,940847.32390175,right,0.22665496170520782,0.2237788289785385,0.17710579931735992,-0.5376418232917786,-0.6013993620872498,-0.5909822583198547,0.48694393038749695,-0.7895983457565308,0.5467923879623413,-0.3760012044259147,-0.4154397368852706,-0.1786580421841993,-0.8087732715645113,-0.7381718416934309,0.6452514853782984,2.528436501037054
1892,940847.318006577,940847.3417739584,right,0.19795115292072296,0.21192985773086548,0.17564231157302856,-0.5536936521530151,-0.6010781526565552,-0.5763058066368103,0.502902626991272,-0.8041930794715881,0.5605332851409912,-0.37087223591898844,-0.42474853131701373,-0.17730140588894783,-0.8066019255763514,-0.7653900585420259,0.6448495233106092,2.54701203178519
1893,940847.338006577,940847.3715826668,right,0.17036734521389008,0.20133353769779205,0.16550903022289276,-0.570073127746582,-0.6002123951911926,-0.561036229133606,0.49351072311401367,-0.8598480820655823,0.5980143547058105,-0.3655575625726139,-0.4342740591664002,-0.1757496264584764,-0.8042920365013287,-0.7933874102793524,0.6437666140713488,2.565993634946639
1894,940847.358006577,940847.4013900417,right,0.13023170828819275,0.20588764548301697,0.16795523464679718,-0.5877834558486938,-0.5982081294059753,-0.5446628928184509,0.47413691878318787,-0.9599050879478455,0.6695983409881592,-0.3598867552576675,-0.44446344350859895,-0.17355346108849315,-0.8017562169565535,-0.823457153808445,0.6412631673600852,2.5857917427986976
1895,940847.378006577,940847.4022678334,right,0.0640004351735115,0.21596375107765198,0.1613960862159729,-0.6074226498603821,-0.5944310426712036,-0.5269624590873718,0.4399242401123047,-1.077521562576294,0.7941657304763794,-0.3537641475878304,-0.4555403014124511,-0.17029917495389554,-0.7989568946481375,-0.8562080438239384,0.6365579467559942,2.606388181460122
1896,940847.398006577,940847.4212475417,right,0.006912656594067812,0.2104787528514862,0.1593780666589737,-0.6294516324996948,-0.587843656539917,-0.5081639289855957,0.3879793584346771,-1.1616613864898682,0.9712666869163513,-0.3467720955053615,-0.4674400799505108,-0.1655832643296107,-0.7961351587254962,-0.8916126896189485,0.6283907395767595,2.6281456780432064
1897,940847.4180065771,940847.4576836667,right,-0.009615409187972546,0.20140521228313446,0.167489156126976,-0.6535918712615967,-0.5778024196624756,-0.48883748054504395,0.3272028863430023,-1.20627760887146,1.1267064809799194,-0.3387056154284757,-0.4798056830765537,-0.15927260755299505,-0.7935347182115855,-0.9286247593707981,0.6160336182224696,2.6507654606439215
1898,940847.4380065771,940847.4610769168,right,-0.04295332357287407,0.1891051083803177,0.17747297883033752,-0.6793467402458191,-0.5646194219589233,-0.46871426701545715,0.31562888622283936,-1.270830750465393,1.288526177406311,-0.329494395146252,-0.49257312111902696,-0.15170556183661066,-0.7910693600075919,-0.9668482190486368,0.5999720543571,2.6742229169849594
1899,940847.4580065771,940847.4823283334,right,-0.07362841814756393,0.17077010869979858,0.18849323689937592,-0.706466019153595,-0.5486851930618286,-0.4470461308956146,0.36450642347335815,-1.2938618659973145,1.4347844123840332,-0.31886420914135255,-0.5058972926514856,-0.14333477303067452,-0.7885738031093336,-1.0066133047487074,0.5807907215341405,2.6992475538408596
1900,940847.4780065771,940847.5034966251,right,-0.04964374378323555,0.14964954555034637,0.15146832168102264,-0.7331669330596924,-0.5309121608734131,-0.4249688386917114,0.37393757700920105,-1.2181649208068848,1.4545120000839233,-0.3073291589683024,-0.5189900395011741,-0.13477730873364127,-0.7861508699010852,-1.0454860986391414,0.5596765691635667,2.7244716692060527
1901,940847.4980065771,940847.5223132917,right,-0.03823632374405861,0.12676455080509186,0.13224230706691742,-0.7579824328422546,-0.512373685836792,-0.4036530554294586,0.3688444495201111,-1.1225529909133911,1.4150792360305786,-0.295558486862913,-0.5311893431140935,-0.12653596904611278,-0.7838824243834139,-1.0814598295605908,0.5379465899646814,2.7485117466584095
1902,940847.5180065772,940847.5655440834,right,-0.0537581704556942,0.114227294921875,0.15200069546699524,-0.7802475690841675,-0.4940151870250702,-0.3836177885532379,0.37314847111701965,-0.9983147382736206,1.327248215675354,-0.2840285809746113,-0.5422558394648872,-0.11895256638305825,-0.781752242157128,-1.1138416514922262,0.5167017826581045,2.7707698657777082
1903,940847.5380065772,940847.5659503334,right,-0.07545576989650726,0.09884437918663025,0.16974082589149475,-0.7996654510498047,-0.47664010524749756,-0.3651702105998993,0.35288360714912415,-0.9184098243713379,1.223339319229126,-0.2732690863688691,-0.5521204699446014,-0.11215115883223006,-0.7796852309228317,-1.142422960789976,0.49682877081397697,2.790569305820585
1904,940847.5580065772,940847.5824945001,right,-0.08143311738967896,0.08487378060817719,0.13681313395500183,-0.8181084394454956,-0.45920997858047485,-0.34615710377693176,0.37411949038505554,-1.047218680381775,1.2779457569122314,-0.26272495281159813,-0.5619606674840509,-0.10545926318834035,-0.777209202066455,-1.1705201086930412,0.4771056816659115,2.809211635509516
1905,940847.5780065772,940847.6011257501,right,-0.08201192319393158,0.07766042649745941,0.12538953125476837,-0.8377856612205505,-0.439912348985672,-0.3234073519706726,0.4338405132293701,-1.2521249055862427,1.36320161819458,-0.2512656328652309,-0.5732978845138286,-0.09811142908151135,-0.7736725939795681,-1.2023939085577122,0.4555010799618474,2.828848999878439
1906,940847.5980065772,940847.64398625,right,-0.11664830148220062,0.053418371826410294,0.1356395184993744,-0.857824981212616,-0.4195033013820648,-0.29690587520599365,0.4726164937019348,-1.3826801776885986,1.3505702018737793,-0.2391293782532108,-0.5859579707286651,-0.09055558763262962,-0.768940811312637,-1.2375869373582777,0.43289808100306076,2.849229358827588
1907,940847.6180065772,940847.6447267501,right,-0.1110050305724144,0.034529611468315125,0.11848398298025131,-0.8761789798736572,-0.40000471472740173,-0.2688986361026764,0.4477185010910034,-1.3925213813781738,1.1921179294586182,-0.22776275828627512,-0.5988366273560864,-0.08333892089900424,-0.7632649510862533,-1.2730220735236146,0.41152199469096973,2.867728908156014
1908,940847.6380065773,940847.6612512917,right,-0.0996280387043953,0.0331132709980011,0.0941532775759697,-0.8917847275733948,-0.38287413120269775,-0.2410958707332611,0.3896551728248596,-1.37625253200531,0.9987063407897949,-0.21810539693588354,-0.6111906444921728,-0.07679881308788042,-0.7569530190540887,-1.3067563447313224,0.39290551433164117,2.882911320226098
1909,940847.6580065773,940847.6950606251,right,-0.13848690688610077,0.024750251322984695,0.11652141809463501,-0.9050152897834778,-0.36794257164001465,-0.21346114575862885,0.3950701057910919,-1.3855425119400024,0.8870059251785278,-0.2097365292147295,-0.6230755066190337,-0.07103756512099506,-0.7501607922353213,-1.339165082746878,0.37679541012296447,2.89591854842588
1910,940847.6780065773,940847.7061391667,right,-0.18687161803245544,0.009532826021313667,0.13619139790534973,-0.9170656800270081,-0.3534451127052307,-0.18457290530204773,0.45297837257385254,-1.4435127973556519,0.8975890278816223,-0.20134828474627997,-0.6351300974210284,-0.06575186568952292,-0.7427956399090601,-1.372185054436815,0.3612513693085515,2.9090266313179862
1911,940847.6980065773,940847.7223063334,right,-0.17600217461585999,0.008158949203789234,0.11055395007133484,-0.9283254742622375,-0.3382064402103424,-0.15436415374279022,0.5037103891372681,-1.4473700523376465,0.9239449501037598,-0.19235907384662462,-0.6474108600937656,-0.06063907054360167,-0.7349694748564416,-1.4060215826217262,0.3450103725249332,2.9228234362179095
1912,940847.7180065773,940847.7437751667,right,-0.1671166867017746,0.017005043104290962,0.10399816930294037,-0.9381304979324341,-0.3230060338973999,-0.12481257319450378,0.5245946645736694,-1.3444682359695435,0.856992781162262,-0.183327190300213,-0.6591408052816785,-0.05592059709279172,-0.727184571660344,-1.4385291529906046,0.32890408770708723,2.936321761852071
1913,940847.7380065774,940847.763084125,right,-0.21180593967437744,0.00010741622827481478,0.12445275485515594,-0.946207582950592,-0.308726966381073,-0.09684494882822037,0.5319617390632629,-1.2679460048675537,0.7904638051986694,-0.17463614344336037,-0.669987062563721,-0.05191203770914325,-0.7196698966252175,-1.4688008549214409,0.3138543362003419,2.949272446090451
1914,940847.7580065774,940847.7839389167,right,-0.21953782439231873,-0.013884376734495163,0.11988898366689682,-0.9528132081031799,-0.2953113317489624,-0.07027097791433334,0.5135809183120728,-1.203108310699463,0.7218642234802246,-0.16632715687545144,-0.6800836048889901,-0.048485060643561534,-0.7123697637450832,-1.4971785555936339,0.2997813625535332,2.961613857535135
1915,940847.7780065774,940847.8074099168,right,-0.21011662483215332,-0.02336532063782215,0.07074826955795288,-0.9585338234901428,-0.2815242409706116,-0.04423905909061432,0.5188704133033752,-1.2182061672210693,0.7871503233909607,-0.15793264859400274,-0.6898146275910131,-0.045124831621376406,-0.7051076889711201,-1.5246762149055926,0.285382221253073,2.9735761173776116
1916,940847.7980065774,940847.8604321667,right,-0.2218904346227646,-0.03138549253344536,0.0790359154343605,-0.9638643264770508,-0.26578328013420105,-0.018017293885350227,0.5108940005302429,-1.199204921722412,0.8096852898597717,-0.14899550402436318,-0.6995019570634338,-0.04108972727800624,-0.6977169539352881,-1.5521057360534136,0.2690163473725749,2.9849113160901104
1917,940847.8180065774,940847.8604675,right,-0.23456770181655884,-0.039758868515491486,0.08736991137266159,-0.9682915210723877,-0.24968916177749634,0.008158152922987938,0.5029176473617554,-1.1802035570144653,0.8322202563285828,-0.14002189411998958,-0.7090181783147582,-0.03704457144961488,-0.6901555423350154,-1.5792214358348844,0.2523592437547454,2.9957289932797946
1918,940847.8380065775,940847.8622858333,right,-0.21195010840892792,-0.04067980870604515,0.05368576571345329,-0.9717670679092407,-0.23362350463867188,0.03299625962972641,0.44130614399909973,-1.1125221252441406,0.7870893478393555,-0.13136944392019573,-0.7179223159146537,-0.0329496487582838,-0.6828205681773603,-1.6047381943681132,0.2358026577664086,3.005318898267498
1919,940847.8580065775,940847.8990970834,right,-0.18562518060207367,-0.0227553341537714,0.02715863287448883,-0.9742021560668945,-0.21871685981750488,0.05561523139476776,0.33358168601989746,-1.0175716876983643,0.6993083953857422,-0.1237998386148192,-0.7259313463795641,-0.02883224630227005,-0.6759186179212543,-1.6278224127250616,0.22049930998592487,3.0126247926026504
1920,940847.8780065775,940847.9023591251,right,-0.21877500414848328,-0.023040294647216797,0.0513463132083416,-0.9757959246635437,-0.2048584669828415,0.0765199065208435,0.30500900745391846,-1.0134676694869995,0.714445948600769,-0.11718826888590314,-0.7332476893679749,-0.02465320127371031,-0.6693332209434206,-1.6490541177459999,0.206319106359317,3.017939788342844
1921,940847.8980065775,940847.9236090417,right,-0.2570660710334778,-0.052289701998233795,0.06913648545742035,-0.9769920706748962,-0.18876509368419647,0.09926935285329819,0.3712563216686249,-1.186539649963379,0.8982508778572083,-0.10975334724054345,-0.7411117040098102,-0.01970080686290643,-0.6620571194271833,-1.6720559383745575,0.18990448631554868,3.0230644871759837
1922,940847.9180065775,940847.9541828334,right,-0.20420272648334503,-0.05235305055975914,0.03276769444346428,-0.9776391386985779,-0.1691550612449646,0.12493404000997543,0.38963159918785095,-1.246282935142517,0.9651191830635071,-0.10077803899933983,-0.7498513947358683,-0.01378066864354791,-0.6537407115777512,-1.6978989880133446,0.16997232653320982,3.028629689414685
1923,940847.9380065775,940847.9768140834,right,-0.14813776314258575,-0.024781545624136925,0.020835712552070618,-0.977296769618988,-0.15107381343841553,0.14855283498764038,0.31781113147735596,-1.0222617387771606,0.7477429509162903,-0.09255735950050692,-0.757764154923732,-0.008361134076935731,-0.6458767822872042,-1.7216454245316137,0.15165447411644645,3.033250007334167
1924,940847.9580065776,940848.006613375,right,-0.19731855392456055,-0.04006899893283844,0.04658547788858414,-0.9762541651725769,-0.13725495338439941,0.1675967276096344,0.29924866557121277,-0.8759015202522278,0.6023129224777222,-0.0860759970464897,-0.7640538916742257,-0.004474381035790686,-0.6393688341466206,-1.7408122888097946,0.13768961152288603,3.037185434060797
1925,940847.9780065776,940848.0071910834,right,-0.24037179350852966,-0.06917116045951843,0.07023622840642929,-0.9747423529624939,-0.1235746294260025,0.18602903187274933,0.39373356103897095,-0.9348020553588867,0.6830341219902039,-0.07936827156308354,-0.7700736365333728,-0.0010551437766961288,-0.6329978129193732,-1.7593779924621717,0.12389132719943277,3.041808807871259
1926,940847.9980065776,940848.0362943751,right,-0.180431067943573,-0.06068883463740349,0.03944913297891617,-0.9727211594581604,-0.10812495648860931,0.20523762702941895,0.4476749300956726,-0.9002987146377563,0.6919795274734497,-0.0715679983854465,-0.7762815986692757,0.002386117760828964,-0.6263059938925755,-1.7787396538536957,0.10833675846443097,3.047552053063916
1927,940848.0180065776,940848.0486350417,right,-0.11096331477165222,-0.024341648444533348,0.018725570291280746,-0.9705634713172913,-0.0947713702917099,0.2214154750108719,0.3893889784812927,-0.6583737730979919,0.4852336347103119,-0.06457465184113641,-0.7814621916773157,0.004958182594412398,-0.6205822501008186,-1.7950887618368159,0.09491382081383472,3.0531830811691174
1928,940848.0380065776,940848.0625120834,right,-0.15105177462100983,-0.03146487846970558,0.0424673818051815,-0.968681275844574,-0.08480723202228546,0.23337522149085999,0.3908384442329407,-0.5583402514457703,0.4069981575012207,-0.05890988695919309,-0.7852696751192441,0.006257416066870942,-0.616313154703352,-1.8072115417245787,0.08490922975164839,3.058758467327094
1929,940848.0580065777,940848.0842198334,right,-0.21449322998523712,-0.06443511694669724,0.06389374285936356,-0.9663784503936768,-0.07311683148145676,0.2465088665485382,0.5099754929542542,-0.7517329454421997,0.6052228212356567,-0.052313040561642356,-0.7894266237941553,0.007748816579450767,-0.6115627166764314,-1.820555325328142,0.07318214455808283,3.065093857214446
1930,940848.0780065777,940848.1064722918,right,-0.17585772275924683,-0.06927729398012161,0.03533970192074776,-0.9630154371261597,-0.05718296766281128,0.2633081376552582,0.5646557807922363,-0.859575092792511,0.713672399520874,-0.043769737639094086,-0.7947008393600699,0.010229647942652199,-0.6053347029375734,-1.8376934606994966,0.057214182323288794,3.0721737070828614
1931,940848.0980065777,940848.1380796251,right,-0.08591938018798828,-0.04658925533294678,-0.011976315639913082,-0.9594300985336304,-0.04234857112169266,0.2787477970123291,0.4692132771015167,-0.6461500525474548,0.5009332299232483,-0.03577361577681729,-0.799512599849539,0.012389869529522313,-0.599454995903824,-1.8535469700138176,0.0423612429632281,3.0787940204425843
1932,940848.1180065777,940848.15154025,right,-0.10245331376791,-0.05939646065235138,-0.01851438730955124,-0.9566587209701538,-0.03215479105710983,0.2894308269023895,0.4013093113899231,-0.474031925201416,0.342174232006073,-0.02983112007718907,-0.8028328341169392,0.013223358389685868,-0.595310626770287,-1.8645849141363218,0.03216033736235076,3.0847828886038147
1933,940848.1380065777,940848.1640354167,right,-0.15126454830169678,-0.07808823883533478,0.002250513294711709,-0.9539222121238708,-0.022720344364643097,0.29919251799583435,0.4347028434276581,-0.5456444025039673,0.40812429785728455,-0.024247125563414365,-0.8058566908292402,0.013829576368251393,-0.591452302686153,-1.8747235893943306,0.022722302376057216,3.0905860297010763
1934,940848.1580065778,940848.209789625,right,-0.1388423591852188,-0.07736384868621826,0.011297300457954407,-0.9504462480545044,-0.011649439111351967,0.3106701374053955,0.45674556493759155,-0.6165122389793396,0.4415246844291687,-0.017958279329168415,-0.8093915788862118,0.014843994946879664,-0.5868069047540144,-1.8867165253161686,0.011649706168831936,3.096468979907258
1935,940848.1780065778,940848.2098920001,right,-0.09687917679548264,-0.0762355625629425,-0.011534431017935276,-0.9467406272888184,-0.0011237466242164373,0.3219948410987854,0.4484577775001526,-0.5645822882652283,0.357446551322937,-0.011819152120130346,-0.8128689716648198,0.015538992818837813,-0.5821192613587458,-1.8986323677926715,0.001123750252274104,3.1025600722463973
1936,940848.1980065778,940848.2428485,right,-0.09426786750555038,-0.08644773066043854,-0.02760041132569313,-0.94317626953125,0.008169308304786682,0.33219242095947266,0.46439847350120544,-0.5260661840438843,0.3152122497558594,-0.006086905714814353,-0.8159968223008929,0.0156652118224358,-0.5778120621797408,-1.9094351123804967,-0.00816939612263721,3.1089860897598895
1937,940848.2180065778,940848.2436818334,right,-0.08756967633962631,-0.08696592599153519,-0.03248549997806549,-0.9396889209747314,0.017015820369124413,0.34160682559013367,0.46755433082580566,-0.47000157833099365,0.27202147245407104,-0.0004518512593980943,-0.8188797184661475,0.015473326621004075,-0.573756395854352,-1.9194749982831516,-0.017016637791677884,3.1157259340190926
1938,940848.2380065778,940848.2762359168,right,-0.05461679399013519,-0.06870998442173004,-0.04068656265735626,-0.9369064569473267,0.023774297907948494,0.34877070784568787,0.40007421374320984,-0.2961195409297943,0.11441264301538467,0.004297944066625054,-0.8210790517213261,0.014647816153939307,-0.5706103579412466,-1.9271606914829285,-0.023776535090628246,3.122436941704721
1939,940848.2580065778,940848.3019794167,right,-0.07792142778635025,-0.06514758616685867,-0.02868342585861683,-0.935278594493866,0.027451593428850174,0.3528457283973694,0.3475373387336731,-0.19353070855140686,0.026291051879525185,0.0076941734657466265,-0.8223464462975089,0.013007554714969281,-0.5687862966852083,-1.9315492689821216,-0.02745503920684197,3.128946797075019
1940,940848.2780065779,940848.3037868334,right,-0.12049133330583572,-0.06714662909507751,-0.009990875609219074,-0.9336035847663879,0.0312403105199337,0.35694244503974915,0.3729420006275177,-0.29418331384658813,0.12536145746707916,0.011047097487929284,-0.8236133173557404,0.01150344441894519,-0.5669273187665613,-1.935975686202802,-0.031245390784992617,3.1351664935276764
1941,940848.2980065779,940848.34781475,right,-0.11650988459587097,-0.06282742321491241,-0.007803209591656923,-0.9308013319969177,0.03759922832250595,0.36358678340911865,0.3963611423969269,-0.433311402797699,0.23076263070106506,0.015384778536986247,-0.8256370096777995,0.010813079972971025,-0.563888298964064,-1.9431877809091043,-0.03760808829113743,3.1410875316665714
1942,940848.3180065779,940848.3488266667,right,-0.10511591285467148,-0.0660897046327591,-0.011844061315059662,-0.9271736145019531,0.04501142352819443,0.3719184398651123,0.3902669847011566,-0.48560747504234314,0.23502252995967865,0.020094526854798934,-0.8281603587842129,0.010471203018883437,-0.5600331206074708,-1.952277663114892,-0.045026635087473066,-3.1364238623795684
1943,940848.3380065779,940848.3640790001,right,-0.10411626845598221,-0.07958586513996124,-0.011101911775767803,-0.9232816696166992,0.05199600011110306,0.38058844208717346,0.3740238845348358,-0.47562098503112793,0.21033115684986115,0.024542128773704326,-0.8307782151258856,0.01008853874695403,-0.5559708114371216,-1.9617863629870562,-0.052019455829430135,-3.1310514631274127
1944,940848.3580065779,940848.4040097084,right,-0.07708744704723358,-0.0810294821858406,-0.025008605793118477,-0.9197116494178772,0.057999078184366226,0.38828718662261963,0.3343052566051483,-0.371102899312973,0.14484982192516327,0.02849818611196042,-0.8330984183664378,0.00951958131327677,-0.5523082487376372,-1.9702790491667879,-0.058031640551052054,-3.1259476144524654
1945,940848.378006578,940848.4048457084,right,-0.0370589978992939,-0.06727567315101624,-0.03559284284710884,-0.9174689650535583,0.0616731271147728,0.39299798011779785,0.23823054134845734,-0.1621166169643402,0.0031001053284853697,0.031350605329658915,-0.8345218899092433,0.00849755488050785,-0.5500165960366574,-1.9755011695104594,-0.0617122886951203,-3.1212486151904075
1946,940848.398006578,940848.4238699584,right,-0.02268034964799881,-0.046099308878183365,-0.02511785551905632,-0.917076051235199,0.06209203973412514,0.3938480615615845,0.13352568447589874,0.02627830021083355,-0.10602463781833649,0.032602902975538035,-0.8347906819790688,0.00696819072553253,-0.5495571955298003,-1.9764390961169487,-0.06213200579867635,-3.117343136763357
1947,940848.418006578,940848.4690762918,right,-0.03747779503464699,-0.03341268002986908,-0.01104838028550148,-0.9175456762313843,0.06150001659989357,0.39284586906433105,0.12082154303789139,0.021677063778042793,-0.029500648379325867,0.03315676432722028,-0.8345007901636603,0.005601407900504774,-0.5499798097999232,-1.9753308158752183,-0.061538848786917136,-3.1144155330831143
1948,940848.438006578,940848.4699741667,right,-0.06385040283203125,-0.03973935544490814,-0.0079562459141016,-0.9167475700378418,0.0645981878042221,0.39420974254608154,0.21892833709716797,-0.21776770055294037,0.25527799129486084,0.035058328676910486,-0.8349098628109496,0.00551405696654248,-0.5492414629497033,-1.9769020250547897,-0.06464319801562471,-3.112223613854192
1949,940848.458006578,940848.5070768751,right,-0.0638665035367012,-0.05428515002131462,-0.01739094778895378,-0.9132878184318542,0.07426711171865463,0.40048736333847046,0.32880422472953796,-0.4904574751853943,0.5466228127479553,0.03961770991265359,-0.8367738604944175,0.0072930705931103824,-0.5460649312634891,-1.9840555774973927,-0.07433554964759627,-3.1104392219419634
1950,940848.478006578,940848.5073545,right,-0.03490402549505234,-0.0675760880112648,-0.03362308070063591,-0.907889187335968,0.08805689960718155,0.40985745191574097,0.354058176279068,-0.554040789604187,0.6167084574699402,0.045850711664646146,-0.8395380611691916,0.010226084235524955,-0.5412660848863863,-1.9948470685062116,-0.08817109835386801,-3.1089957822714025
1951,940848.4980065781,940848.5415096667,right,-0.007618377450853586,-0.07315104454755783,-0.040547505021095276,-0.9028879404067993,0.10054607689380646,0.4179518222808838,0.2742185592651367,-0.3772430121898651,0.43135520815849304,0.051532469671894496,-0.841909389598248,0.012825648209232089,-0.536999486297062,-2.0043305252656114,-0.10071626051345552,-3.10766448865193
1952,940848.5180065781,940848.5450558751,right,-0.023289360105991364,-0.07474061101675034,-0.022712821140885353,-0.9000827670097351,0.10823877900838852,0.42206060886383057,0.20465129613876343,-0.15395933389663696,0.214346781373024,0.055269257526759916,-0.8431088050329628,0.014066291442069355,-0.5347101536760173,-2.0092666099329257,-0.10845124272410611,-3.1059887594920927
1953,940848.5380065781,940848.5950241667,right,-0.04807049036026001,-0.07610251754522324,-0.004184498451650143,-0.8988965749740601,0.11275049299001694,0.4234050214290619,0.18473990261554718,-0.06186341866850853,0.13081437349319458,0.057731904450316444,-0.8435020017321002,0.014383615265269078,-0.5338205564957555,-2.010998472245182,-0.11299076338606064,-3.1039721959667093
1954,940848.5580065781,940848.5959878333,right,-0.051198527216911316,-0.06823614984750748,-0.0034172360319644213,-0.8981219530105591,0.11652737110853195,0.42402589321136475,0.1730734258890152,-0.057240039110183716,0.12638331949710846,0.059906610393762764,-0.8436843748699389,0.014478831894505776,-0.5332899169301987,-2.0118963816379805,-0.11679271058517084,-3.1018474342951596
1955,940848.5780065781,940848.5960742917,right,-0.054336920380592346,-0.06037003919482231,-0.002635790267959237,-0.897337019443512,0.12030452489852905,0.42463284730911255,0.1614069640636444,-0.0526166670024395,0.12195225805044174,0.06208104301402291,-0.8438625619177896,0.014574001754333958,-0.532756546605061,-2.0127867902505643,-0.12059663033747672,-3.099725176316223
1956,940848.5980065782,940848.604932375,right,-0.0398971363902092,-0.056245721876621246,-0.007142561953514814,-0.8964696526527405,0.12431970983743668,0.4253077507019043,0.15067929029464722,-0.0678035244345665,0.1632753312587738,0.06423496717073825,-0.8440563875764582,0.014923253823229066,-0.5321841473577869,-2.013775551757615,-0.12464218974938147,-3.098063799629339
1957,940848.6180065782,940848.6508600417,right,-0.037194106727838516,-0.06759101152420044,-0.02017025649547577,-0.8952116370201111,0.12909868359565735,0.4265322685241699,0.14562402665615082,-0.11436942219734192,0.23729126155376434,0.06653055260076465,-0.8444039027054296,0.015754322984240562,-0.5313262758681969,-2.0154349856916305,-0.12946000779331415,-3.097113063675166
1958,940848.6380065782,940848.6511093751,right,-0.03321964666247368,-0.07067450881004333,-0.03318111598491669,-0.8931190967559814,0.13547314703464508,0.42893505096435547,0.16370368003845215,-0.19943508505821228,0.3236815929412842,0.06935759126732376,-0.8450864037965349,0.01721944192027774,-0.5298320696366209,-2.018532753482199,-0.1358909892096346,-3.0967726764992243
1959,940848.6580065782,940848.6665275,right,-0.027664203196763992,-0.07890471816062927,-0.03515773266553879,-0.8902129530906677,0.14319397509098053,0.4324536919593811,0.1569691002368927,-0.2286490797996521,0.3492684066295624,0.07265089409583379,-0.8460842261142648,0.01919217554835446,-0.5277262128076595,-2.023008854529131,-0.14368790429028633,-3.0969143466682745
1960,940848.6780065782,940848.7076085417,right,-0.008557532913982868,-0.08267387747764587,-0.04478912800550461,-0.8877507448196411,0.14940935373306274,0.4354027211666107,0.09582199156284332,-0.13503123819828033,0.21162019670009613,0.07527620093132731,-0.8469166292561036,0.020822966862641908,-0.5259583519265465,-2.0267796611350106,-0.1499709002089046,-3.097165879635472
1961,940848.6980065783,940848.7085643334,right,-0.02669709175825119,-0.09460373967885971,-0.051114246249198914,-0.8863012194633484,0.15291692316532135,0.4371345341205597,0.06605727970600128,-0.10567106306552887,0.11901254206895828,0.07677616348482266,-0.8474053271518949,0.021713760050962493,-0.5249173104837817,-2.0289989306230454,-0.15351923423499486,-3.0972552906219155
1962,940848.7180065783,940848.725347,right,-0.04821052774786949,-0.10402556508779526,-0.06187255680561066,-0.8849726319313049,0.15515826642513275,0.43903234601020813,0.04959924891591072,-0.1372215747833252,0.09236268699169159,0.0777802062326728,-0.8479526695818289,0.022191230299459436,-0.5238645833618103,-2.0313167325343033,-0.15578765775056205,-3.097182043262891
1963,940848.7380065783,940848.7704455417,right,-0.09157215058803558,-0.13267995417118073,-0.07182002812623978,-0.8833484053611755,0.1572684496641159,0.4415450990200043,0.05114701762795448,-0.1784176081418991,0.11922752112150192,0.07870953373400068,-0.8486810709375892,0.02264951795051133,-0.5225248665543525,-2.034327002347057,-0.15792407545966514,-3.0972150868970587
1964,940848.7580065783,940848.7708227917,right,-0.1481117308139801,-0.17942240834236145,-0.08367113023996353,-0.8809856176376343,0.1604345291852951,0.4451124668121338,0.0601687878370285,-0.24294856190681458,0.19086402654647827,0.08002237414159608,-0.8497088617666946,0.02347519828109923,-0.5206152109204538,-2.038630116087497,-0.1611308713004691,-3.0975809629786712
1965,940848.7780065783,940848.8015460417,right,-0.17480134963989258,-0.227126806974411,-0.10222063958644867,-0.8782138228416443,0.16455493867397308,0.4490680396556854,0.03386375308036804,-0.20325569808483124,0.18972094357013702,0.08163554652600728,-0.8508364667735667,0.024725052134694944,-0.5184608028433209,-2.0434766964258646,-0.16530678407480812,-3.098415110930699
1966,940848.7980065783,940848.8051256251,right,-0.17535695433616638,-0.2573319971561432,-0.1331261396408081,-0.87708979845047,0.16613084077835083,0.45068150758743286,-0.059600669890642166,0.03646167367696762,-0.004529363010078669,0.0820389442318849,-0.85128596933717,0.02555321844589789,-0.5176183987753856,-2.0454524522921895,-0.16690467303204368,-3.0995729999504196
1967,940848.8180065784,940848.8447699167,right,-0.2328704446554184,-0.29090598225593567,-0.14195846021175385,-0.8788574934005737,0.16334126889705658,0.4482511878013611,-0.1413394659757614,0.261160671710968,-0.15417075157165527,0.08049472673204193,-0.8505753665880226,0.025439250029617336,-0.5190327730186449,-2.0424424855478343,-0.16407646821559196,-3.100750120439636
1968,940848.8380065784,940848.8464255,right,-0.31653907895088196,-0.3410046100616455,-0.12405660003423691,-0.8820747137069702,0.15934954583644867,0.4433417022228241,-0.16797193884849548,0.3334866464138031,-0.1264062076807022,0.07833201173991872,-0.8491375563958486,0.025224414838610067,-0.5217214117736366,-2.03653169287219,-0.16003173958102015,-3.102182022681733
1969,940848.8580065784,940848.8961824584,right,-0.3380996882915497,-0.36512333154678345,-0.12543055415153503,-0.8856269121170044,0.1559293270111084,0.43743664026260376,-0.23018380999565125,0.4106323719024658,-0.11684267222881317,0.07611202089786376,-0.8473841288964158,0.025660722302145673,-0.524870076325586,-2.0295751947037433,-0.15656821932821977,-3.1047245727187462
1970,940848.8780065784,940848.8964911667,right,-0.3074188530445099,-0.3667052090167999,-0.15559084713459015,-0.8905948400497437,0.15047751367092133,0.4291820526123047,-0.3609123229980469,0.6262826919555664,-0.2535494863986969,0.07266213869211106,-0.8449300758336544,0.026157287693318838,-0.5292722983805043,-2.0198633815018936,-0.15105126310987504,-3.108495864664742
1971,940848.8980065784,940848.9137513334,right,-0.3158896863460541,-0.3542804419994354,-0.14492332935333252,-0.8979847431182861,0.13990820944309235,0.4171920716762543,-0.5560368895530701,0.8556541204452515,-0.475484699010849,0.0665565614623907,-0.8413783043153477,0.026049776752017955,-0.5356997641703789,-2.0057144092239345,-0.1403687145279121,-3.1138429631176887
1972,940848.9180065785,940848.9330382918,right,-0.3656339645385742,-0.3398897051811218,-0.1004989817738533,-0.9065949320793152,0.12508147954940796,0.40303874015808105,-0.6870560646057129,0.8674331903457642,-0.5492165684700012,0.058079378926449036,-0.8371755837031676,0.02562064066309816,-0.5432379172920493,-1.9891198054704575,-0.12540995859106407,-3.1212274269867617
1973,940848.9380065785,940848.9468782917,right,-0.41521385312080383,-0.3362600803375244,-0.05608775466680527,-0.9139750599861145,0.11084792017936707,0.3903362452983856,-0.7125473022460938,0.6905553340911865,-0.4086948335170746,0.04944451751548403,-0.8333664016638359,0.025856748831776976,-0.5498973992742393,-1.9744235303519386,-0.11107618445418026,-3.130239917857371
1974,940848.9580065785,940848.9666655001,right,-0.39593425393104553,-0.30818623304367065,-0.02940290980041027,-0.9196702241897583,0.0994027853012085,0.3799024224281311,-0.6902538537979126,0.640164852142334,-0.29316896200180054,0.04163788480118559,-0.8301857195659291,0.02725602139293657,-0.555261311097082,-1.9625321555347262,-0.09956721361770988,-3.1406030588075726
1975,940848.9780065785,940849.008953375,right,-0.35526353120803833,-0.2735521197319031,-0.01779923401772976,-0.9256503582000732,0.08811146765947342,0.3679775595664978,-0.7027270793914795,0.8191294074058533,-0.3885273039340973,0.03380936047719994,-0.8265376165338344,0.02871169794825128,-0.5611310513526354,-1.9491751123681413,-0.08822587793852352,3.1320357038000477
1976,940848.9980065785,940849.0101910001,right,-0.3338536024093628,-0.260978639125824,-0.01784592680633068,-0.9333208203315735,0.0734604001045227,0.35144782066345215,-0.7667977809906006,1.0908904075622559,-0.6444769501686096,0.024678249944634342,-0.8215151752138552,0.028926240054103283,-0.5689174116205948,-1.9309306930828505,-0.07352662850346013,3.122091812129467
1977,940849.0180065786,940849.0263314584,right,-0.32249751687049866,-0.2291375994682312,0.021336602047085762,-0.9428059458732605,0.052332501858472824,0.3292079269886017,-0.881752073764801,1.3704941272735596,-1.0270730257034302,0.012880551116808721,-0.8147830172394359,0.027066756199109147,-0.5789905007539156,-1.906739459450171,-0.05235641462770482,3.112356793296199
1978,940849.0380065786,940849.0670986667,right,-0.3549689054489136,-0.1780228167772293,0.06629275530576706,-0.9528976082801819,0.024654433131217957,0.30228790640830994,-0.9277052879333496,1.489748477935791,-1.2514628171920776,-0.0016055846835176287,-0.8066052440317556,0.02306368033235824,-0.5906380844494065,-1.8779847420089215,-0.024656928238083013,3.1024675632378234
1979,940849.0580065786,940849.0714975417,right,-0.3727087080478668,-0.13843217492103577,0.10052036494016647,-0.9615998864173889,-0.004488298669457436,0.27441850304603577,-0.8569440841674805,1.4263112545013428,-1.2342896461486816,-0.016592832293847167,-0.7980448721184338,0.018265752620356464,-0.6020925562033157,-1.8487841396386666,0.004488317149218883,3.092437746651061
1980,940849.0780065786,940849.1394322917,right,-0.3543354272842407,-0.10657408088445663,0.11130864918231964,-0.9685690999031067,-0.033394232392311096,0.24649296700954437,-0.8451530337333679,1.450566053390503,-1.267409086227417,-0.031169162900300532,-0.7893542557508165,0.012897643077434419,-0.6130106492910999,-1.8199981504857417,0.033400447506527084,3.082950691435493
1981,940849.0980065786,940849.1394704584,right,-0.3375020921230316,-0.07503002136945724,0.12275420129299164,-0.9739983677864075,-0.06198621541261673,0.21791008114814758,-0.8333619236946106,1.474820852279663,-1.3005284070968628,-0.0457319046421406,-0.7803194445527455,0.007523930343885318,-0.6236613944372045,-1.7908991234222043,0.06202598272086065,3.07262086808025
1982,940849.1180065786,940849.139561,right,-0.32221800088882446,-0.04384968429803848,0.13480718433856964,-0.9778784513473511,-0.090214304625988,0.18871992826461792,-0.8215709328651428,1.4990757703781128,-1.3336479663848877,-0.06027465037103412,-0.7709444607147392,0.002146949137056257,-0.6340402785755251,-1.7614416885235145,0.09033713156975604,3.0614368966163017
1983,940849.1380065787,940849.1770320417,right,-0.32121187448501587,-0.01610768958926201,0.16653698682785034,-0.980340301990509,-0.12010223418474197,0.1565503031015396,-0.840167224407196,1.5983389616012573,-1.4174487590789795,-0.07545114456248371,-0.7604327389425808,-0.004148183860733783,-0.6450053146121165,-1.729149079504667,0.12039286953188534,3.049776053518575
1984,940849.1580065787,940849.1776612084,right,-0.30065909028053284,0.012362047098577023,0.15658481419086456,-0.9810084700584412,-0.1504456251859665,0.12242722511291504,-0.8631806969642639,1.6395914554595947,-1.4307225942611694,-0.0909829072371842,-0.749064406564147,-0.010776429466754637,-0.6561314735605938,-1.6949517530517497,0.15101901161560666,3.0369641662189273
1985,940849.1780065787,940849.2015190417,right,-0.27432653307914734,0.03235163539648056,0.1447191685438156,-0.9798060059547424,-0.17995616793632507,0.0871550589799881,-0.8607895374298096,1.6526494026184082,-1.387376308441162,-0.10647780098407074,-0.7370757156115243,-0.017231417939612848,-0.6671468870167255,-1.6595141769143453,0.1809419001433752,3.0227055407690337
1986,940849.1980065787,940849.2139918751,right,-0.28631970286369324,0.05239788815379143,0.17213737964630127,-0.9768690466880798,-0.20745496451854706,0.051855165511369705,-0.8183472156524658,1.6032949686050415,-1.28989577293396,-0.12139979258209918,-0.7248370455340449,-0.023212986367208317,-0.6777421235944555,-1.6238295808731533,0.20897261050573443,3.0073745504331835
1987,940849.2180065787,940849.2492591668,right,-0.2846119701862335,0.06574849039316177,0.18635861575603485,-0.9724388122558594,-0.23246951401233673,0.01789945922791958,-0.815396785736084,1.5272808074951172,-1.2390403747558594,-0.13542986870780274,-0.712831725073402,-0.02864721363424131,-0.687538292423842,-1.5892010227639586,0.23461600382169423,2.991549902070812
1988,940849.2380065788,940849.2498128751,right,-0.24694213271141052,0.0841742679476738,0.17170822620391846,-0.9662428498268127,-0.25713974237442017,-0.01592695526778698,-0.893016517162323,1.5541801452636719,-1.3269506692886353,-0.14970174766873656,-0.7006291698704268,-0.03398955139803586,-0.6968161581550921,-1.5543144340552524,0.26006126742982616,2.9742088905669757
1989,940849.2580065788,940849.2744101668,right,-0.21417534351348877,0.1165696531534195,0.18056751787662506,-0.9575814008712769,-0.28341659903526306,-0.05208408087491989,-0.954508900642395,1.659195065498352,-1.4505369663238525,-0.16537352609749043,-0.6872994620761045,-0.03971661135062549,-0.706182400509387,-1.5164585874723344,0.28735493972733567,2.953866392693566
1990,940849.2780065788,940849.2952190001,right,-0.24922634661197662,0.12527956068515778,0.20712576806545258,-0.9470919966697693,-0.3085939884185791,-0.08823975920677185,-0.8515546321868896,1.5149881839752197,-1.278549075126648,-0.18082909742034267,-0.6736596844779997,-0.04541750848939668,-0.7151367817661529,-1.4778953659316065,0.3137145423756107,2.9324982379494577
1991,940849.2980065788,940849.3127732084,right,-0.27267101407051086,0.11696755886077881,0.25082945823669434,-0.9368666410446167,-0.3287031352519989,-0.11931048333644867,-0.7114150524139404,1.2817704677581787,-1.0486377477645874,-0.19357974228438746,-0.6616845850475113,-0.05018233958194945,-0.7226216680116486,-1.444127618127272,0.33493009996912426,2.913712122620696
1992,940849.3180065788,940849.3517122084,right,-0.1856480836868286,0.1446741223335266,0.2391526997089386,-0.9260594844818115,-0.3469296991825104,-0.14850397408008575,-0.7045326828956604,1.3987354040145874,-1.1637394428253174,-0.20530935409857595,-0.6501882798288339,-0.05480158295359421,-0.7294518446613093,-1.411788944745796,0.35429549575534264,2.8957435702507452
1993,940849.3380065789,940849.3524127917,right,-0.14387209713459015,0.16621267795562744,0.23449459671974182,-0.9117265343666077,-0.3683948814868927,-0.1817682683467865,-0.7471332550048828,1.6232776641845703,-1.407223105430603,-0.2186872560715365,-0.6367055363111295,-0.061007555273460905,-0.7369259985213961,-1.3740094061169892,0.37728188011560576,2.8753263329301015
1994,940849.3580065789,940849.3719324584,right,-0.1794103980064392,0.17638754844665527,0.27746471762657166,-0.8944652080535889,-0.39114898443222046,-0.21664315462112427,-0.6562187075614929,1.5803951025009155,-1.374552607536316,-0.23263746945040292,-0.6221035013489978,-0.0683056205554006,-0.7444469694408443,-1.3331683291155607,0.4018797231845293,2.853614294574724
1995,940849.3780065789,940849.4077757917,right,-0.1703203171491623,0.19350352883338928,0.29442405700683594,-0.8772079348564148,-0.41116732358932495,-0.24788595736026764,-0.5238537192344666,1.4414571523666382,-1.2201343774795532,-0.24471525886658757,-0.608577344492176,-0.07543631529579349,-0.7510374866331117,-1.2953920145196647,0.4237342736911351,2.834259552029396
1996,940849.3980065789,940849.4102741667,right,-0.10807504504919052,0.201276034116745,0.26895561814308167,-0.859315812587738,-0.4296939969062805,-0.2773793637752533,-0.4506671726703644,1.5182796716690063,-1.2299846410751343,-0.2554887393058919,-0.5953531964956228,-0.0828545926751251,-0.7572418027996213,-1.2585637288840938,0.4441538668374353,2.8166506985288704
1997,940849.4180065789,940849.441320625,right,-0.06500571966171265,0.19491373002529144,0.23373468220233917,-0.8385376930236816,-0.4490000605583191,-0.30863168835639954,-0.3969496190547943,1.69110906124115,-1.3150627613067627,-0.26638237789217867,-0.5808066758864153,-0.09136607306951795,-0.7637776851580717,-1.2181244103123985,0.46564593939637067,2.798266268103382
1998,940849.438006579,940849.4718280417,right,-0.052328530699014664,0.19155128300189972,0.2198915332555771,-0.8151441812515259,-0.46828025579452515,-0.3409598171710968,-0.4302409887313843,1.7472379207611084,-1.3504160642623901,-0.2773725488090212,-0.5651847770692738,-0.10043035710368889,-0.7704183246521736,-1.1746299432697356,0.48734343907418,2.778446788271909
1999,940849.458006579,940849.4725646251,right,-0.03716828674077988,0.21092592179775238,0.22978217899799347,-0.7895707488059998,-0.48700812458992004,-0.3733645975589752,-0.47263407707214355,1.732520580291748,-1.3759323358535767,-0.28855292464620713,-0.5489196471861354,-0.109566955691876,-0.7768008495130989,-1.1290870250627378,0.5086609347351565,2.756596378645007
2000,940849.478006579,940849.5015889584,right,-0.026153909042477608,0.22084969282150269,0.2298646867275238,-0.7634370923042297,-0.5040618777275085,-0.40383830666542053,-0.4626612365245819,1.558089256286621,-1.2753978967666626,-0.29957334340988523,-0.533059248207669,-0.1180198281301637,-0.7824161251099214,-1.084239155933955,0.5282954568913037,2.7332421853859477
2001,940849.498006579,940849.5153081667,right,-0.018575051799416542,0.2317415177822113,0.24787476658821106,-0.7396856546401978,-0.5180656313896179,-0.42950350046157837,-0.3985362648963928,1.2452738285064697,-1.0583499670028687,-0.3093890577617309,-0.5192412130606394,-0.12504723238689616,-0.7867847586469213,-1.044721204023762,0.5445878577809701,2.711053512526575
2002,940849.518006579,940849.5315129167,right,0.003987418487668037,0.24288035929203033,0.24762862920761108,-0.720314621925354,-0.5286858081817627,-0.4490414559841156,-0.3406987488269806,0.9141388535499573,-0.8521841168403625,-0.31736834407282616,-0.5084043493677222,-0.13040049288492353,-0.7898089267042696,-1.0133510699376878,0.5570515927613587,2.692218105735558
2003,940849.538006579,940849.5475317084,right,0.05291609466075897,0.25280481576919556,0.21655267477035522,-0.7045894265174866,-0.5370944142341614,-0.4637707769870758,-0.2615858316421509,0.7226313948631287,-0.7364484667778015,-0.3239858399085709,-0.5000046077035311,-0.13457341695913827,-0.7917818998049628,-0.9886682758948899,0.5669887326815768,2.6762968322906833
2004,940849.558006579,940849.5959930834,right,0.06484603136777878,0.23023027181625366,0.19644083082675934,-0.6905674338340759,-0.5449178218841553,-0.47558507323265076,-0.17349670827388763,0.6320682168006897,-0.6883993148803711,-0.32992380672361893,-0.4929855966395474,-0.13846536653336888,-0.7930591791355107,-0.967703152419352,0.5762911130653924,2.662159515819268
2005,940849.5780065791,940849.5964619584,right,0.07353141903877258,0.21005092561244965,0.2120479792356491,-0.6759364604949951,-0.5534067749977112,-0.48667317628860474,-0.22382022440433502,0.7339468598365784,-0.8772671222686768,-0.33606477674367796,-0.48609037342017425,-0.14275696778360142,-0.793975430143032,-0.9467742965802086,0.5864488852510782,2.6476706053902705
2006,940849.5980065791,940849.6215192918,right,0.10089341551065445,0.21472875773906708,0.18831443786621094,-0.6554916501045227,-0.5648568272590637,-0.5012657642364502,-0.2992868721485138,1.0125923156738281,-1.1964467763900757,-0.3442853930222402,-0.4766770696691703,-0.14881561873265314,-0.7950474161559438,-0.9179425342974412,0.6002597688989475,2.6277922630608384
2007,940849.6180065791,940849.6415017501,right,0.07270798087120056,0.2041080743074417,0.16235151886940002,-0.6309285163879395,-0.5774705410003662,-0.5181283354759216,-0.2654963433742523,1.0486884117126465,-1.175999402999878,-0.35360891918388476,-0.46542827977692997,-0.15592416024912592,-0.7962568303382221,-0.8832522687341662,0.6156270139290251,2.6041078561737963
2008,940849.6380065791,940849.6511912501,right,0.04844735935330391,0.2057029902935028,0.19246827065944672,-0.6077696681022644,-0.5885211229324341,-0.5331594347953796,-0.17175337672233582,0.9494554996490479,-0.981340229511261,-0.36175336572477607,-0.45493278868069864,-0.16265437667100177,-0.7973169281189442,-0.8506994901722149,0.6292284028105332,2.582444892253495
2009,940849.6580065791,940849.6717412918,right,0.053737983107566833,0.21014481782913208,0.1846577376127243,-0.5877928733825684,-0.5974553823471069,-0.545478343963623,-0.12058820575475693,0.8270610570907593,-0.7782533764839172,-0.36796662052475926,-0.4458811060846799,-0.16867381663226066,-0.7983356359801962,-0.822719211387083,0.640324094568244,2.5651022916585777
2010,940849.6780065792,940849.7081297501,right,0.07238886505365372,0.20383714139461517,0.17101362347602844,-0.5705090165138245,-0.6044044494628906,-0.5560709238052368,-0.13924364745616913,0.7664588689804077,-0.6740091443061829,-0.3727780621326878,-0.4378880301164812,-0.1738350380033159,-0.7994198558407071,-0.798213320982292,0.6490181316260681,2.5507899119724
2011,940849.6980065792,940849.7084574167,right,0.09741079062223434,0.19799529016017914,0.15513400733470917,-0.5540733933448792,-0.6098305583000183,-0.5666651725769043,-0.21856282651424408,0.7292047739028931,-0.6449295878410339,-0.3774841459926364,-0.43005376220925506,-0.17810436991974435,-0.8005238358487688,-0.7741633960858579,0.6558467536503434,2.5359496777503083
2012,940849.7180065792,940849.7414645418,right,0.15130814909934998,0.21747323870658875,0.13572442531585693,-0.538516640663147,-0.6135083436965942,-0.5775876045227051,-0.3269205689430237,0.658231794834137,-0.6000370383262634,-0.3823878303050127,-0.42233889291411186,-0.18120718213880674,-0.8016068096123421,-0.7504058566911584,0.6604956396679393,2.5198007773920903
2013,940849.7380065792,940849.7714603334,right,0.18567705154418945,0.2523547112941742,0.16703283786773682,-0.5241749286651611,-0.6151408553123474,-0.5889332294464111,-0.43511962890625,0.5664689540863037,-0.5455867648124695,-0.38751263601863223,-0.4148200380275048,-0.1829145110835285,-0.8026833623686759,-0.7272857470100936,0.662564644191316,2.5023712044822006
2014,940849.7580065792,940849.7722665834,right,0.18289034068584442,0.2837437093257904,0.2253122329711914,-0.512924313545227,-0.614389955997467,-0.5995279550552368,-0.48767322301864624,0.33989420533180237,-0.3592589795589447,-0.3922713422155553,-0.40838918748656733,-0.18290515070457872,-0.8036711488452724,-0.7077055565520274,0.6616125226123934,2.4858045545045857
2015,940849.7780065793,940849.801723125,right,0.17326460778713226,0.30821722745895386,0.2649892270565033,-0.5087208151817322,-0.6106943488121033,-0.6068407297134399,-0.4185425937175751,-0.043368399143218994,0.010392527095973492,-0.3953872643214438,-0.40494688017532315,-0.1805481667138996,-0.8044187127018899,-0.6976682630213353,0.656937116889396,2.4745684159416763
2016,940849.7980065793,940849.8152208751,right,0.2166321575641632,0.30663567781448364,0.2695620357990265,-0.5145049691200256,-0.6038624048233032,-0.6087978482246399,-0.2647338807582855,-0.36490482091903687,0.44198599457740784,-0.39521839844106516,-0.4058249855900285,-0.17580429443399798,-0.8051095595068561,-0.7016519549435906,0.6483379480245406,2.473646471024074
2017,940849.8180065793,940849.83140525,right,0.30226507782936096,0.2974795401096344,0.2657089829444885,-0.5257430076599121,-0.5955083966255188,-0.6074240207672119,-0.15102538466453552,-0.31075575947761536,0.5915634036064148,-0.39227893291529026,-0.4089881205768609,-0.17034289247828546,-0.8061198143785355,-0.7134405409067096,0.6378983619402727,2.4807029098123965
2018,940849.8380065793,940849.8490865,right,0.3938871920108795,0.28736281394958496,0.21946272253990173,-0.5334386229515076,-0.5881873965263367,-0.6078476309776306,-0.16353720426559448,0.07506399601697922,0.39792993664741516,-0.3889371159598601,-0.4103101902961648,-0.1664984196693521,-0.8078686047268155,-0.7202927848953891,0.6288157223436849,2.487923287490959
2019,940849.8580065793,940849.8736910834,right,0.4139918386936188,0.28949275612831116,0.20950517058372498,-0.5333977341651917,-0.5830772519111633,-0.6127869486808777,-0.1732589602470398,0.43830421566963196,0.174317866563797,-0.38689572309848375,-0.4078910832854799,-0.16501933322591086,-0.8103735606371738,-0.716244715576943,0.6225113262610332,2.4903913490895064
2020,940849.8780065794,940849.8957004168,right,0.37899264693260193,0.28776025772094727,0.2448989748954773,-0.5288716554641724,-0.5795767903327942,-0.619988203048706,-0.10736823081970215,0.5623330473899841,0.14738191664218903,-0.3853722330993299,-0.40339334401686533,-0.16516565856674334,-0.8133155820847914,-0.706253408170519,0.6182092723764563,2.4909325832849194
2021,940849.8980065794,940849.9341819584,right,0.3651403486728668,0.29563382267951965,0.2622413635253906,-0.5242230296134949,-0.576822817325592,-0.626470685005188,-0.014750228263437748,0.47835174202919006,0.2400282770395279,-0.38329155267577775,-0.3990279694542751,-0.16595577425117516,-0.8162860060358444,-0.6967734662911955,0.6148339048636478,2.4932047455239914
2022,940849.9180065794,940849.9348497083,right,0.3451371490955353,0.2977691888809204,0.24907754361629486,-0.5241260528564453,-0.5737766027450562,-0.6293427348136902,0.13108587265014648,0.16398264467716217,0.5094190239906311,-0.37953630258896504,-0.39708302589943606,-0.16629405654485574,-0.8189160651106953,-0.6944323177675371,0.6111096086954028,2.500920343089309
2023,940849.9380065794,940849.9516182917,right,0.32461246848106384,0.29192426800727844,0.25018030405044556,-0.5316600203514099,-0.569272518157959,-0.6271095871925354,0.20337511599063873,-0.1749468594789505,0.7250478267669678,-0.3737255769850872,-0.39898587230950944,-0.16509233597440526,-0.8209043829234087,-0.7032122500245319,0.6056207016266844,2.5153775357471546
2024,940849.9580065794,940849.995552,right,0.3439003527164459,0.2731110751628876,0.2061431109905243,-0.5431094765663147,-0.5640144348144531,-0.6220288276672363,0.18062591552734375,-0.3223312199115753,0.7149744033813477,-0.3672390371692517,-0.4030248694385236,-0.16296176480269944,-0.8222834209733278,-0.7177675821396453,0.5992392608015615,2.5322723220581587
2025,940849.9780065794,940849.9960587918,right,0.32049521803855896,0.2535737156867981,0.1722649782896042,-0.5564402937889099,-0.5583122372627258,-0.6153548359870911,0.1996643841266632,-0.5346837639808655,0.7653750777244568,-0.36112559535921773,-0.4083002921892265,-0.16004202324680677,-0.8229615175804369,-0.7351633049042411,0.5923500354372402,2.5485137915014593
2026,940849.9980065795,940850.0141408334,right,0.26071256399154663,0.22845669090747833,0.1953551471233368,-0.5740999579429626,-0.5517896413803101,-0.6049275994300842,0.2776186168193817,-0.852897584438324,0.8940213322639465,-0.35447863114087635,-0.41615609617790605,-0.15604581625706798,-0.8226838151678877,-0.7592574376436747,0.5845085903955244,2.5668502128940824
2027,940850.0180065795,940850.0464993333,right,0.2542000710964203,0.2012186199426651,0.18374279141426086,-0.5954614877700806,-0.5446711778640747,-0.5905581116676331,0.290237158536911,-1.0290628671646118,0.8566680550575256,-0.3474229087917979,-0.4264535989832853,-0.15118947209736616,-0.8213259972477035,-0.7895324219345348,0.5759969911193242,2.586840244461542
2028,940850.0380065795,940850.0516145,right,0.27865660190582275,0.18174287676811218,0.14164629578590393,-0.6153402328491211,-0.5385275483131409,-0.5756253004074097,0.19555403292179108,-0.9646153450012207,0.5900900959968567,-0.34177188681542553,-0.43672105457686,-0.14649940768949793,-0.819148696647521,-0.8187326370652163,0.5686886466602691,2.603321040249098
2029,940850.0580065795,940850.0837379168,right,0.23753243684768677,0.1825200319290161,0.15378430485725403,-0.6304582953453064,-0.534611165523529,-0.5627728700637817,0.14057059586048126,-0.8330910205841064,0.3695104122161865,-0.338538772805034,-0.44523203672241074,-0.1427654991536919,-0.8165647907099364,-0.8420619086680404,0.5640475850951785,2.613614717257138
2030,940850.0780065795,940850.1085413333,right,0.14837466180324554,0.1824074536561966,0.18992841243743896,-0.6440333127975464,-0.5315079092979431,-0.5502002239227295,0.2012248933315277,-0.8968912959098816,0.462238609790802,-0.33588327584924915,-0.45326001035055574,-0.13948204230747718,-0.8138073575100004,-0.8638088442612217,0.5603797901112293,2.622461084033218
2031,940850.0980065796,940850.1100324584,right,0.10902930796146393,0.17631632089614868,0.1996123492717743,-0.6608442068099976,-0.5267194509506226,-0.5346508026123047,0.3046296238899231,-1.0830038785934448,0.7067167162895203,-0.3314491288304404,-0.46292083727410427,-0.13556875569238538,-0.8108432870550729,-0.8905661481119799,0.5547366344557096,2.6356028259963544
2032,940850.1180065796,940850.1493117084,right,0.0970359742641449,0.16910411417484283,0.19469451904296875,-0.6813645958900452,-0.5197167992591858,-0.515399694442749,0.3758155405521393,-1.2230972051620483,0.8701161742210388,-0.3249420590866828,-0.4745305467994909,-0.1308469280365013,-0.8075349005873615,-0.9231973266548319,0.5465194187219587,2.6535173490280566
2033,940850.1380065796,940850.1524148751,right,0.07670939713716507,0.16227200627326965,0.18504753708839417,-0.7033214569091797,-0.5112064480781555,-0.49397045373916626,0.39648619294166565,-1.274821162223816,0.9233775734901428,-0.317409921668798,-0.4870603916060538,-0.12564612658416432,-0.8038881183536091,-0.9585019507430975,0.5365879481742677,2.673297634765028
2034,940850.1580065796,940850.1752775834,right,0.07153114676475525,0.1490064114332199,0.16829460859298706,-0.7249197959899902,-0.5018173456192017,-0.4718797504901886,0.389731764793396,-1.2613106966018677,0.9169862866401672,-0.309627310483722,-0.4995953925592979,-0.1202687415079649,-0.800044185935515,-0.9937601458915312,0.525698568344798,2.6928427800494164
2035,940850.1780065796,940850.1951425418,right,0.0551237016916275,0.14056524634361267,0.170240119099617,-0.7456725835800171,-0.4919314682483673,-0.44941720366477966,0.41409870982170105,-1.2487807273864746,0.9211931228637695,-0.3016863656416475,-0.5119305056527441,-0.11497193103631072,-0.7960489887937532,-1.0283935506481987,0.5143068487849154,2.7120259322802323
2036,940850.1980065797,940850.2105916251,right,0.011455047875642776,0.14662140607833862,0.19134482741355896,-0.7652596235275269,-0.48199811577796936,-0.4266796410083771,0.4451279044151306,-1.2006986141204834,0.9025536775588989,-0.2936667396846555,-0.5239810079357123,-0.11001853841779997,-0.7918962759021847,-1.062165951981712,0.5029338078067198,2.7308938004830976
2037,940850.2180065797,940850.2340641667,right,-0.027545714750885963,0.14424248039722443,0.19667278230190277,-0.7838310599327087,-0.471428245306015,-0.4041832983493805,0.4565475583076477,-1.1477909088134766,0.9728817343711853,-0.2852936283773107,-0.5355658632875716,-0.10524994233174205,-0.787844625973015,-1.09470643566858,0.4909095958129564,2.7497434994243224
2038,940850.2380065797,940850.251609125,right,-0.020116688683629036,0.1409917026758194,0.18343806266784668,-0.802625834941864,-0.45813068747520447,-0.3819791078567505,0.4538654088973999,-1.1190637350082397,1.1558308601379395,-0.2756346341832629,-0.546838320231283,-0.09989144894060216,-0.7842289797667311,-1.1266043099596958,0.4758910827283245,2.7696154767317664
2039,940850.2580065797,940850.27244275,right,-0.04364614188671112,0.1381673365831375,0.20156098902225494,-0.8218987584114075,-0.4416044056415558,-0.35981637239456177,0.4391172230243683,-1.1314455270767212,1.2769801616668701,-0.26471557618405633,-0.5579691974510746,-0.09360651949505912,-0.780918518782975,-1.1581452230462153,0.45738610325338486,2.790011453180716
2040,940850.2780065797,940850.3088619168,right,-0.12363184243440628,0.12163601070642471,0.23199228942394257,-0.8418003916740417,-0.4222854673862457,-0.3362247049808502,0.5023003220558167,-1.2167937755584717,1.4064068794250488,-0.2530337823962666,-0.5696084690947395,-0.08621973760982983,-0.777229843213459,-1.1907974403865296,0.43596515722767365,2.809988970181351
2041,940850.2980065797,940850.3100992084,right,-0.11424320191144943,0.0907854288816452,0.15625660121440887,-0.8618310689926147,-0.4010648727416992,-0.31047409772872925,0.529387891292572,-1.3206629753112793,1.4793493747711182,-0.2395021907448569,-0.581808222537235,-0.07913370871950437,-0.7732242513628795,-1.2250200044627848,0.41267903475094403,2.832913273699065
2042,940850.3180065798,940850.3340128751,right,-0.0568326897919178,0.0979773998260498,0.09669987112283707,-0.8809770941734314,-0.37931549549102783,-0.2828409671783447,0.3865375816822052,-1.3940798044204712,1.3412944078445435,-0.22699145964595682,-0.5945653196616343,-0.07121510651108061,-0.7680464190065897,-1.2601378253975388,0.3890564138254014,2.852253900773972
2043,940850.3380065798,940850.3604373334,right,-0.09306833893060684,0.10571999102830887,0.1405947208404541,-0.8972628712654114,-0.35967397689819336,-0.256034791469574,0.2842824459075928,-1.3478152751922607,1.0948693752288818,-0.21647937877605905,-0.6065728620994104,-0.06365508679738384,-0.7623345494794753,-1.2928326420937999,0.3679184635071771,2.86719159164827
2044,940850.3580065798,940850.4207327501,right,-0.08884965628385544,0.09447520226240158,0.1316661536693573,-0.9122286438941956,-0.34122350811958313,-0.22672811150550842,0.35755452513694763,-1.4686750173568726,1.1294037103652954,-0.20674311132438442,-0.619239344348685,-0.056378846873301594,-0.7553949455299657,-1.327189353949483,0.3482182421417004,2.8806346040377044
2045,940850.3780065798,940850.4207946251,right,-0.0859212726354599,0.0827026441693306,0.12244580686092377,-0.9259036779403687,-0.32224518060684204,-0.1971299648284912,0.4308265745639801,-1.589534878730774,1.1639381647109985,-0.19693311070273814,-0.6316849795860568,-0.04908258905404789,-0.7481859574213893,-1.3610230018393619,0.32810023204857897,2.8932611777885913
2046,940850.3980065798,940850.4211655834,right,-0.08100029081106186,0.0876019075512886,0.11769483238458633,-0.9381427764892578,-0.30401456356048584,-0.16572031378746033,0.3963318169116974,-1.5150853395462036,0.9484764337539673,-0.18723668431570892,-0.6444742735780555,-0.04234089990429735,-0.7401368784559613,-1.3959528382075497,0.3089038733621501,2.905767533277866
2047,940850.4180065799,940850.4366262917,right,-0.17910383641719818,0.07623262703418732,0.16305474936962128,-0.9476736783981323,-0.2891346514225006,-0.1353350132703781,0.40669718384742737,-1.5028955936431885,0.7804188132286072,-0.17888581482265967,-0.6564739809933745,-0.03707297681902162,-0.7318929308459419,-1.4289478135990898,0.29332277066802886,2.917022841351978
2048,940850.4380065799,940850.4512832917,right,-0.23657283186912537,0.05587953329086304,0.17388944327831268,-0.9559986591339111,-0.27482298016548157,-0.10265903174877167,0.5427146553993225,-1.6685888767242432,0.8675526976585388,-0.17027754405089932,-0.6690397593390146,-0.032500549126497615,-0.7227275468114359,-1.463822186975708,0.2784055867982612,2.9292450226271556
2049,940850.4580065799,940850.47400225,right,-0.18278762698173523,0.04859735816717148,0.12615850567817688,-0.9636850953102112,-0.25864195823669434,-0.06644653528928757,0.6508651375770569,-1.7129900455474854,0.9042542576789856,-0.16032075062128842,-0.6826404993360295,-0.0279048496609765,-0.7124046726426999,-1.501954818897508,0.26161606558351685,2.9432620085733454
2050,940850.4780065799,940850.4951154584,right,-0.1682310700416565,0.05693688243627548,0.11783540993928909,-0.9692891836166382,-0.24384285509586334,-0.03192027658224106,0.6367174386978149,-1.4890145063400269,0.6823964715003967,-0.15073788446265382,-0.6953029036840782,-0.02436668160153229,-0.7023091421857843,-1.537876593378525,0.24632636168459168,2.957168838442758
2051,940850.4980065799,940850.5112328334,right,-0.23922981321811676,0.03849903866648674,0.1229773461818695,-0.9726328253746033,-0.23234063386917114,-0.001725953770801425,0.6449042558670044,-1.3411414623260498,0.5572880506515503,-0.14234170083217568,-0.7061351834368368,-0.02258598654352299,-0.6932544283773406,-1.5690218133471072,0.23448348521272555,2.9706454144574153
2052,940850.51800658,940850.5343116251,right,-0.26666203141212463,0.01847671903669834,0.11597645282745361,-0.9749278426170349,-0.22087527811527252,0.02701566368341446,0.6553723812103271,-1.3040950298309326,0.5991171002388,-0.13388148688226068,-0.7162796809118676,-0.021242698085740228,-0.6845202284131802,-1.598499664312487,0.22271183524414578,2.9842152016042256
2053,940850.53800658,940850.5516245834,right,-0.16730955243110657,0.046295128762722015,0.07363702356815338,-0.9764403104782104,-0.20903949439525604,0.05354330316185951,0.5742030739784241,-1.1061086654663086,0.543867826461792,-0.125742666185038,-0.7255242908769167,-0.019650856979245533,-0.6763262425914963,-1.6255766692611189,0.21059265484506173,2.996311989154297
2054,940850.55800658,940850.5715655833,right,-0.15614302456378937,0.08436708152294159,0.0948987826704979,-0.9770542979240417,-0.19938836991786957,0.07489225268363953,0.42921820282936096,-0.8920355439186096,0.4158098101615906,-0.11933310590430944,-0.7328793143891966,-0.018276756465578595,-0.6695620732319123,-1.647297803327591,0.20073372395598363,3.0054342264517557
2055,940850.57800658,940850.6114980001,right,-0.3070929944515228,0.03196398541331291,0.1409946084022522,-0.9774843454360962,-0.18809489905834198,0.09562623500823975,0.5316817164421082,-1.1456187963485718,0.7332279086112976,-0.11241359505693622,-0.7399625146955326,-0.016388905550122103,-0.662985658297109,-1.6683149319745245,0.1892220743637325,3.014177194680932
2056,940850.59800658,940850.6126570834,right,-0.3525257706642151,-0.0398983508348465,0.08464054018259048,-0.9779232740402222,-0.16671758890151978,0.12598194181919098,0.7200139164924622,-1.7030688524246216,1.3047901391983032,-0.10119415407469921,-0.7502408354383361,-0.011386944893625418,-0.6532754742341179,-1.6989166704459309,0.1674997322711399,3.024562151719677
2057,940850.61800658,940850.6342035001,right,-0.1908431202173233,-0.044678155332803726,-0.012118970975279808,-0.9769083857536316,-0.13808795809745789,0.16303850710391998,0.6557633280754089,-1.719515085220337,1.3092336654663086,-0.08717791154612238,-0.7625635999821726,-0.004001992984893956,-0.6409997713023377,-1.7361645587576366,0.13853061633094774,3.0347087533767407
2058,940850.6380065801,940850.6593336667,right,-0.07707199454307556,-0.006787366233766079,-0.013520347885787487,-0.9743808507919312,-0.11698660254478455,0.1920836865901947,0.35132506489753723,-1.0806610584259033,0.6486326456069946,-0.07708909684923632,-0.77203576516373,0.0016203233752254997,-0.6308846588884657,-1.7654347034754794,0.11725510616377106,3.0409625443261006
2059,940850.6580065801,940850.6839839584,right,-0.20968584716320038,-0.03806854784488678,0.03170594945549965,-0.9718657732009888,-0.10652915388345718,0.2100682258605957,0.2618926167488098,-0.8312165141105652,0.4074192941188812,-0.07177791639825126,-0.777828529362555,0.00411040249052729,-0.6243508089764042,-1.7836708631790112,0.10673168237283197,3.044868811777794
2060,940850.6780065801,940850.7077621667,right,-0.3311142027378082,-0.07587602734565735,0.07947413623332977,-0.9686330556869507,-0.09441380947828293,0.22986149787902832,0.4248710572719574,-1.1521166563034058,0.7380542159080505,-0.06579268033669715,-0.7841430181016364,0.007104806906613796,-0.6170419197859883,-1.8037915516512093,0.09455464708336903,3.0487088176882393
2061,940850.6980065801,940850.7152047084,right,-0.2696014940738678,-0.05897652730345726,0.08340484648942947,-0.964304506778717,-0.07500796020030975,0.25394967198371887,0.5684786438941956,-1.1874977350234985,0.9043441414833069,-0.05616924447194948,-0.7917345557235628,0.011455931421820284,-0.6081695018715675,-1.8282997775344423,0.07507848100456029,3.0547784302313152
2062,940850.7180065801,940850.7311042501,right,-0.15996970236301422,-0.028642594814300537,0.029413385316729546,-0.9597564935684204,-0.05753869563341141,0.2748761475086212,0.45124495029449463,-0.8794654011726379,0.6447293162345886,-0.04742524266082184,-0.798253631986901,0.015140128198722133,-0.600260640512173,-1.8497316639257408,0.05757049460920448,3.060262101611855
2063,940850.7380065802,940850.753436125,right,-0.24371092021465302,-0.05876753851771355,0.04123135283589363,-0.9555909037590027,-0.044189684092998505,0.291364848613739,0.43292924761772156,-0.8148156404495239,0.654617965221405,-0.040807668768114425,-0.8033420935634384,0.01799740051716497,-0.5938454298079139,-1.866747407450025,0.044204082428586505,3.0640563014391122
2064,940850.7580065802,940850.7776628333,right,-0.31997278332710266,-0.11374358832836151,0.06529990583658218,-0.9508551359176636,-0.02605668269097805,0.30853793025016785,0.7022042274475098,-0.9200775027275085,0.9455405473709106,-0.03174589257130241,-0.8085823588973613,0.02152980665131397,-0.5871314131143518,-1.8845620576322581,0.026059635230841198,3.0694102445294185
2065,940850.7780065802,940850.7954379584,right,-0.2631114423274994,-0.12865135073661804,0.0007553868927061558,-0.945483922958374,-0.0012327260337769985,0.325666606426239,0.8345370292663574,-0.8022894263267517,1.0475863218307495,-0.01891651156607589,-0.813747500136909,0.025461941338068696,-0.5803524310091848,-1.902513237767758,0.001232729201101084,3.0781544050580374
2066,940850.7980065802,940850.8127889584,right,-0.15724040567874908,-0.10543715953826904,-0.06648240983486176,-0.9415476322174072,0.01955994963645935,0.3363116681575775,0.6464582681655884,-0.3671436905860901,0.5825929641723633,-0.007544233977024448,-0.8169392446650081,0.02767861674212931,-0.5760098002957408,-1.9138623265264099,-0.019561194850513997,3.0876415705353617
2067,940850.8180065802,940850.8338085834,right,-0.17823415994644165,-0.08062152564525604,-0.03687485679984093,-0.9397842288017273,0.029697097837924957,0.34047579765319824,0.43581902980804443,-0.13929350674152374,0.2005312442779541,-0.0012301826552164354,-0.8182148720305251,0.02761020412566303,-0.5742478829829708,-1.9183789767468553,-0.02970146184580787,3.09496017960102
2068,940850.8380065802,940850.8555321668,right,-0.25458502769470215,-0.07585848867893219,0.025376157835125923,-0.9384462237358093,0.035948481410741806,0.34354978799819946,0.4725879430770874,-0.2762974202632904,0.22190529108047485,0.0034600788244293747,-0.8191926111559721,0.026426597332205176,-0.5728989247484538,-1.9217270710304448,-0.035956227575871164,3.102224654429317
2069,940850.8580065803,940850.8728142917,right,-0.2846318483352661,-0.13328199088573456,0.040977008640766144,-0.9347692131996155,0.046765826642513275,0.35216403007507324,0.6261245012283325,-0.6882304549217224,0.5142639875411987,0.010342582821044664,-0.8218259895609641,0.02615458532771827,-0.5690439662639384,-1.9310907407509936,-0.046782887936503786,3.110335104219791
2070,940850.8780065803,940850.9088975417,right,-0.1700497269630432,-0.15276004374027252,-0.02369111403822899,-0.9282627701759338,0.06331581622362137,0.36649593710899353,0.6240132451057434,-0.8667558431625366,0.596792995929718,0.01977649192064465,-0.8261392867843343,0.0272370983294144,-0.5624596837612892,-1.946828529114567,-0.06335819416494723,3.1187886099605926
2071,940850.8980065803,940850.9127819584,right,-0.03320403769612312,-0.1260179579257965,-0.08145701140165329,-0.9223805665969849,0.07637951523065567,0.37865543365478516,0.44427505135536194,-0.49873101711273193,0.25152602791786194,0.027456789146976208,-0.829796280333468,0.027674021896431367,-0.5567030882849937,-1.9603384053395232,-0.07645396973135747,3.126190007788466
2072,940850.9180065803,940850.9412819584,right,-0.022058377042412758,-0.103365458548069,-0.07282374054193497,-0.9201337695121765,0.07944239675998688,0.38346120715141296,0.18645061552524567,-0.12267401814460754,-0.13947494328022003,0.030330082213609364,-0.8312916339849157,0.026169352181858656,-0.554391021746043,-1.965654256127661,-0.07952619460800567,3.1316818906472825
2073,940850.9380065803,940850.9723045417,right,-0.11540649086236954,-0.10625011473894119,-0.023924097418785095,-0.9195361137390137,0.07912392914295197,0.384957879781723,0.2079889327287674,-0.14698149263858795,-0.024073828011751175,0.03144092519361886,-0.8318006649256796,0.024219798787817885,-0.5536537613175132,-1.9672707199128219,-0.07920672432222194,3.13609808249626
2074,940850.9580065804,940850.9726252084,right,-0.15242710709571838,-0.10393056273460388,0.0017988684121519327,-0.9170241355895996,0.084269218146801,0.3898272216320038,0.3311009705066681,-0.4310268461704254,0.31961527466773987,0.03475309809210467,-0.833272058875763,0.023901640004537424,-0.5512518223047598,-1.9727519033710714,-0.08436927333035794,3.140069514872021
2075,940850.9780065804,940851.0015912917,right,-0.09339776635169983,-0.08531457930803299,-0.013576403260231018,-0.9122117757797241,0.0948602482676506,0.3985862135887146,0.323421448469162,-0.5531138777732849,0.45380860567092896,0.04019091817877797,-0.8358546714181444,0.025299954621942882,-0.5468925913683004,-1.9827407038587166,-0.0950030942241066,-3.1399190453568373
2076,940850.9980065804,940851.0139776667,right,-0.018424423411488533,-0.056937284767627716,-0.037522707134485245,-0.9076457023620605,0.10360275208950043,0.4067501723766327,0.16447202861309052,-0.3595377802848816,0.26330623030662537,0.044397115722791314,-0.8382440453988317,0.02687032699998355,-0.5428202451510684,-1.9921004022597422,-0.10378898891540826,-3.1384240742533307
2077,940851.0180065804,940851.0487102084,right,-0.021830527111887932,-0.0519213043153286,-0.042367540299892426,-0.9050000309944153,0.10715104639530182,0.4116961658000946,0.0035965568386018276,-0.23187609016895294,0.12649354338645935,0.045912535391555674,-0.8396875972344608,0.02779983349811651,-0.5404109851149131,-1.9977282786504482,-0.10735715022651111,-3.138638717112686
2078,940851.0380065804,940851.0524221667,right,-0.06949792802333832,-0.05314724147319794,-0.018028967082500458,-0.9023838043212891,0.11090204864740372,0.4164183437824249,0.0387883223593235,-0.3177933096885681,0.2980920374393463,0.04719204846334593,-0.8410418268247246,0.02928861824354072,-0.5381112953631105,-2.0031433563350927,-0.1111306490098904,-3.1400599557332285
2079,940851.0580065805,940851.0741009167,right,-0.07490851730108261,-0.04403337836265564,-0.00036208456731401384,-0.8983745574951172,0.11878738552331924,0.4228624701499939,0.09722980856895447,-0.40719231963157654,0.478351891040802,0.05010771344996269,-0.8428533786019944,0.03208457270744018,-0.5348438955386644,-2.010728175679419,-0.11906853284861402,3.1411036193821777
2080,940851.0780065805,940851.0952722084,right,-0.06050494313240051,-0.04638050124049187,-0.002412597183138132,-0.8936545848846436,0.12829045951366425,0.4300270080566406,0.05359749495983124,-0.4139840006828308,0.48134535551071167,0.053555006057454904,-0.8448356834937389,0.03558337638240934,-0.5311482238987255,-2.019291518926606,-0.12864499694141843,3.138332791470545
2081,940851.0980065805,940851.1352217083,right,-0.06365425884723663,-0.06597904115915298,-0.0009372722706757486,-0.8888833522796631,0.1373962163925171,0.43704548478126526,0.03652922064065933,-0.40197548270225525,0.4752689003944397,0.05671397489520808,-0.8467505563728851,0.0391949659402333,-0.527504359050726,-2.0277651784246755,-0.1378322122747224,3.134986979408294
2082,940851.1180065805,940851.1363807501,right,-0.04179657995700836,-0.06512568891048431,-0.00926289428025484,-0.8843913078308105,0.1456538438796997,0.44343793392181396,0.016027648001909256,-0.3203931450843811,0.4058847427368164,0.05951509758756801,-0.8484715953136311,0.04260195574489219,-0.5241555923877754,-2.035567039629829,-0.14617383472693082,3.1315829871760283
2083,940851.1380065805,940851.1526372083,right,-0.016665615141391754,-0.0545274093747139,-0.015096370130777359,-0.8812196850776672,0.15124276280403137,0.44785889983177185,-0.05047543719410896,-0.16686059534549713,0.2583816945552826,0.061138790241542396,-0.8496299900192564,0.04536897699129018,-0.5218550101695302,-2.0410031962291053,-0.15182536980978237,3.1281551605695097
2084,940851.1580065805,940851.1735989167,right,-0.016657434403896332,-0.04468347504734993,-0.004232185427099466,-0.8797702193260193,0.15369875729084015,0.44986796379089355,-0.10973162949085236,-0.05076972022652626,0.14660494029521942,0.061373612879275764,-0.8501116275219065,0.04737312062316242,-0.520864067337356,-2.0434803554946406,-0.1543104268773131,3.1247818621429744
2085,940851.1780065806,940851.1953134584,right,-0.04684216529130936,-0.047753024846315384,0.002953886054456234,-0.878598690032959,0.1560085117816925,0.4513597786426544,-0.03208266198635101,-0.13246847689151764,0.25636976957321167,0.06160037394155889,-0.8504435347588132,0.04925128896223118,-0.5201206696391774,-2.0453650456157995,-0.15664837903073808,3.121655609521044
2086,940851.1980065806,940851.22902175,right,-0.05595595762133598,-0.06549764424562454,0.001551751745864749,-0.875171422958374,0.16264671087265015,0.455654501914978,0.10856111347675323,-0.3643389940261841,0.46935349702835083,0.06386101914069116,-0.8515394869186608,0.052036106470344866,-0.5177784475661755,-2.0508239893514433,-0.16337248936216553,3.118797291265324
2087,940851.2180065806,940851.2338602084,right,-0.01707315631210804,-0.07722771912813187,-0.023491146042943,-0.8695375323295593,0.1724778115749359,0.4627695083618164,0.1671719253063202,-0.47406670451164246,0.4654194116592407,0.06785312611453702,-0.8534310663683251,0.055137850423313185,-0.5138201257477637,-2.0598723576245117,-0.17334462290479127,3.1168350212027796
2088,940851.2380065806,940851.2741757501,right,0.013290741480886936,-0.07908371090888977,-0.04616152495145798,-0.8641337156295776,0.17954318225383759,0.4701455533504486,0.07475738972425461,-0.41991350054740906,0.18468357622623444,0.07096675278866887,-0.8554665246776479,0.05700706607423598,-0.5097949087819458,-2.0690720662312327,-0.18052207261117825,3.115995655488652
2089,940851.2580065806,940851.2742339168,right,0.007369224447757006,-0.07459496706724167,-0.0383303202688694,-0.8607948422431946,0.17976392805576324,0.47614818811416626,-0.04909757152199745,-0.30166956782341003,-0.15313468873500824,0.07131275687152112,-0.8572373651993959,0.05672914653830857,-0.5067942414091159,-2.0760542978797445,-0.18074646583500892,3.116197375070487
2090,940851.2780065807,940851.3028359584,right,-0.027551116421818733,-0.06261581182479858,-0.014423857443034649,-0.859173059463501,0.17473873496055603,0.48092371225357056,-0.058074671775102615,-0.253939688205719,-0.30183807015419006,0.06960135915937177,-0.8587615081488059,0.0546858389958562,-0.5046718473468679,-2.0810957272460437,-0.1756404227269034,3.117547941126458
2091,940851.2980065807,940851.3177667084,right,-0.058681707829236984,-0.05270197615027428,0.012167971581220627,-0.8573898077011108,0.1692006140947342,0.4860590994358063,0.045543745160102844,-0.3367965817451477,-0.2525017559528351,0.06792806007803619,-0.8604179338301455,0.0520628221912864,-0.5023505955932661,-2.0865261717551236,-0.1700185398939601,3.119934536832443
2092,940851.3180065807,940851.3341335417,right,-0.09575121849775314,-0.069854736328125,0.017864763736724854,-0.8535415530204773,0.16735002398490906,0.49341729283332825,0.19684365391731262,-0.5245798826217651,-0.04009435698390007,0.06811805541409317,-0.8626777775301008,0.04995710166052385,-0.4986494333718236,-2.094943972040895,-0.16814117291529523,3.1230707006069083
2093,940851.3380065807,940851.3638020834,right,-0.08022288233041763,-0.07965486496686935,0.0007748827338218689,-0.8478847146034241,0.1702769547700882,0.502092719078064,0.31998685002326965,-0.5503048896789551,0.06528563052415848,0.07070552759722414,-0.8652706638199453,0.04850824585706651,-0.49391731369205444,-2.1054393213254445,-0.1711107295156374,3.127283041329154
2094,940851.3580065807,940851.3737279584,right,-0.04751364886760712,-0.08386145532131195,-0.032297201454639435,-0.8428508043289185,0.17401275038719177,0.5092366337776184,0.2777791917324066,-0.40210139751434326,-0.009738920256495476,0.07376895176928251,-0.8674157933075242,0.046991227565237284,-0.4898364949866015,-2.11428633982965,-0.1749031277000677,3.1321967513024216
2095,940851.3780065808,940851.3955396251,right,-0.05181580036878586,-0.08303558081388474,-0.048171788454055786,-0.8400599360466003,0.17503869533538818,0.5134794116020203,0.16306661069393158,-0.21097441017627716,-0.12738123536109924,0.07548127691566513,-0.8687418540765771,0.045025454522833123,-0.48740435212799743,-2.119440562355576,-0.17594506866061388,3.136868516216426
2096,940851.3980065808,940851.4139483334,right,-0.09069537371397018,-0.08685284107923508,-0.04288788512349129,-0.8390896320343018,0.17407238483428955,0.5153908729553223,0.13503962755203247,-0.10549122095108032,-0.12864427268505096,0.076073844885929,-0.8693957439308808,0.04297059504301981,-0.4863306050950527,-2.121610670179239,-0.17496369289977046,3.1408586202522297
2097,940851.4180065808,940851.4465601668,right,-0.12498181313276291,-0.09539363533258438,-0.047015633434057236,-0.8382428884506226,0.1744038462638855,0.5166550278663635,0.1678188294172287,-0.13292905688285828,-0.0036033892538398504,0.07709273872586336,-0.869831069393763,0.04149012108486963,-0.4855196079575529,-2.1231547011829055,-0.17530031042482588,-3.138869638682284
2098,940851.4380065808,940851.4638318334,right,-0.1377732753753662,-0.11308645457029343,-0.06394563615322113,-0.8365336060523987,0.17728668451309204,0.5184405446052551,0.19239471852779388,-0.1647389531135559,0.10739514976739883,0.07908026316651746,-0.870371343902734,0.040914752856176614,-0.48427876840148637,-2.125610475862226,-0.1782287720929673,-3.136134435588902
2099,940851.4580065808,940851.4982992917,right,-0.1444048136472702,-0.13339510560035706,-0.08816744387149811,-0.8343450427055359,0.181450754404068,0.5205232501029968,0.170840784907341,-0.15108612179756165,0.14990942180156708,0.08142370238163645,-0.8709640802995063,0.041026747502276,-0.48281333903258516,-2.1285829890804653,-0.18246150219584248,-3.1343124898117756
2100,940851.4780065808,940851.4987998334,right,-0.14171351492404938,-0.15356703102588654,-0.10688049346208572,-0.8328348398208618,0.1851896047592163,0.5216238498687744,0.12400703877210617,-0.03665681928396225,0.09498244524002075,0.08342883177305589,-0.8712666771147743,0.04130738080645999,-0.4819002737761771,-2.1303466409630327,-0.1862647943758888,-3.133014917452066
2101,940851.4980065809,940851.5143850833,right,-0.1342509686946869,-0.16818855702877045,-0.11492636054754257,-0.8332937955856323,0.18696650862693787,0.5202543139457703,0.11080244928598404,0.17017240822315216,-0.009005691856145859,0.08451496496844702,-0.8708781998806039,0.041210929932178744,-0.48242091618480143,-2.12891716872045,-0.18807329207000803,-3.131653045903201
2102,940851.5180065809,940851.5489782917,right,-0.15068520605564117,-0.1865479052066803,-0.13518421351909637,-0.8360166549682617,0.1865755021572113,0.5160093903541565,0.009757776744663715,0.29810231924057007,-0.08648435026407242,0.08461677080181983,-0.8696852653560609,0.040647694923817417,-0.4845980923687543,-2.1237842107540357,-0.18767528667213698,-3.130081425225879
2103,940851.5380065809,940851.5540185417,right,-0.18860109150409698,-0.2087743878364563,-0.1383076161146164,-0.8397945761680603,0.18462157249450684,0.5105488300323486,-0.07564105093479156,0.3436703085899353,-0.10754705965518951,0.0837685399162583,-0.8681360797166424,0.040176708118192316,-0.48755356713597375,-2.1170371944480237,-0.18568680783665706,-3.1294581658002256
2104,940851.5580065809,940851.5749037084,right,-0.23096540570259094,-0.23337285220623016,-0.13150860369205475,-0.8434613347053528,0.18202796578407288,0.5054094195365906,-0.13017453253269196,0.3153655529022217,-0.06777834892272949,0.0822771825961108,-0.8666544134250321,0.04018499285476589,-0.4904342371729504,-2.1106338006485554,-0.1830484746660226,-3.130354578299269
2105,940851.5780065809,940851.6061387501,right,-0.24385443329811096,-0.25474709272384644,-0.13720452785491943,-0.8468002676963806,0.179362490773201,0.5007573962211609,-0.19066357612609863,0.3133496642112732,-0.06918230652809143,0.08047818883327455,-0.8652897128910428,0.04064982186927768,-0.49309679950324287,-2.1048330190575286,-0.18033839600820828,-3.132424516678097
2106,940851.598006581,940851.6152752917,right,-0.2542267441749573,-0.269186407327652,-0.1363707184791565,-0.8506129384040833,0.17525117099285126,0.49572595953941345,-0.2922806143760681,0.3896963596343994,-0.16101659834384918,0.0777965745754145,-0.8638100821344712,0.041171920842369564,-0.49606915063373974,-2.09846285167058,-0.17616088120710607,-3.1354419028872424
2107,940851.618006581,940851.6503649584,right,-0.2725609540939331,-0.27216237783432007,-0.11804381757974625,-0.8559704422950745,0.16782903671264648,0.4890270531177521,-0.39282676577568054,0.5462198257446289,-0.31084519624710083,0.07343597550262726,-0.8618660080139248,0.04123738021551679,-0.5000934648740551,-2.089855312947677,-0.16862704936903322,-3.1391910765809237
2108,940851.638006581,940851.6550443751,right,-0.2952192425727844,-0.27143964171409607,-0.09601349383592606,-0.8634006977081299,0.15685631334781647,0.47951558232307434,-0.47267141938209534,0.7175586819648743,-0.46466362476348877,0.06745174376123858,-0.8591378095000112,0.040497161924093236,-0.5056603975772205,-2.0777607564856586,-0.15750674919677118,3.1402055478536877
2109,940851.658006581,940851.7006380834,right,-0.3230874836444855,-0.26544687151908875,-0.06262142211198807,-0.8724021911621094,0.1429414600133896,0.4674206078052521,-0.5315905809402466,0.8375169038772583,-0.5661981701850891,0.06010772552265783,-0.8556761866164229,0.03909697708722003,-0.5125199909853903,-2.0626609673013685,-0.14343276379502942,3.1362417984102056
2110,940851.678006581,940851.7011419167,right,-0.3463359475135803,-0.2589387595653534,-0.035164862871170044,-0.8819882273674011,0.12696316838264465,0.4538467824459076,-0.6010635495185852,0.8765849471092224,-0.6184890270233154,0.051663875731498034,-0.8517750364353714,0.03745253688163411,-0.5200071119119133,-2.0460337691291177,-0.12730676887370787,3.1314392059002483
2111,940851.698006581,940851.7392892084,right,-0.36615362763404846,-0.25306448340415955,-0.012243355624377728,-0.8914146423339844,0.11062845587730408,0.4394781291484833,-0.6060546636581421,0.8958379030227661,-0.6133123636245728,0.04295355851809414,-0.8476173929354914,0.03583056877715794,-0.5276512559368424,-2.0288379452770275,-0.11085536497745294,3.1260846143278087
2112,940851.7180065811,940851.740108125,right,-0.3730179965496063,-0.24298621714115143,0.010355873964726925,-0.9005411863327026,0.0942157506942749,0.42443931102752686,-0.6290773749351501,0.9365592002868652,-0.6293792724609375,0.03410806456477869,-0.8432350010676243,0.03426955337194499,-0.5353661581896392,-2.0112344235038226,-0.09435569173780563,3.120222004539776
2113,940851.7380065811,940851.7710262501,right,-0.3671530485153198,-0.2296704351902008,0.03699149936437607,-0.9099839925765991,0.07664424926042557,0.40749770402908325,-0.6774516105651855,1.0587126016616821,-0.7252023220062256,0.024691797072256272,-0.8382710019246687,0.032412661225720465,-0.5437291172484239,-1.991825494947591,-0.07671948843103044,3.1140181633732387
2114,940851.7580065811,940851.7988665834,right,-0.35838085412979126,-0.21715058386325836,0.05288845673203468,-0.9200236201286316,0.05689449980854988,0.3877103328704834,-0.7214338183403015,1.1974380016326904,-0.8255814909934998,0.014258975917798003,-0.832440336026745,0.029970912839031288,-0.5531197247427955,-1.9696252212274368,-0.056925238757113576,3.1074064734667752
2115,940851.7780065811,940851.7997705417,right,-0.350283145904541,-0.19591033458709717,0.06494368612766266,-0.9303040504455566,0.035330839455127716,0.36508357524871826,-0.7606037259101868,1.309472918510437,-0.9071463346481323,0.002973974253824054,-0.8257197223266257,0.026995095409180037,-0.5634264280944562,-1.9447639235456535,-0.03533819328056948,3.1003256493102396
2116,940851.7980065811,940851.8157650001,right,-0.3502519726753235,-0.1766933798789978,0.08400965481996536,-0.9402958750724792,0.012364913709461689,0.3401332497596741,-0.7741817235946655,1.3851258754730225,-0.967215895652771,-0.009016814828262146,-0.8182353920163647,0.023610802864968687,-0.5743274519535664,-1.9178825998179234,-0.012365225566836474,3.0925736766985077
2117,940851.8180065812,940851.8590036251,right,-0.3481156826019287,-0.16127647459506989,0.09210960566997528,-0.949468195438385,-0.01139730866998434,0.31365659832954407,-0.7936111092567444,1.4091871976852417,-1.0065816640853882,-0.021406024208887414,-0.8102053117581923,0.01989113704436079,-0.5854174314110715,-1.8898592805726004,0.01139755908644007,3.084262813968998
2118,940851.8380065812,940851.8598544167,right,-0.3278054893016815,-0.13801342248916626,0.08919670432806015,-0.9575478434562683,-0.036125391721725464,0.28600209951400757,-0.8446007370948792,1.4492990970611572,-1.074243187904358,-0.034378045027395145,-0.8017153379380761,0.015923961860145323,-0.5965041294897011,-1.8610433100503831,0.03613325611547334,3.074953628135977
2119,940851.8580065812,940851.8752480417,right,-0.3122786581516266,-0.11242542415857315,0.08828748017549515,-0.964552640914917,-0.06198256090283394,0.2565078139305115,-0.8784300088882446,1.5213594436645508,-1.1500425338745117,-0.04800392561311338,-0.7925397366609016,0.011605029000144028,-0.6078171646057122,-1.8307150221341504,0.062022322088486376,3.0646186933128514
2120,940851.8780065812,940851.905479875,right,-0.3187194764614105,-0.08998739719390869,0.10409306734800339,-0.9701598286628723,-0.08899931609630585,0.22554200887680054,-0.9198970794677734,1.5385411977767944,-1.1915258169174194,-0.06243224037530389,-0.7827650912155243,0.007058398853990368,-0.6191375518906959,-1.7992181029712297,0.08911722999317025,3.052765449770243
2121,940851.8980065812,940851.9165206667,right,-0.3278822898864746,-0.05853725224733353,0.1389583796262741,-0.9741985201835632,-0.11623326689004898,0.19346120953559875,-0.9183916449546814,1.566896915435791,-1.218703269958496,-0.07714281704293958,-0.7724798622036351,0.0023394619486097916,-0.6303320265087954,-1.7668309444260861,0.11649659578062689,3.039863410219534
2122,940851.9180065813,940851.9565495834,right,-0.31582286953926086,-0.0268416665494442,0.15464255213737488,-0.9765177369117737,-0.14401373267173767,0.16022847592830658,-0.9986383318901062,1.5857532024383545,-1.2976291179656982,-0.0923933464594212,-0.7616480379321953,-0.00255027449257106,-0.6413651409291545,-1.7334286360872615,0.14451624704488192,3.0254935591832774
2123,940851.9380065813,940851.9576827501,right,-0.3149254620075226,-0.00176327268127352,0.1870671808719635,-0.9769363403320312,-0.17277951538562775,0.1254693865776062,-1.024223804473877,1.6487457752227783,-1.3567087650299072,-0.10856427008424413,-0.7501180030043734,-0.007594416163027366,-0.6522875921244321,-1.6985285738223668,0.1736509292734361,3.008978857203545
2124,940851.9580065813,940851.9785117917,right,-0.30534979701042175,0.03174980729818344,0.2103448212146759,-0.9754931926727295,-0.20135509967803955,0.08870892971754074,-0.9709904193878174,1.7208659648895264,-1.3474292755126953,-0.1246660067190473,-0.7376869046989465,-0.01313390375822625,-0.6634033582601719,-1.6614844118383276,0.20274117288482552,2.991951066004079
2125,940851.9780065813,940851.9964254583,right,-0.27709057927131653,0.06833242624998093,0.2203543484210968,-0.9722581505775452,-0.228192538022995,0.0514042042195797,-0.9038597941398621,1.685887098312378,-1.2587103843688965,-0.14003358531138643,-0.7248124184204014,-0.018683191196878977,-0.6743059805890809,-1.6236180901810575,0.23022083580891645,2.9746674781142945
2126,940851.9980065813,940852.0473003751,right,-0.25257351994514465,0.0946265310049057,0.22108149528503418,-0.967448890209198,-0.2526059150695801,0.015269171446561813,-0.8812634944915771,1.6038683652877808,-1.1910576820373535,-0.1544830932203631,-0.7120868260494091,-0.02381048023395369,-0.684470977139079,-1.5865779416907715,0.255372573069254,2.9570268140670772
2127,940852.0180065813,940852.0474739583,right,-0.23208126425743103,0.11073986440896988,0.24068871140480042,-0.9610430598258972,-0.27567651867866516,-0.01997542567551136,-0.8751610517501831,1.5831528902053833,-1.2241332530975342,-0.1685042057166098,-0.6994162331620185,-0.028796195032102408,-0.6939698937128544,-1.5500141694813478,0.2792934422596044,2.9388091302646804
2128,940852.0380065814,940852.0716167084,right,-0.19706128537654877,0.12533347308635712,0.23193413019180298,-0.9526981115341187,-0.2988637387752533,-0.05519961193203926,-0.9244599938392639,1.565129041671753,-1.3248614072799683,-0.18272575514357794,-0.6864655838603035,-0.03413496337583243,-0.703001583824282,-1.5129207347745461,0.3035017641576644,2.9196676379717945
2129,940852.0580065814,940852.0763712918,right,-0.17366312444210052,0.14669068157672882,0.24904808402061462,-0.9419598579406738,-0.32308638095855713,-0.09125275909900665,-0.877280592918396,1.6498546600341797,-1.408747673034668,-0.1975613347296315,-0.6728728884039867,-0.0401957260449591,-0.7117556071386022,-1.4742222629602781,0.32898898364385537,2.8992172210572114
2130,940852.0780065814,940852.0964294167,right,-0.16990365087985992,0.16164474189281464,0.26854416728019714,-0.9286674857139587,-0.3479572534561157,-0.1284625381231308,-0.8267428278923035,1.6945109367370605,-1.4334585666656494,-0.21276036280326122,-0.6584497329686497,-0.04703916504144866,-0.7203918444396713,-1.4333387015797954,0.35539133220416136,2.8776390676729124
2131,940852.0980065814,940852.1384226667,right,-0.143840953707695,0.18639832735061646,0.2762393355369568,-0.9137201905250549,-0.3712867200374603,-0.1651114523410797,-0.7176637649536133,1.6670646667480469,-1.3371602296829224,-0.2270134583908626,-0.6438229674470086,-0.054187242625460576,-0.7287117049120622,-1.392023088002868,0.38039440742282116,2.8565692641442455
2132,940852.1180065814,940852.138779,right,-0.1120486930012703,0.19920462369918823,0.2666010856628418,-0.8981117010116577,-0.39192426204681396,-0.1994759440422058,-0.8235255479812622,1.4518535137176514,-1.281741738319397,-0.24004205953263005,-0.6297298859075474,-0.06084653414837387,-0.7362864682433659,-1.352238204830675,0.40272227435642594,2.8359353772644145
2133,940852.1380065815,940852.1565075833,right,-0.09776771068572998,0.21667571365833282,0.29999616742134094,-0.8818877339363098,-0.410412460565567,-0.23202459514141083,-0.6366380453109741,1.519779086112976,-1.1709529161453247,-0.2522407609326379,-0.6160314726961035,-0.067029284628975,-0.7432272957758479,-1.3135268366425834,0.4229063495078033,2.815223942335682
2134,940852.1580065815,940852.1764422917,right,-0.07484938204288483,0.2404879331588745,0.3073960840702057,-0.8643038868904114,-0.42801326513290405,-0.2641655206680298,-0.5829351544380188,1.5526114702224731,-1.1493990421295166,-0.2646030930961246,-0.602162103239425,-0.0729249160974154,-0.7497119154830731,-1.2741736300340782,0.44229336308133593,2.792740435180631
2135,940852.1780065815,940852.2014420001,right,-0.048622868955135345,0.2406059056520462,0.2858659029006958,-0.8455615043640137,-0.4445211887359619,-0.29567983746528625,-0.6671388745307922,1.4577609300613403,-1.1614532470703125,-0.2766354002240071,-0.5881776932927516,-0.07878500756642043,-0.755852330659552,-1.2344025078875607,0.460639683790702,2.769690218826354
2136,940852.1980065815,940852.2200328751,right,-0.0408511720597744,0.2331339418888092,0.27899131178855896,-0.8269904255867004,-0.4589182734489441,-0.324778288602829,-0.6640044450759888,1.3005913496017456,-1.0650665760040283,-0.2874651438664561,-0.5748931387245764,-0.08431327865224209,-0.7614151304201221,-1.1965787718554382,0.47677732904174763,2.7479037456121227
2137,940852.2180065815,940852.2366145834,right,-0.00951097346842289,0.24073630571365356,0.280285507440567,-0.8093459606170654,-0.4709055721759796,-0.35100871324539185,-0.5688597559928894,1.235094666481018,-0.9434607625007629,-0.2970405570239085,-0.5626234442997521,-0.0891655573364655,-0.7663362980069193,-1.1615846407005608,0.49031700541908413,2.727527602140647
2138,940852.2380065816,940852.261222,right,0.010462187230587006,0.24405361711978912,0.2807804346084595,-0.7918257117271423,-0.4815203845500946,-0.37569957971572876,-0.4862009882926941,1.2263352870941162,-0.8658936023712158,-0.30587760731860564,-0.5507784630127026,-0.09377257665892076,-0.7709012503638438,-1.127778435477561,0.502388631252752,2.7078904318425043
2139,940852.2580065816,940852.2768483334,right,0.03280699998140335,0.24664315581321716,0.2603033185005188,-0.7742331624031067,-0.49099498987197876,-0.3993581533432007,-0.4584479033946991,1.198354959487915,-0.812442421913147,-0.31396117347902636,-0.5391221672569186,-0.09832705291116714,-0.7753112430477564,-1.0945799128247826,0.5132315331298875,2.6891831531676993
2140,940852.2780065816,940852.3211907501,right,0.03275429084897041,0.24160513281822205,0.2485148161649704,-0.7567943930625916,-0.499390572309494,-0.42174798250198364,-0.4170123040676117,1.1581250429153442,-0.7449634671211243,-0.3210956988188818,-0.5277635735044727,-0.10291557408769808,-0.7795971017369885,-1.0623794357315988,0.5228952363604578,2.672045662001566
2141,940852.2980065816,940852.3222753333,right,0.0339980348944664,0.2242640256881714,0.24422794580459595,-0.7395198941230774,-0.5068811178207397,-0.44292423129081726,-0.37965288758277893,1.157529354095459,-0.7080230712890625,-0.3274762962871464,-0.5167077482067965,-0.10747552414887741,-0.7837228089403734,-1.0311604175230042,0.5315628005163272,2.6561266747782684
2142,940852.3180065816,940852.36206375,right,0.0596570260822773,0.2261616587638855,0.2244274914264679,-0.7215172648429871,-0.5139935612678528,-0.46392181515693665,-0.3633439540863037,1.1978782415390015,-0.7155966758728027,-0.3337103999421515,-0.505438399105139,-0.1121209899249558,-0.7877806501426166,-0.9993713097458669,0.5398339864414179,2.6400081834839986
2143,940852.3380065816,940852.3627,right,0.06313119828701019,0.22707605361938477,0.20358403027057648,-0.7029678225517273,-0.5206448435783386,-0.4845257103443146,-0.3246549665927887,1.1634219884872437,-0.6628537774085999,-0.3396453486005089,-0.4940468737187156,-0.11685386397609765,-0.7917726343722375,-0.96731667141536,0.5476060461235696,2.6240767449929567
2144,940852.3580065817,940852.3966130001,right,0.04124557971954346,0.21739554405212402,0.21054406464099884,-0.6857285499572754,-0.5261638760566711,-0.5029195547103882,-0.269882470369339,1.0212681293487549,-0.5542667508125305,-0.34464607055966284,-0.48357634784562903,-0.12121937621661298,-0.7954112060311251,-0.9379982098992073,0.5540831841574019,2.6100438540313475
2145,940852.3780065817,940852.4025925834,right,0.04034772515296936,0.21124255657196045,0.20306891202926636,-0.6707735657691956,-0.5306246280670166,-0.5181702971458435,-0.20593953132629395,0.8646127581596375,-0.46089088916778564,-0.3486128158207171,-0.4746338549971075,-0.12505023294974643,-0.7984700061979305,-0.9130521821172267,0.5593373053640287,2.598533084105836
2146,940852.3980065817,940852.4237002918,right,0.06662367284297943,0.19716030359268188,0.17513598501682281,-0.6573708057403564,-0.5346150994300842,-0.5310841798782349,-0.19024686515331268,0.7974804043769836,-0.46062883734703064,-0.35203034629521757,-0.46683335039829965,-0.1285477977204023,-0.8010098845105927,-0.8912620866533827,0.5640522599352885,2.588511241400834
2147,940852.4180065817,940852.4464055834,right,0.09377796202898026,0.18584798276424408,0.15523171424865723,-0.6431071758270264,-0.539196789264679,-0.5437647700309753,-0.18424446880817413,0.8372746706008911,-0.5507166385650635,-0.35594013664383023,-0.45893577404691294,-0.13227076815434038,-0.8032367027226187,-0.8689045123679798,0.5694830971020817,2.577317634777184
2148,940852.4380065817,940852.4582617917,right,0.07038789242506027,0.17468325793743134,0.15742267668247223,-0.6277907490730286,-0.5444449782371521,-0.556289792060852,-0.14080627262592316,0.8224396109580994,-0.553196132183075,-0.36018113857912004,-0.45083007050350526,-0.13640871936633892,-0.8052418315358304,-0.8457101338735294,0.5757272986680961,2.5653066687996566
2149,940852.4580065818,940852.5016171667,right,0.056449998170137405,0.16872887313365936,0.15995541214942932,-0.6131327748298645,-0.5496724247932434,-0.5673874616622925,-0.0928700789809227,0.7583706378936768,-0.5003116130828857,-0.36388627403232576,-0.44330347667741077,-0.1406708795249884,-0.8070195651453016,-0.8241288979213272,0.5819720363161128,2.5547100635475295
2150,940852.4780065818,940852.50383525,right,0.0605006143450737,0.1504514068365097,0.1401692032814026,-0.5993897914886475,-0.554797887802124,-0.5770018100738525,-0.030374642461538315,0.7224107980728149,-0.44585323333740234,-0.36685969217175946,-0.4364164927645214,-0.14505080283644903,-0.8086500033988862,-0.80442693685968,0.5881200392393625,2.546037906255509
2151,940852.4980065818,940852.5228495834,right,0.08405069261789322,0.1298428177833557,0.10801967233419418,-0.5863198637962341,-0.5597760677337646,-0.5855593085289001,0.009441142901778221,0.7243198156356812,-0.41426345705986023,-0.36930602271275276,-0.4299767884755824,-0.14946668945528913,-0.8101806426996782,-0.7860471245845858,0.5941155413673852,2.538683989338052
2152,940852.5180065818,940852.5481654167,right,0.10337747633457184,0.12565965950489044,0.09931156784296036,-0.572615921497345,-0.5649248957633972,-0.5941134095191956,0.021026406437158585,0.7779117822647095,-0.44066163897514343,-0.37162205616491184,-0.4232855111369194,-0.1541838516178909,-0.8117596206192452,-0.7669748097298034,0.6003422528394294,2.5314286848730663
2153,940852.5380065818,940852.5616419167,right,0.08618593215942383,0.11665420979261398,0.10008306056261063,-0.5588071942329407,-0.5702531933784485,-0.6021178364753723,0.09406980127096176,0.7215302586555481,-0.3564089834690094,-0.37354253901110546,-0.41664539648954363,-0.1592095691441459,-0.81334187832661,-0.7481084426026154,0.606814024482533,2.5250805027129046
2154,940852.5580065819,940852.577775,right,0.10694056004285812,0.09935759007930756,0.07136496901512146,-0.5474610328674316,-0.5751186609268188,-0.607885479927063,0.14728444814682007,0.5874557495117188,-0.2571226954460144,-0.3743957929340048,-0.41131670501626777,-0.16393843469782965,-0.8147210772891289,-0.7331459152697297,0.6127492188203294,2.52179124821816
2155,940852.5780065819,940852.6089725418,right,0.15704838931560516,0.09954904019832611,0.03465236723423004,-0.5374138951301575,-0.5798805356025696,-0.6123111248016357,0.12030341476202011,0.5472292900085449,-0.3266507685184479,-0.3751524281519788,-0.40682499148519835,-0.16833853503991925,-0.8157305035991254,-0.7203464695300145,0.6185820314001186,2.5190149208094943
2156,940852.5980065819,940852.6389905,right,0.16556553542613983,0.09984134882688522,0.03248833864927292,-0.5256955623626709,-0.5852682590484619,-0.6173372268676758,0.03613881394267082,0.5827415585517883,-0.5076391100883484,-0.37718555324592346,-0.40183171634926124,-0.17280815687085205,-0.8163331083682495,-0.7053951779533009,0.625210880435799,2.5127575502291988
2157,940852.6180065819,940852.6401493334,right,0.1340719610452652,0.11070559918880463,0.06220131367444992,-0.5116219520568848,-0.5912981629371643,-0.6233854293823242,-0.0215498935431242,0.5754864811897278,-0.6240712404251099,-0.38087981943578814,-0.3960473891516392,-0.1773520715274419,-0.8164699578199441,-0.6872451999470933,0.6326676489675328,2.5018024999003257
2158,940852.6380065819,940852.6715161251,right,0.12720924615859985,0.1317930817604065,0.06973208487033844,-0.49767830967903137,-0.597021222114563,-0.6291915774345398,-0.0669487863779068,0.4501701891422272,-0.6075323820114136,-0.38527998372246575,-0.39051083682195986,-0.18139870324467602,-0.8161833405058178,-0.669217017082281,0.6397828059649038,2.48885615592686
2159,940852.658006582,940852.6995875834,right,0.11064545065164566,0.14992891252040863,0.1100686565041542,-0.4859830439090729,-0.6018185615539551,-0.6337467432022095,-0.07441722601652145,0.30583810806274414,-0.5255671143531799,-0.38953025156676835,-0.38609120173537215,-0.1845540502430092,-0.815560967456333,-0.6541925595932113,0.6457762586299728,2.4765001922849854
2160,940852.678006582,940852.6999027084,right,0.09931258112192154,0.1563979834318161,0.15205466747283936,-0.4771910309791565,-0.6055640578269958,-0.6368522644042969,-0.044458452612161636,0.19196933507919312,-0.3953112065792084,-0.393131335041395,-0.3829754004486956,-0.18682536386536927,-0.8147844923158271,-0.6430505774304837,0.6504745000942502,2.466198879839706
2161,940852.698006582,940852.7240167501,right,0.13591575622558594,0.1683809608221054,0.13188119232654572,-0.47162145376205444,-0.6081845760345459,-0.6385019421577454,-0.01761963590979576,0.08766815066337585,-0.2245476394891739,-0.39557405730165895,-0.3811609395135122,-0.1883225253629798,-0.8141081575538124,-0.6361893405965938,0.6537715534586609,2.4593473237790366
2162,940852.718006582,940852.7415328751,right,0.1766396015882492,0.18359650671482086,0.13264836370944977,-0.4687405228614807,-0.6097082495689392,-0.6391699910163879,0.004853531718254089,0.05669586360454559,-0.11000171303749084,-0.3967889973191887,-0.38028387984902035,-0.18920669050465838,-0.8137220774922536,-0.6327649567531337,0.6556924475124156,2.4559828366880114
2163,940852.738006582,940852.75925975,right,0.18240293860435486,0.1817985475063324,0.15750263631343842,-0.46685874462127686,-0.6106870174407959,-0.6396125555038452,0.014550978317856789,0.08875105530023575,-0.06046845763921738,-0.3972279438557925,-0.3796254745929713,-0.18994265486867365,-0.8136437868190561,-0.6305181685138733,0.6569278848020016,2.4546442038102594
2164,940852.758006582,940852.7991538751,right,0.19596126675605774,0.18308863043785095,0.16818971931934357,-0.46446511149406433,-0.6116710305213928,-0.6404144763946533,0.03869931399822235,0.1491760015487671,-0.061811767518520355,-0.39746057649568783,-0.3786152364896103,-0.19090115464587046,-0.8137766467448803,-0.6274766348688282,0.6581711666378258,2.453623832371402
2165,940852.778006582,940852.8002717501,right,0.2295738309621811,0.18610674142837524,0.14978036284446716,-0.4615684449672699,-0.6130208373069763,-0.6412176489830017,0.06984642893075943,0.14959868788719177,-0.07109034061431885,-0.39759734385640433,-0.37742224776345173,-0.19220723348765423,-0.8139565479857391,-0.6239118503065626,0.6598784691027026,2.452805848122233
2166,940852.7980065821,940852.8190216668,right,0.23081296682357788,0.18922841548919678,0.15325196087360382,-0.4592941403388977,-0.6148994565010071,-0.6410518288612366,0.13031424582004547,0.08280535787343979,-0.03406090661883354,-0.39741453308172664,-0.3767297732227607,-0.19377501255344715,-0.8139948068579833,-0.6216940656848189,0.662258496790824,2.453221814097074
2167,940852.8180065821,940852.8440253751,right,0.21798288822174072,0.1817239373922348,0.16791003942489624,-0.4587252736091614,-0.6170488595962524,-0.6393917202949524,0.20080147683620453,0.003710573073476553,0.03282671794295311,-0.39672011494146847,-0.3770405925292311,-0.19530626355165273,-0.8138236563039779,-0.6223350946547326,0.6649869830469215,2.4556444238359028
2168,940852.8380065821,940852.8780329584,right,0.2206602543592453,0.16158704459667206,0.1288980096578598,-0.4605611264705658,-0.6191760301589966,-0.6360066533088684,0.25820788741111755,-0.12484733015298843,0.15551160275936127,-0.3952394044856848,-0.3785994453699641,-0.1966192672117435,-0.8135042053439028,-0.6267476251343954,0.6676929752601175,2.4609096980700422
2169,940852.8580065821,940852.878579625,right,0.21717509627342224,0.15012730658054352,0.11218298226594925,-0.46576857566833496,-0.6206598281860352,-0.6307463645935059,0.29172080755233765,-0.2522050738334656,0.2696805000305176,-0.39281249150768377,-0.3817283960565336,-0.1972568287339458,-0.8130630086951041,-0.6360618199513012,0.6695839521480783,2.46953596909062
2170,940852.8780065821,940852.9221364583,right,0.19930581748485565,0.1433572918176651,0.12361270934343338,-0.4726983606815338,-0.6217703819274902,-0.6244660019874573,0.28358587622642517,-0.2961755394935608,0.2617686688899994,-0.3900091755543787,-0.3856988913764935,-0.1974926511796542,-0.8124812776573874,-0.6479432474740267,0.6710011214427739,2.4796321386356017
2171,940852.8980065822,940852.9224460417,right,0.16191497445106506,0.1305713951587677,0.11205939203500748,-0.47992053627967834,-0.6228045225143433,-0.6178922057151794,0.2707318961620331,-0.34819599986076355,0.2583872675895691,-0.38745235619134244,-0.38992070755396324,-0.19752400029373726,-0.8116814414034543,-0.6603749501072497,0.6723222288532892,2.4892557995508544
2172,940852.9180065822,940852.9795487501,right,0.15543469786643982,0.11870283633470535,0.10182890295982361,-0.4885132610797882,-0.6232636570930481,-0.6106531023979187,0.2510468065738678,-0.41336962580680847,0.26363322138786316,-0.38517954459606457,-0.3948859958011165,-0.19682094102748884,-0.8105327429295599,-0.6747317055329598,0.6729092006164112,2.4984903280576582
2173,940852.9380065822,940852.9796078334,right,0.14889414608478546,0.10675288736820221,0.09152255952358246,-0.49704572558403015,-0.6236414313316345,-0.6033382415771484,0.23136171698570251,-0.478543221950531,0.26887911558151245,-0.3828945217504276,-0.39983882559828365,-0.19611165001296393,-0.8093584533865887,-0.6891010545507031,0.6733923872230466,2.507738796749147
2174,940852.9580065822,940852.9799632917,right,0.12688879668712616,0.10256987810134888,0.10775517672300339,-0.5065222978591919,-0.6236432790756226,-0.5954026579856873,0.23431825637817383,-0.519730806350708,0.308458149433136,-0.3805902099519725,-0.4053013616493542,-0.19501149166692547,-0.8079928888298115,-0.7049132434976876,0.6733947184733824,2.517262027782293
2175,940852.9780065822,940852.9996064167,right,0.1177680641412735,0.09660811722278595,0.10981614142656326,-0.5171201229095459,-0.623058557510376,-0.5868431329727173,0.2740029990673065,-0.5283368825912476,0.39603888988494873,-0.3777381137349928,-0.41119645760607193,-0.19363855222244042,-0.8066818324713361,-0.7223248829617004,0.6726469587911873,2.528314621850926
2176,940852.9980065823,940853.0241705001,right,0.126700758934021,0.09459181874990463,0.09363843500614166,-0.528441846370697,-0.621760904788971,-0.5780680179595947,0.27900174260139465,-0.4891982972621918,0.4557369649410248,-0.37418974879273464,-0.4172046794232004,-0.19210995767504338,-0.805615349682899,-0.7405788869989851,0.670989008936187,2.5410114662459535
2177,940853.0180065823,940853.0432761668,right,0.12113402038812637,0.0957171842455864,0.09308400005102158,-0.5394825339317322,-0.6198604702949524,-0.5698522329330444,0.25452980399131775,-0.42843517661094666,0.468698650598526,-0.3702088503949169,-0.42278490415299935,-0.19059589349966097,-0.8049046779200347,-0.7580284673968073,0.6685648919920176,2.5543195008818915
2178,940853.0380065823,940853.0596055834,right,0.08986420929431915,0.10339133441448212,0.10747205466032028,-0.5499221086502075,-0.6173977255821228,-0.562499463558197,0.2166331261396408,-0.38691389560699463,0.4710767865180969,-0.3661536170838211,-0.4278154890463829,-0.18900842076203084,-0.804475727133933,-0.7740923837475161,0.6654303827406673,2.56720793185092
2179,940853.0580065823,940853.1018486251,right,0.062149811536073685,0.11143796890974045,0.10457845777273178,-0.560248613357544,-0.6142833828926086,-0.5556774139404297,0.1836085319519043,-0.422427237033844,0.501630961894989,-0.36218691083972004,-0.4326154206674616,-0.18709670019973,-0.8041513585129739,-0.789494433058521,0.66147752662855,2.5793878795399117
2180,940853.0780065823,940853.1022934167,right,0.03509199246764183,0.10801240801811218,0.10204161703586578,-0.5723918676376343,-0.6100884079933167,-0.5478683114051819,0.19750170409679413,-0.5686508417129517,0.6113035678863525,-0.35786088976772723,-0.4382383852483206,-0.18442599528658077,-0.8036602670937405,-0.8072855766655689,0.6561722136601054,2.592466652074744
2181,940853.0980065824,940853.11928975,right,0.014889566227793694,0.09567220509052277,0.10895010828971863,-0.587812066078186,-0.604599118232727,-0.537528395652771,0.24913468956947327,-0.7460855841636658,0.7417888641357422,-0.3526925225499417,-0.44557927805688624,-0.18081728545854905,-0.8027279684322807,-0.8300515192625882,0.6492625177888949,2.6080633254745607
2182,940853.1180065824,940853.1621572501,right,0.02920486591756344,0.06839630752801895,0.0897730365395546,-0.605919361114502,-0.5980866551399231,-0.5245512127876282,0.3022296130657196,-0.828285276889801,0.8255084753036499,-0.346432386000564,-0.4544204905415288,-0.176709958965571,-0.8014113395295103,-0.8572514851092611,0.6411115969525333,2.6266849743873135
2183,940853.1380065824,940853.1626487917,right,0.08727994561195374,0.059606656432151794,0.044188931584358215,-0.6237152814865112,-0.5912728905677795,-0.5112490057945251,0.3067275881767273,-0.7059138417243958,0.7538542151451111,-0.33985764235448,-0.46317196263956856,-0.17276353858588658,-0.8000757493952189,-0.884168097661165,0.6326362833399213,2.6456260067877375
2184,940853.1580065824,940853.1962414167,right,0.07805757969617844,0.06535089761018753,0.06239341199398041,-0.6374995112419128,-0.5857887864112854,-0.5004457235336304,0.264634907245636,-0.48390525579452515,0.5524446964263916,-0.33430331054420803,-0.4700059469735631,-0.16991632092949724,-0.799039595067646,-0.9052605714659155,0.6258530161669539,2.661224811910743
2185,940853.1780065824,940853.2003547917,right,0.003879340598359704,0.07220786809921265,0.10109729319810867,-0.6477015018463135,-0.5819249153137207,-0.4917786717414856,0.2732680141925812,-0.4330175817012787,0.48798927664756775,-0.32978894343193993,-0.4752111399456755,-0.16818152864680286,-0.7982034028929172,-0.9213903465195671,0.6210936320277346,2.673898169763867
2186,940853.1980065824,940853.2220991667,right,-0.039101965725421906,0.06889770925045013,0.10529613494873047,-0.6592836380004883,-0.5776903033256531,-0.4812681972980499,0.3871070146560669,-0.6160025000572205,0.6711388826370239,-0.32449722766226013,-0.4813174907222554,-0.1664312640511112,-0.7970795196392021,-0.9402273342058483,0.6158962047579374,2.688809416923444
2187,940853.2180065825,940853.2641430834,right,-0.02413611114025116,0.05958686023950577,0.08804930001497269,-0.6748626232147217,-0.5717816948890686,-0.4665043354034424,0.49774277210235596,-0.8024290800094604,0.8243803977966309,-0.31746991977352124,-0.4897536965286295,-0.16397911112898036,-0.7952767827170012,-0.9659614511052034,0.6086759378646822,2.708464832480508
2188,940853.2380065825,940853.2642145834,right,-0.004400675185024738,0.046811435371637344,0.06473089754581451,-0.6913634538650513,-0.565593421459198,-0.4495782256126404,0.48051369190216064,-0.8059972524642944,0.7226696014404297,-0.3100503157909906,-0.4991316366430761,-0.16148835244311896,-0.7928795288738589,-0.9942259254134271,0.6011526979504382,2.729303680353917
2189,940853.2580065825,940853.2991657917,right,0.002622283762320876,0.03873278200626373,0.04827515035867691,-0.7047255635261536,-0.5611209869384766,-0.43417179584503174,0.3950219750404358,-0.6794909238815308,0.49219319224357605,-0.3042012236809336,-0.5073495564661682,-0.15972013236462945,-0.7902832371461801,-1.0186325168760484,0.5957394774193092,2.7462999908896903
2190,940853.2780065825,940853.3023363334,right,-0.0011637242278084159,0.03830719366669655,0.0456206351518631,-0.7150296568870544,-0.558282732963562,-0.4207766652107239,0.36352357268333435,-0.6248241662979126,0.39676713943481445,-0.29991958363670607,-0.5142630946668606,-0.1585721673860091,-0.7876780180021061,-1.038894622061522,0.5923145292751172,2.7594501856972045
2191,940853.2980065825,940853.3242575417,right,-0.031515076756477356,0.03962711989879608,0.07295746356248856,-0.7247775793075562,-0.5555946230888367,-0.4074457287788391,0.3789597451686859,-0.6674194931983948,0.42406076192855835,-0.29590028600642854,-0.5210316266969514,-0.15749022826486134,-0.7849623271225199,-1.0586601774103832,0.5890779370178901,2.77190217319687
2192,940853.3180065826,940853.3469196667,right,-0.08171570301055908,0.04223113879561424,0.09237410128116608,-0.7360262274742126,-0.5516742467880249,-0.3923274874687195,0.4298209547996521,-0.7946627736091614,0.5720239877700806,-0.2910650463142446,-0.5286891141767002,-0.1559617469220052,-0.7819494070503059,-1.0810715553990171,0.5843702396672935,2.78611357502827
2193,940853.3380065826,940853.3608435417,right,-0.07280832529067993,0.04381531849503517,0.07795300334692001,-0.7497339844703674,-0.5454664826393127,-0.37465333938598633,0.47604501247406006,-0.8723532557487488,0.7133710980415344,-0.28473566120489036,-0.5376433464827408,-0.1536650901778292,-0.778622003103075,-1.1073767331718032,0.5769456182029411,2.8032848552896805
2194,940853.3580065826,940853.4020160417,right,-0.034449364989995956,0.044145166873931885,0.05970241129398346,-0.7633625864982605,-0.5383756756782532,-0.35697221755981445,0.44314488768577576,-0.7729329466819763,0.6488516926765442,-0.27806977434308955,-0.5464939146825942,-0.15118955753318133,-0.7753472498396062,-1.1333773493731327,0.5685084296040772,2.8205097285076963
2195,940853.3780065826,940853.4026408334,right,-0.04052489623427391,0.04521455243229866,0.07127741724252701,-0.7744424939155579,-0.5323055982589722,-0.34189102053642273,0.3708231747150421,-0.6260573267936707,0.5175422430038452,-0.2724253948765493,-0.5538879193955034,-0.1492067562576014,-0.7724829424009754,-1.1550608275789123,0.561321780094658,2.8348751809239223
2196,940853.3980065826,940853.4232970417,right,-0.06406501680612564,0.050530776381492615,0.08360210061073303,-0.7839058041572571,-0.5266976356506348,-0.32875704765319824,0.3616268038749695,-0.5903608798980713,0.5428145527839661,-0.2673477537565092,-0.5602384780559515,-0.14749345796437058,-0.7700023744995315,-1.173692631197805,0.5547109601081268,2.847441370855937
2197,940853.4180065827,940853.4625704584,right,-0.04656118154525757,0.05158030614256859,0.07148924469947815,-0.7942312359809875,-0.5195484757423401,-0.3150651752948761,0.36834463477134705,-0.660099446773529,0.6622233390808105,-0.2615548801083366,-0.5668895953741794,-0.1452707655589223,-0.7675425927322184,-1.1931449292844318,0.5463224271305445,2.8607712065651523
2198,940853.4380065827,940853.4626800417,right,-0.04804306477308273,0.0510149784386158,0.07506488263607025,-0.8059185743331909,-0.5103946924209595,-0.29998746514320374,0.39096567034721375,-0.733876645565033,0.7662036418914795,-0.254857868880061,-0.574243236577434,-0.1423059234657885,-0.7648798531529769,-1.2144559446568193,0.5356436930129628,2.8751361471543886
2199,940853.4580065827,940853.5054290834,right,-0.06746812909841537,0.04206906259059906,0.08231141418218613,-0.818656861782074,-0.4995236098766327,-0.2833320200443268,0.40920114517211914,-0.8050703406333923,0.8462132811546326,-0.2474573032035896,-0.5823222825537143,-0.1386893709888746,-0.7618601423878553,-1.2376056858086206,0.5230487764107185,2.8901558512805323
2200,940853.4780065827,940853.5060169167,right,-0.047115907073020935,0.03725195303559303,0.06943417340517044,-0.8314012289047241,-0.4878614544868469,-0.26601341366767883,0.3772459030151367,-0.8019328713417053,0.8166278004646301,-0.23994472462729022,-0.5906244340425698,-0.13474444563099966,-0.7585731576906134,-1.2611315417758926,0.509638220162452,2.9046945491143434
2201,940853.4980065827,940853.5396674167,right,-0.021413767710328102,0.03140082210302353,0.04230032488703728,-0.8429464101791382,-0.47664520144462585,-0.249501034617424,0.31776151061058044,-0.7605472207069397,0.7245349884033203,-0.2329781020134351,-0.5984162604032187,-0.13094831783604546,-0.7552958392468102,-1.2830254057203074,0.4968345622581096,2.9176664836865
2202,940853.5180065827,940853.5410675417,right,-0.04951290041208267,0.027281366288661957,0.06395067274570465,-0.8530188798904419,-0.46652576327323914,-0.23390690982341766,0.301469087600708,-0.7436254620552063,0.644965648651123,-0.22688792642613523,-0.6056397094833791,-0.12746406623554754,-0.7519809281322101,-1.3031640732704846,0.4853588209724363,2.928757564347649
2203,940853.5380065828,940853.5711137917,right,-0.09008835256099701,0.029757404699921608,0.09006588906049728,-0.862368643283844,-0.45702213048934937,-0.21783290803432465,0.32385125756263733,-0.8044835329055786,0.649529218673706,-0.22127380932451743,-0.612923400815187,-0.1241307677231328,-0.7483010165983688,-1.323373634091454,0.4746443606764552,2.938969551594799
2204,940853.5580065828,940853.6013512918,right,-0.07946524769067764,0.03603949397802353,0.0804135799407959,-0.871982216835022,-0.44678065180778503,-0.2000848650932312,0.3687576949596405,-0.8731184601783752,0.7008581757545471,-0.21520374946007206,-0.6208037867130699,-0.12066575078140494,-0.744130195658377,-1.3452410595608169,0.4631636338829041,2.9498869009058106
2205,940853.5780065828,940853.6014284584,right,-0.06380633264780045,0.028452306985855103,0.06220955401659012,-0.8816679120063782,-0.4357060194015503,-0.18116798996925354,0.4048630893230438,-0.8807036876678467,0.7078036665916443,-0.20847945104530757,-0.6290250255640675,-0.11723275669573073,-0.7396757759992735,-1.3681340036208374,0.45082254440521297,2.9618329582728116
2206,940853.5980065828,940853.62462,right,-0.07780899852514267,0.015226632356643677,0.06663545221090317,-0.8905662894248962,-0.4249788820743561,-0.16212494671344757,0.4307415783405304,-0.8551073670387268,0.6494033336639404,-0.2017372325107552,-0.6370957669969644,-0.11422131300258621,-0.7350948854243761,-1.3907213094108,0.4389385534250452,2.973937297194381
2207,940853.6180065828,940853.6417885,right,-0.09532957524061203,0.008342647925019264,0.07153736799955368,-0.8984207510948181,-0.4150899350643158,-0.1433190107345581,0.4539879262447357,-0.822909951210022,0.6042435765266418,-0.1952382992152362,-0.6448622803235756,-0.11177269243343792,-0.7304392112687239,-1.4126059401258766,0.4280416644740895,2.985912355624206
2208,940853.6380065829,940853.66153875,right,-0.08107706904411316,0.014653123915195465,0.05412125214934349,-0.905320405960083,-0.40586337447166443,-0.12517844140529633,0.4619847536087036,-0.7628661394119263,0.5513380169868469,-0.18892898108668224,-0.6521892075169782,-0.10981810393765276,-0.7258753125054834,-1.4333977632408026,0.41792332470977633,2.9977238564447273
2209,940853.6580065829,940853.7016420417,right,-0.08794713020324707,0.015044446103274822,0.05417953059077263,-0.9113561511039734,-0.39717844128608704,-0.10807057470083237,0.48228004574775696,-0.7127107977867126,0.5299295783042908,-0.18276536349862163,-0.6589634814372224,-0.10831362624439576,-0.7215484514432762,-1.4527653578715287,0.4084403529912298,3.0093636978965113
2210,940853.6780065829,940853.7023731667,right,-0.10550296306610107,0.0008331086137332022,0.06172880902886391,-0.9169411659240723,-0.38845059275627136,-0.09124194085597992,0.49185675382614136,-0.7130471467971802,0.5312986969947815,-0.17650926031478478,-0.6655284803187556,-0.10700873954281753,-0.7172625044964734,-1.4716159498747805,0.3989495429454012,3.0210886669914743
2211,940853.6980065829,940853.7336175834,right,-0.10226667672395706,-0.005425134673714638,0.050813060253858566,-0.9222133159637451,-0.3794820010662079,-0.07426992803812027,0.47812414169311523,-0.7255895137786865,0.5353096127510071,-0.17023343196225474,-0.6720848598208345,-0.10567392061456178,-0.7128503261911491,-1.490435331710633,0.38923635490883873,3.0325805940494526
2212,940853.7180065829,940853.7442653334,right,-0.08621839433908463,0.0013825427740812302,0.030181486159563065,-0.9272937774658203,-0.36993607878685,-0.05721486732363701,0.4623239040374756,-0.7337002158164978,0.556256890296936,-0.16387735640044895,-0.6786391601752837,-0.10412231898301749,-0.7083443235123653,-1.5091735435505267,0.3789402298494609,3.043659409039716
2213,940853.738006583,940853.7672396668,right,-0.10110457241535187,-0.008898734115064144,0.044292572885751724,-0.9321731328964233,-0.35978248715400696,-0.04012015089392662,0.46142327785491943,-0.7408573627471924,0.5824869275093079,-0.1574269084425513,-0.6851754751110908,-0.10234496852224285,-0.7037590114362565,-1.527783494598824,0.3680347744453916,3.054311945847804
2214,940853.758006583,940853.8064435001,right,-0.11606322228908539,-0.02976277656853199,0.057336729019880295,-0.9369230270385742,-0.3487933874130249,-0.022764991968870163,0.46879351139068604,-0.7629166841506958,0.6298806667327881,-0.1507845140899191,-0.6917839545848354,-0.10026198346158614,-0.6990325226472168,-1.5465034980822372,0.3562833308531645,3.0645988375522735
2215,940853.778006583,940853.8072456251,right,-0.09146467596292496,-0.029151875525712967,0.03178563341498375,-0.9415463209152222,-0.3368435800075531,-0.00517260329797864,0.43870848417282104,-0.7572872042655945,0.6452272534370422,-0.143906922926656,-0.6984580138435433,-0.09782689917858732,-0.6941736246882146,-1.5653026519663509,0.34356256499445836,3.074486789190502
2216,940853.798006583,940853.8216809167,right,-0.07801647484302521,-0.0316910520195961,0.021042007952928543,-0.9456179141998291,-0.3250882029533386,0.01114320382475853,0.3817892074584961,-0.6807745695114136,0.5900585055351257,-0.1373629718880656,-0.7046129179298095,-0.09535323183899552,-0.6896083850219669,-1.5825798279049206,0.3311050192092991,3.0833170643149352
2217,940853.818006583,940853.85223325,right,-0.09975391626358032,-0.04494929686188698,0.03725792467594147,-0.9490492939949036,-0.3140631914138794,0.025876527652144432,0.34436938166618347,-0.6361590027809143,0.5698400735855103,-0.13143363405534478,-0.7101424657757877,-0.09292977791805,-0.6854100189986125,-1.5980553115898068,0.31946977876322047,3.0908177375038846
2218,940853.838006583,940853.8991813334,right,-0.0800195038318634,-0.034525372087955475,0.025610266253352165,-0.952349066734314,-0.3024292588233948,0.03959278762340546,0.2992565631866455,-0.6179339289665222,0.588374674320221,-0.12578847566851165,-0.7153478002893048,-0.08985498967163223,-0.6814549103472963,-1.6123462188632136,0.30724024065259037,3.096587445362454
2219,940853.8580065831,940853.8992210417,right,-0.06059733405709267,-0.024220231920480728,0.013992351479828358,-0.9553366899490356,-0.2906765341758728,0.05327938497066498,0.25414374470710754,-0.5997089147567749,0.6069092154502869,-0.12013273354713135,-0.7204930280907136,-0.08677264232781157,-0.6774424806880093,-1.6265088877825893,0.294933834380915,3.1021520016120503
2220,940853.8780065831,940853.9024322501,right,-0.08266432583332062,-0.03651098906993866,0.03342938795685768,-0.9581402540206909,-0.27846911549568176,0.06649808585643768,0.24435943365097046,-0.6315089464187622,0.6473487615585327,-0.11462784323158813,-0.725477213698034,-0.08325778644200182,-0.673506743033964,-1.640088509875765,0.2821998310729466,3.1065996504928886
2221,940853.8980065831,940853.9222661251,right,-0.1081690564751625,-0.06371384859085083,0.04808276146650314,-0.9608662724494934,-0.26491501927375793,0.08096890151500702,0.2594444453716278,-0.716277003288269,0.7160511016845703,-0.10867097219872311,-0.730891891951385,-0.0792558736638382,-0.6691084984782742,-1.6548642800077922,0.26811579483792713,3.1109218115019113
2222,940853.9180065831,940853.9467482917,right,-0.0712834820151329,-0.05886087939143181,0.030405951663851738,-0.9631998538970947,-0.25106140971183777,0.0959915965795517,0.21150223910808563,-0.6832212209701538,0.6522422432899475,-0.10277838746823226,-0.7364570424971983,-0.07501216692466332,-0.6644101829113109,-1.6701274126647523,0.2537766503568599,3.1146386567498796
2223,940853.9380065831,940853.9631660418,right,-0.030179135501384735,-0.03262002021074295,0.004235022701323032,-0.9647461175918579,-0.23967179656028748,0.10873101651668549,0.13762474060058594,-0.553399920463562,0.5044366717338562,-0.0981807225266296,-0.7411367731943105,-0.07128670563689503,-0.660299247149113,-1.6830270137559569,0.24202778803594668,3.116878992822027
2224,940853.9580065832,940854.0017147084,right,-0.06773865967988968,-0.03664318099617958,0.01689414121210575,-0.9657840728759766,-0.23000098764896393,0.11983601748943329,0.13876959681510925,-0.5699635744094849,0.49990105628967285,-0.09438530333676595,-0.7451784075724308,-0.06802318324417941,-0.6566379906545671,-1.6942469337297217,0.23207870301675626,3.1183935344067364
2225,940853.9780065832,940854.0027885417,right,-0.11604884266853333,-0.0519283153116703,0.03713390231132507,-0.9666349291801453,-0.21880680322647095,0.1331925243139267,0.21995379030704498,-0.7386916875839233,0.6231648921966553,-0.08983817705896026,-0.7499622392220635,-0.06444303939678907,-0.6521754003911515,-1.7077239960039787,0.2205914822696976,3.120560688779803
2226,940853.9980065832,940854.0233351667,right,-0.09593997895717621,-0.0509958490729332,0.01580345630645752,-0.967126190662384,-0.20539289712905884,0.14993545413017273,0.26806002855300903,-0.8518834114074707,0.666649341583252,-0.08419110826463287,-0.7558553100540375,-0.0604191872001924,-0.6464859971738613,-1.724603817426685,0.2068651592933031,3.123689599621445
2227,940854.0180065832,940854.0482317084,right,-0.04999347776174545,-0.03717828914523125,-0.013450318947434425,-0.9669356346130371,-0.19289197027683258,0.16681823134422302,0.24895761907100677,-0.7575783133506775,0.5166012048721313,-0.07875237525242466,-0.7616887209569078,-0.05691582301482639,-0.6406161292527802,-1.7416371872070109,0.19410862876003354,3.127124648766561
2228,940854.0380065832,940854.0634723334,right,-0.05796802043914795,-0.044424835592508316,-0.0026518870145082474,-0.9661606550216675,-0.1839946061372757,0.1807747334241867,0.2320806384086609,-0.6024602651596069,0.33152902126312256,-0.07460377286689636,-0.7664115291900963,-0.054779027917854925,-0.6356468350963963,-1.7557639182561044,0.1850489161284266,3.130526759168434
2229,940854.0580065832,940854.1048637917,right,-0.08627359569072723,-0.05333506315946579,0.019415907561779022,-0.965094268321991,-0.17764033377170563,0.19244977831840515,0.25966790318489075,-0.5294432044029236,0.2592574954032898,-0.07126867198763252,-0.7702847237424256,-0.053724625917590085,-0.6314236948999764,-1.7676248437881203,0.17858813627873826,3.1342407202541165
2230,940854.0780065833,940854.105387125,right,-0.08459917455911636,-0.046736981719732285,0.019184155389666557,-0.9639161825180054,-0.171656996011734,0.2034684270620346,0.2964313328266144,-0.5033896565437317,0.2582746744155884,-0.0678185714756458,-0.7738926990244144,-0.053144233209196,-0.6274284247759522,-1.7788276476479712,0.17251138901881874,3.1387030275060526
2231,940854.0980065833,940854.1230401667,right,-0.07425032556056976,-0.03966439887881279,0.015192979015409946,-0.962761402130127,-0.16561967134475708,0.21368397772312164,0.31660956144332886,-0.44636714458465576,0.23964077234268188,-0.06414959131745107,-0.777207112342178,-0.05283080564843634,-0.6237330982568835,-1.7892049302027666,0.16638633746375608,-3.13946678459418
2232,940854.1180065833,940854.1674455,right,-0.08317334949970245,-0.04744477570056915,0.010457276366651058,-0.9616824388504028,-0.15932081639766693,0.22312307357788086,0.3305257260799408,-0.4318471848964691,0.2646813690662384,-0.060244838003667305,-0.780250304244482,-0.05264031196645401,-0.6203298323611702,-1.7987759766333185,0.16000264533261752,-3.1340949175089805
2233,940854.1380065833,940854.1705043333,right,-0.08084484189748764,-0.04511028528213501,0.006912189535796642,-0.9605982899665833,-0.15240760147571564,0.23242834210395813,0.32839101552963257,-0.4233122169971466,0.28659528493881226,-0.056115688661756966,-0.7832506318563869,-0.05227448832014042,-0.6169578059053176,-1.8081956748061359,0.15300388099120665,-3.1287967980938176
2234,940854.1580065833,940854.1995230417,right,-0.05892619118094444,-0.03437555581331253,-0.0046822489239275455,-0.9595070481300354,-0.1456165313720703,0.2411268651485443,0.27981674671173096,-0.3785446882247925,0.2581886053085327,-0.05222236462912698,-0.7860572708619379,-0.051743611989300296,-0.6137666187437862,-1.8170008305467977,0.14613612880976581,-3.1241638144694295
2235,940854.1780065834,940854.2025884584,right,-0.06031664088368416,-0.02979070320725441,-0.006510662380605936,-0.95846027135849,-0.13972753286361694,0.2486564666032791,0.21847081184387207,-0.33880046010017395,0.23574449121952057,-0.04895099416568679,-0.7884854200485483,-0.05117598427110068,-0.6109628151047878,-1.8246334523517211,0.14018624724593892,-3.120495580967571
2236,940854.1980065834,940854.261074875,right,-0.058308620005846024,-0.024814873933792114,-0.004996770992875099,-0.9574810862541199,-0.13402476906776428,0.2554752230644226,0.1443301886320114,-0.3278164863586426,0.2516636848449707,-0.04640145316562371,-0.7907297430581819,-0.049840671977265286,-0.6083661921646628,-1.8315419876287977,0.13442929616483523,-3.119024296482601
2237,940854.2180065834,940854.2611563334,right,-0.05637602135539055,-0.019853319972753525,-0.003459602827206254,-0.9564263820648193,-0.12830772995948792,0.262270450592041,0.07018956542015076,-0.3168325126171112,0.26758289337158203,-0.04385098247959889,-0.7929581054967706,-0.048504371048483826,-0.6057573066325989,-1.838436468771425,0.1286624246615306,-3.117594248332705
2238,940854.2380065834,940854.2642343334,right,-0.04796304926276207,-0.00891697034239769,-0.005758056882768869,-0.9554697275161743,-0.12267552316188812,0.2683812975883484,0.007261904887855053,-0.3041323721408844,0.3067488670349121,-0.041902823918677654,-0.7950052262646081,-0.0464472368856307,-0.6033685657231826,-1.8446295567961097,0.12298533260132029,-3.118127386840383
2239,940854.2580065834,940854.3015757084,right,-0.06313277035951614,-0.01617380604147911,0.002541288500651717,-0.954542875289917,-0.11568307876586914,0.2747097611427307,-0.005136542487889528,-0.3650544285774231,0.43821680545806885,-0.039834570555979776,-0.7971637748800874,-0.04341434033141476,-0.6008813596263838,-1.8510157977730324,0.11594267828431111,-3.1201017511344884
2240,940854.2780065835,940854.303957875,right,-0.06696180999279022,-0.02419181726872921,0.008034924976527691,-0.9533909559249878,-0.10590041428804398,0.28254398703575134,-0.001286337268538773,-0.4447612166404724,0.5741388201713562,-0.036934847671825144,-0.7998366605872695,-0.039157567043643426,-0.5977992525406614,-1.8589074937359096,0.10609936849214857,-3.123007015870321
2241,940854.2980065835,940854.3236660834,right,-0.040494661778211594,-0.021610302850604057,-0.0012501333840191364,-0.9520358443260193,-0.0945243313908577,0.29102054238319397,-0.029543429613113403,-0.4280388653278351,0.602025032043457,-0.03360005340412514,-0.8027110932572703,-0.03413461205000831,-0.5944415762744684,-1.867458086906452,0.09466566549877141,-3.1266713676561304
2242,940854.3180065835,940854.3440693334,right,-0.018816497176885605,-0.016994228586554527,-0.00978801492601633,-0.9508185386657715,-0.08401845395565033,0.29813599586486816,-0.08654845505952835,-0.3243064880371094,0.5289358496665955,-0.03080824479835816,-0.8051224925723256,-0.029082166227803845,-0.5915935243133708,-1.874644042383075,0.08411762859973228,-3.131178147238986
2243,940854.3380065835,940854.3642784167,right,-0.03067411482334137,-0.018451040610671043,-0.003058109898120165,-0.9498816728591919,-0.07521756738424301,0.30342555046081543,-0.1166733130812645,-0.2601989805698395,0.4804406762123108,-0.02881715288391414,-0.8069198547660937,-0.02435412680819813,-0.5894546648459116,-1.8799867516820978,0.07528868033677687,-3.136246637229624
2244,940854.3580065835,940854.4045126667,right,-0.044732555747032166,-0.020815862342715263,0.004795541986823082,-0.9489148855209351,-0.06675196439027786,0.3083904981613159,-0.11308874934911728,-0.28789594769477844,0.499062180519104,-0.02699108060132583,-0.8085843004794663,-0.019664275920363298,-0.5874318954939677,-1.8850217139874386,0.06680164600279623,-3.141502846985021
2245,940854.3780065835,940854.4051228334,right,-0.033814143389463425,-0.016414208337664604,-0.0026872840244323015,-0.9476380944252014,-0.057596929371356964,0.3141094148159027,-0.09363081306219101,-0.32763198018074036,0.5289859771728516,-0.024846273196188012,-0.8104539198588562,-0.014804112319397135,-0.5850880274432608,-1.8908649794428034,0.05762882981018294,3.136505775387881
2246,940854.3980065836,940854.4525476667,right,-0.014758294448256493,-0.013802889734506607,-0.009529223665595055,-0.9460988640785217,-0.04839734733104706,0.3202417194843292,-0.09107041358947754,-0.3199262320995331,0.49932754039764404,-0.02263049111577609,-0.8124169421810432,-0.009978988284849772,-0.5825522018419611,-1.89717756925312,0.04841626547122314,3.1314278822532153
2247,940854.4180065836,940854.4527492084,right,-0.015778394415974617,-0.012977958656847477,-0.004791818559169769,-0.9445794224739075,-0.04032805562019348,0.32579687237739563,-0.1076904684305191,-0.2735094130039215,0.42596808075904846,-0.0208046274048735,-0.8141667738589906,-0.005559147972805707,-0.5802317172813669,-1.9029313200155509,0.040338999982381364,3.1264889341653204
2248,940854.4380065836,940854.4735462083,right,-0.0220758318901062,-0.010041479021310806,0.006156504154205322,-0.9432368278503418,-0.033828411251306534,0.33039411902427673,-0.13033868372440338,-0.22517593204975128,0.3489798903465271,-0.019548932011229342,-0.8155944110543207,-0.0016777159621235939,-0.5782913989172591,-1.9077178338787777,0.03383487211835408,3.1217066815210672
2249,940854.4580065836,940854.497844125,right,-0.023854386061429977,-0.002225499600172043,0.01597781293094158,-0.9421031475067139,-0.028700562193989754,0.3340928256511688,-0.1378844827413559,-0.1848318725824356,0.3022499084472656,-0.01881760320574856,-0.816727191901166,0.0017661504453877171,-0.5767144408515846,-1.9115849882527123,0.02870450919476354,3.116990348428632
2250,940854.4780065836,940854.5038455001,right,-0.027932370081543922,0.0020067316945642233,0.018382631242275238,-0.9409873485565186,-0.02384132146835327,0.3376011848449707,-0.11966651678085327,-0.20771095156669617,0.32464537024497986,-0.01815287197383099,-0.8177864965530965,0.005084223046612211,-0.5752129557748549,-1.9152655849595615,0.023843584395829627,3.112381049396905
2251,940854.4980065837,940854.5240192501,right,-0.03571084886789322,0.002505366923287511,0.023020057007670403,-0.9395044445991516,-0.01759391464293003,0.3420848846435547,-0.06806936115026474,-0.28266918659210205,0.411369651556015,-0.016823841880325537,-0.8191256784315908,0.008693299094568988,-0.5733015196964965,-1.9199873893350765,0.01759482643814529,3.1080491036035083
2252,940854.5180065837,940854.5594307084,right,-0.03260674327611923,-0.00014131839270703495,0.025794483721256256,-0.9374321103096008,-0.009310134686529636,0.3480437695980072,-0.014421445317566395,-0.3454851508140564,0.48208558559417725,-0.014509152813750098,-0.8208899463826854,0.012711719423704453,-0.5707605977227446,-1.926295998397326,0.009310272701611184,3.1041499371786885
2253,940854.5380065837,940854.5637270834,right,-0.02514605224132538,-0.00722157396376133,0.022618688642978668,-0.9350317716598511,-0.0001267902844119817,0.3545638918876648,0.024352630600333214,-0.3476713299751282,0.4842745065689087,-0.011635168285010747,-0.8228010631130671,0.016744085655440485,-0.5679636514509372,-1.933243942116628,0.00012679361100982893,3.1008105445403413
2254,940854.5580065837,940854.6097505001,right,-0.01762155070900917,-0.013091418892145157,0.014196202158927917,-0.9325549006462097,0.00887719914317131,0.36091941595077515,0.05358193814754486,-0.32610419392585754,0.4528535306453705,-0.00862269289697162,-0.824646705601379,0.020433479008737866,-0.5652132736269071,-1.9400651071758488,-0.00887731314057999,3.0981291449495205
2255,940854.5780065837,940854.6099893751,right,-0.0017671928508207202,-0.013386954553425312,0.005930277053266764,-0.9302480220794678,0.017083702608942986,0.3665337562561035,0.05972953513264656,-0.2724478840827942,0.37417125701904297,-0.005711178740200396,-0.826263657149131,0.023563778743593874,-0.5627615833225962,-1.946134535739328,-0.017084531101381552,3.0962026046119857
2256,940854.5980065838,940854.6487885001,right,0.008484509773552418,-0.006824238691478968,0.004684769548475742,-0.9284541606903076,0.02335670217871666,0.37071171402931213,0.050819315016269684,-0.18658848106861115,0.257882297039032,-0.003404177819400757,-0.8274588002999614,0.025841720608641323,-0.5609211299012872,-1.9506804968804543,-0.023358824628766352,3.094978189641541
2257,940854.6180065838,940854.6498944167,right,-0.004180556163191795,-0.008394730277359486,0.008091968484222889,-0.927100658416748,0.02765830233693123,0.3737907111644745,0.04527212679386139,-0.16588230431079865,0.18832065165042877,-0.0017790182654124048,-0.8283401750805416,0.027348139652631824,-0.5595547752984934,-1.9540431795840614,-0.027661827236019936,3.0942588444295183
2258,940854.6380065838,940854.6656021251,right,-0.018417611718177795,-0.008161205798387527,0.008130325935781002,-0.9255194664001465,0.0314897745847702,0.37738847732543945,0.05417132377624512,-0.23398491740226746,0.19834233820438385,-0.0002835797780633168,-0.8293816669710337,0.028640822366842088,-0.5579477475902047,-1.9579731631345636,-0.03149497948318058,3.093725857497004
2259,940854.6580065838,940854.7092124167,right,-0.013871338218450546,-0.003809150541201234,0.0043951463885605335,-0.9232375621795654,0.035887688398361206,0.38254982233047485,0.05958888307213783,-0.3201477825641632,0.2296961396932602,0.0014687828860650864,-0.8308844721060399,0.030098270664823838,-0.5556283827901277,-1.9636177153905288,-0.03589539260900179,3.0931583516564247
2260,940854.6780065838,940854.7101659584,right,-0.009798839688301086,-0.004702872596681118,0.001007330254651606,-0.9203206300735474,0.04085233062505722,0.38902589678764343,0.07134858518838882,-0.3810882270336151,0.25671088695526123,0.003443074295076258,-0.8327686699713418,0.03176938201957843,-0.5526981591963293,-1.9707231071035343,-0.04086369842750052,3.0924246920255056
2261,940854.6980065838,940854.7340607501,right,-0.019651832059025764,-0.01568717323243618,0.0009680736693553627,-0.9167934656143188,0.04649088904261589,0.3966464102268219,0.08724482357501984,-0.4489390552043915,0.2985270917415619,0.005714129753703953,-0.8349800947160979,0.03363717993089292,-0.5492214237305159,-1.9791247849756461,-0.046507652809203374,3.091621746626792
2262,940854.7180065839,940854.76421425,right,-0.025756293907761574,-0.023750653490424156,0.004059096798300743,-0.9126875400543213,0.05289873480796814,0.4052199125289917,0.10425082594156265,-0.48696067929267883,0.3153550922870636,0.008355454308629072,-0.8374588488822656,0.03567404827302844,-0.5452707968074998,-1.988637238159592,-0.05292343374042128,3.0908607719420127
2263,940854.7380065839,940854.7648178751,right,-0.01814495027065277,-0.024209897965192795,0.0016875948058441281,-0.9084566235542297,0.0591406375169754,0.4137740135192871,0.10198608040809631,-0.4497559666633606,0.26665425300598145,0.01100042280437555,-0.8399263432017301,0.03756003626783963,-0.5412873478518861,-1.9981891340327893,-0.059175164199271116,3.090293859930574
2264,940854.7580065839,940854.7649056667,right,-0.010651842691004276,-0.024661140516400337,-0.0006302698748186231,-0.9041074514389038,0.06537455320358276,0.42227447032928467,0.09972132742404938,-0.4125511944293976,0.2179534137248993,0.013645036908725558,-0.8423665146301158,0.03944480919449112,-0.5372862811199554,-2.007748274355967,-0.0654212104823759,3.0896668989914966
2265,940854.7780065839,940854.8147390834,right,-0.014790474437177181,-0.03763553872704506,-0.007708515040576458,-0.9010800719261169,0.06894761323928833,0.4281366765499115,0.07879295200109482,-0.2656426429748535,0.10232999920845032,0.015371247212156413,-0.844067799381413,0.040223080702600465,-0.5345048589289004,-2.0143566056649607,-0.06900235784818906,3.0899769664722636
2266,940854.7980065839,940854.81505275,right,-0.02214679680764675,-0.042299434542655945,-0.011240825988352299,-0.8990112543106079,0.07108109444379807,0.43211862444877625,0.08848059922456741,-0.2039414942264557,0.07231955975294113,0.016585356665071403,-0.8452375006610083,0.04040906833619987,-0.5326027734548735,-2.018852475780723,-0.07114108753567892,3.0907986943482713
2267,940854.818006584,940854.827756125,right,-0.0266408734023571,-0.03444315865635872,-0.01582341641187668,-0.8972225189208984,0.07327312976121902,0.4354574382305145,0.10785621404647827,-0.19419243931770325,0.0825212150812149,0.017915010536041165,-0.8462226914047707,0.040446093039086535,-0.5309900947429148,-2.0226468239943847,-0.07333885197147882,3.092011717422748
2268,940854.838006584,940854.8453149584,right,-0.029647285118699074,-0.023856304585933685,-0.01870058663189411,-0.895337700843811,0.07593131810426712,0.43886810541152954,0.12055545300245285,-0.20718714594841003,0.10620120167732239,0.01944810040296286,-0.8472225217050747,0.04059637840020627,-0.5293277386160812,-2.0265494573789278,-0.07600447012517268,3.0932347765240045
2269,940854.858006584,940854.8962185833,right,-0.04464248567819595,-0.03657062351703644,-0.02336784265935421,-0.8930717706680298,0.07939817756414413,0.442853182554245,0.13692201673984528,-0.27647945284843445,0.16250991821289062,0.02133269627391781,-0.8483801630147815,0.040959625519095065,-0.5273693316739414,-2.0311395765382225,-0.07948183284145467,3.0944280853845516
2270,940854.878006584,940854.8964969584,right,-0.040358588099479675,-0.043113477528095245,-0.02725354954600334,-0.8898817300796509,0.08416563272476196,0.4483600854873657,0.16579322516918182,-0.36662757396698,0.21697422862052917,0.0237712780200486,-0.8499653607161495,0.041700485507795704,-0.5246474479470994,-2.037513061347687,-0.08426532000339655,3.0954678473603763
2271,940854.898006584,940854.9051277917,right,-0.02478971518576145,-0.043049827218055725,-0.031767744570970535,-0.8861362934112549,0.08945585787296295,0.454708993434906,0.15654465556144714,-0.3631153702735901,0.1946878582239151,0.026450013801450265,-0.8517878503632401,0.04256719662185181,-0.5214844061749042,-2.044897918326577,-0.08957560052734263,3.0964665875343096
2272,940854.918006584,940854.9490735,right,-0.006806805729866028,-0.03646252676844597,-0.02877432107925415,-0.883133053779602,0.092771977186203,0.459857702255249,0.10536466538906097,-0.2366245687007904,0.04717631638050079,0.028311578934021208,-0.853284201045158,0.04283611206479057,-0.518911854927647,-2.050875676343924,-0.09290557265591669,3.097668830838673
2273,940854.9380065841,940854.9502769584,right,-0.03821277990937233,-0.04622754082083702,-0.021269433200359344,-0.8814474940299988,0.09342462569475174,0.4629490375518799,0.09577753394842148,-0.16814790666103363,-0.03198321908712387,0.02914297384183395,-0.8542225722045967,0.04217010976642727,-0.5173742150351862,-2.0544114776533773,-0.0935610678040595,3.099506534945785
2274,940854.9580065841,940854.965071,right,-0.06336832791566849,-0.05318828299641609,-0.022412313148379326,-0.8796557784080505,0.09394937008619308,0.46623918414115906,0.107203409075737,-0.23277774453163147,0.010581562295556068,0.029953293365539466,-0.8552219523451504,0.04141263863909071,-0.5157355219219196,-2.0581740940909303,-0.0940881246012095,3.101466408010859
2275,940854.9780065841,940855.0061240001,right,-0.04313937574625015,-0.041460759937763214,-0.03504858911037445,-0.8773667216300964,0.09535003453493118,0.4702509641647339,0.09797333925962448,-0.2366572767496109,0.02295599691569805,0.031102702075636528,-0.8564160014598323,0.04095267644953716,-0.513718927333506,-2.0628118996856983,-0.0954951090382506,3.1032194831123445
2276,940854.9980065841,940855.0061812918,right,-0.019267810508608818,-0.032621338963508606,-0.036104246973991394,-0.8755882382392883,0.09612555801868439,0.4733971655368805,0.04284357652068138,-0.14297305047512054,-0.0320848748087883,0.031857235674053686,-0.857354674370414,0.04051600085987781,-0.5121390989522446,-2.0664418815083008,-0.09627421044826841,3.1045702941958266
2277,940855.0180065841,940855.0391237084,right,-0.027449946850538254,-0.024154407903552055,-0.03247160091996193,-0.8748429417610168,0.09543561190366745,0.4749123156070709,-0.0011458155931904912,-0.04587516188621521,-0.04985082894563675,0.031824437065465686,-0.8578240508367788,0.03992568345810484,-0.5114010429774125,-2.068136881232723,-0.09558107490353808,3.1054716411441556
2278,940855.0380065842,940855.0708647501,right,-0.04797475039958954,-0.020120462402701378,-0.020714731886982918,-0.8744508028030396,0.09483160078525543,0.47575536370277405,-0.012476770207285881,-0.05631082504987717,0.02916264720261097,0.03156488098728057,-0.8580762073975852,0.039785767171623236,-0.5110050224421785,-2.069069095050779,-0.09497431600671977,3.1054028913322433
2279,940855.0580065842,940855.0958430833,right,-0.05134470388293266,-0.01661687344312668,-0.010653356090188026,-0.873453676700592,0.09605515003204346,0.4773380160331726,-0.0218209195882082,-0.11673251539468765,0.13163714110851288,0.0318299408218999,-0.8585002880915317,0.04057432432387505,-0.510213375311455,-2.070944541121505,-0.09620347962676458,3.104225185427912
2280,940855.0780065842,940855.0987850834,right,-0.06189608946442604,-0.026145970448851585,-0.008766151033341885,-0.8717253804206848,0.09912683814764023,0.47986340522766113,0.010678130201995373,-0.18478430807590485,0.23697954416275024,0.03276357911757375,-0.8591630493249907,0.042078036954714126,-0.5089154145119341,-2.0740044841484857,-0.0992898972282298,3.102433827411389
2281,940855.0980065842,940855.111388375,right,-0.061641402542591095,-0.04634767770767212,-0.013769799843430519,-0.868998110294342,0.10449328273534775,0.48365628719329834,0.042907342314720154,-0.24288050830364227,0.3263791799545288,0.03458588641861255,-0.8601502994205261,0.044380259318543454,-0.5069276766776746,-2.078667932208985,-0.10468438275466738,3.1000711829760985
2282,940855.1180065842,940855.1335329168,right,-0.023481646552681923,-0.044970590621232986,-0.03388139232993126,-0.8663527369499207,0.11003505438566208,0.4871608316898346,0.011213021352887154,-0.14563684165477753,0.2506452798843384,0.03647656057959348,-0.8610431208203632,0.046745864687756905,-0.5050635848047177,-2.083043218089929,-0.11025831516428494,3.0976573899584547
2283,940855.1380065843,940855.1466864584,right,0.0024868675973266363,-0.04378024488687515,-0.042667582631111145,-0.8655202984809875,0.11243536323308945,0.488090842962265,-0.06837667524814606,0.03138379380106926,0.06809722632169724,0.03703248448195151,-0.861232478771041,0.04820832218853732,-0.5045622902920875,-2.0842696414682336,-0.11267361346565898,3.0956182795016014
2284,940855.1580065843,940855.1712665834,right,-0.014241994358599186,-0.041616521775722504,-0.031294818967580795,-0.8664717674255371,0.11150780320167542,0.48661309480667114,-0.12313719093799591,0.13855724036693573,-0.03556685149669647,0.036142252245007396,-0.8607720679547034,0.04876471898163665,-0.5053583722535189,-2.08250406776627,-0.11174018418294338,3.0938558844591313
2285,940855.1780065843,940855.2021062918,right,-0.030218694359064102,-0.0376402772963047,-0.013441987335681915,-0.8679643869400024,0.10945223271846771,0.4844149351119995,-0.13492266833782196,0.12868987023830414,-0.031961727887392044,0.03470129984119132,-0.8601134718555643,0.049115156174078786,-0.5065454561473209,-2.079840603624136,-0.10967195171672763,3.091940422023825
2286,940855.1980065843,940855.2064990001,right,-0.03608877584338188,-0.028146136552095413,-0.005488367285579443,-0.8689066171646118,0.10809720307588577,0.4830280840396881,-0.11634422838687897,0.05837048217654228,0.03663114830851555,0.03350800491670865,-0.8596733154812181,0.049757892105730915,-0.5073097153178027,-2.0781605445965767,-0.10830883362474383,3.0897123259896966
2287,940855.2180065843,940855.2354105001,right,-0.030635612085461617,-0.024881476536393166,-0.005333184730261564,-0.8689283728599548,0.10827969759702682,0.48294851183891296,-0.1047891229391098,-0.02422974817454815,0.1085832267999649,0.03292364239377984,-0.8595817526799839,0.050926160386727884,-0.5073873057391902,-2.078079958058757,-0.1084924107141008,3.0871051859258016
2288,940855.2380065843,940855.246713625,right,-0.012344363145530224,-0.01934860087931156,-0.008985509164631367,-0.868158221244812,0.10937855392694473,0.4840846657752991,-0.1093476340174675,-0.06960415840148926,0.12937873601913452,0.03265431141061526,-0.8598170896778686,0.05250630837759793,-0.5068446471030151,-2.0794554161312266,-0.1095978300396843,3.0840253587451687
2289,940855.2580065844,940855.2665731667,right,0.006626736838370562,-0.01575544662773609,-0.006946398876607418,-0.8673514127731323,0.10997016727924347,0.48539483547210693,-0.14520902931690216,-0.042956527322530746,0.07148700207471848,0.032114495830676264,-0.8601021497003067,0.05405290964267263,-0.5062324427706577,-2.08100201546369,-0.11019303466749458,3.0807188443294713
2290,940855.2780065844,940855.3094602918,right,0.014413567259907722,-0.011358958669006824,-0.0008837173809297383,-0.8671497106552124,0.10888178646564484,0.4860001802444458,-0.18079251050949097,0.008558588102459908,-0.0063668969087302685,0.03084587235408115,-0.8602083911221635,0.055150861833380124,-0.50601231361169,-2.0816325279857337,-0.10909807942072035,3.077502328779832
2291,940855.2980065844,940855.3099945417,right,0.009336212649941444,-0.007570371497422457,0.006718616466969252,-0.8673176169395447,0.10688965767621994,0.48614242672920227,-0.17346438765525818,0.006591814570128918,-0.009851229377090931,0.029218656796149583,-0.8601983679263988,0.05594631064210695,-0.5060385087127118,-2.0816747665273576,-0.10709425348862071,3.074479745820758
2292,940855.3180065844,940855.3565175417,right,0.0163946021348238,-0.004777172114700079,0.011189238168299198,-0.8672187924385071,0.10548180341720581,0.486625999212265,-0.147354394197464,-0.021118642762303352,0.029617033898830414,0.027877048038697644,-0.8602796812280079,0.05684966965554139,-0.5058752800487797,-2.082147550862226,-0.10567839266084825,3.071536233533339
2293,940855.3380065844,940855.3576940834,right,0.030681293457746506,0.0020227127242833376,0.009771430864930153,-0.8668492436408997,0.10485651344060898,0.48741888999938965,-0.11999156326055527,-0.0350005216896534,0.046240244060754776,0.026927110305978066,-0.8604415504166559,0.05787742823553003,-0.5055347582503514,-2.0830247013769174,-0.1050496170250331,3.0687519490154505
2294,940855.3580065845,940855.3995024584,right,0.022537512704730034,-0.0054584648460149765,0.012776999734342098,-0.8661350607872009,0.10517561435699463,0.4886185824871063,-0.09045976400375366,-0.05807321146130562,0.058412596583366394,0.026543828815448353,-0.8607208526822065,0.05889751540277041,-0.5049615282673516,-2.0844282339621647,-0.10537049155248134,3.0665247982316117
2295,940855.3780065845,940855.39953775,right,0.014391916804015636,-0.012936554849147797,0.015782814472913742,-0.8654189705848694,0.10549157112836838,0.48981785774230957,-0.06092795357108116,-0.08114590495824814,0.07058495283126831,0.026160524322438858,-0.8609987470340713,0.05991744425922307,-0.5043874705496896,-2.085832444126111,-0.10568822000459696,3.064297242882111
2296,940855.3980065845,940855.4115368334,right,0.021558532491326332,-0.015593284741044044,0.014308422803878784,-0.8645594716072083,0.10573726147413254,0.4912808835506439,-0.06605426222085953,-0.055496979504823685,0.02465621940791607,0.025913248094407298,-0.8613722002479377,0.06064962389563661,-0.5036746806740643,-2.0875386040917805,-0.10593529115570989,3.0626888515657797
2297,940855.4180065845,940855.426845625,right,0.03108435869216919,-0.010912650264799595,0.009404618293046951,-0.8644859194755554,0.10449358820915222,0.4916757643222809,-0.09346930682659149,0.039336808025836945,-0.06736646592617035,0.025090274091563565,-0.8614736614654126,0.06083605986308678,-0.5035201694018706,-2.087920366670334,-0.1046846867215871,3.0615188082167357
2298,940855.4380065845,940855.4464915417,right,0.024438586086034775,-0.005122000351548195,0.013607749715447426,-0.865405797958374,0.10161386430263519,0.49066054821014404,-0.11950048059225082,0.0971292182803154,-0.12925341725349426,0.023575965411577544,-0.8612019130933082,0.060510678346474625,-0.5040972523135121,-2.0865761377064005,-0.1017895508729043,3.060630986017247
2299,940855.4580065846,940855.471451375,right,0.005822695791721344,0.0005772747681476176,0.012126726098358631,-0.8665201663970947,0.09852967411279678,0.48932018876075745,-0.09675785154104233,0.06414315104484558,-0.08455080538988113,0.021992618934248306,-0.8608425794455311,0.06008456605866379,-0.5048327413133498,-2.0848521459148204,-0.09868980114359069,3.0598629117210576
2300,940855.4780065846,940855.5396132084,right,0.009809101931750774,0.0009460813598707318,0.00642100814729929,-0.8658685088157654,0.09849856793880463,0.49047937989234924,-0.07809427380561829,0.014304903335869312,-0.04606013372540474,0.02173364635644543,-0.8611465715864784,0.06054978068481007,-0.5042698301495991,-2.0861884462951195,-0.09865853638758938,3.0587301677499075
2301,940855.4980065846,940855.5396902084,right,0.013794010505080223,0.0013163896510377526,0.0007161689572967589,-0.8652152419090271,0.09846591204404831,0.49163734912872314,-0.05943071097135544,-0.035533346235752106,-0.007569470442831516,0.021474662277402662,-0.8614498597705829,0.06101491615556258,-0.5037065051185174,-2.0875244824568733,-0.09862572149784878,3.0575975071522574
2302,940855.5180065846,940855.5399456667,right,0.017777541652321815,0.0016881934134289622,-0.004987851716578007,-0.8645605444908142,0.0984317809343338,0.4927944839000702,-0.04076714068651199,-0.08537159860134125,0.03092120587825775,0.02121566425568936,-0.8617525485971504,0.06148002965343659,-0.5031428328153881,-2.088860472939439,-0.09859142295865818,3.0564648611395593
2303,940855.5380065846,940855.5476400834,right,0.008974257856607437,-0.002656319411471486,0.0022374058607965708,-0.8638681769371033,0.09801752120256424,0.4940895140171051,-0.05242619663476944,-0.05652625113725662,-0.021623937413096428,0.02086720682014431,-0.8621104812576624,0.0617275354169766,-0.5025135439271299,-2.090335525961771,-0.0981751525240206,3.055613463791652
2304,940855.5580065846,940855.5966593334,right,-0.0071880710311234,-0.004346566274762154,0.009151240810751915,-0.8634148240089417,0.09685821086168289,0.4951096177101135,-0.04951481521129608,-0.05960451811552048,-0.04764604941010475,0.020267966499295565,-0.8624118475588654,0.06164919944217402,-0.5020303566881815,-2.09145135756677,-0.09701029707209458,3.055094928592802
2305,940855.5780065847,940855.5975917084,right,-0.014852343127131462,-0.0026268509682267904,0.011974284425377846,-0.8628110289573669,0.09562326222658157,0.4964008331298828,-0.03275514766573906,-0.08276595920324326,-0.04212309047579765,0.01970737361143865,-0.8628007773554635,0.06144299799079116,-0.5014093751315734,-2.0928783772265924,-0.09576959471771213,3.054823522642736
2306,940855.5980065847,940855.6075489167,right,-0.008249455131590366,8.18954358692281E-05,0.007332746870815754,-0.8618754744529724,0.09487419575452805,0.4981664717197418,-0.006975064519792795,-0.1083102747797966,-0.02182736247777939,0.019419578546762534,-0.8633240057217876,0.06127730302129127,-0.5005394575137072,-2.094884397959447,-0.09501710119563943,3.0547283453965353
2307,940855.6180065847,940855.6608391667,right,0.0001583426637807861,0.0029291128739714622,-0.0008526155143044889,-0.8607733249664307,0.09483567625284195,0.5000756978988647,0.009299764409661293,-0.10164769738912582,-0.0212421678006649,0.019561149587140392,-0.8638899819063786,0.06108970216773895,-0.4995794253363326,-2.097098879897489,-0.09497841298101786,3.0550905815747003
2308,940855.6380065847,940855.6608759584,right,0.008561873808503151,0.005775455851107836,-0.009035589173436165,-0.8596667051315308,0.09479812532663345,0.5019823908805847,0.025574594736099243,-0.09498511254787445,-0.020656978711485863,0.019702773633088342,-0.8644548259711787,0.06090205980985987,-0.4986186749064683,-2.0993134142370624,-0.09494068831673066,3.0554528976533524
2309,940855.6580065847,940855.69556675,right,0.01105514820665121,0.009156637825071812,-0.011647140607237816,-0.8589103817939758,0.09441453218460083,0.5033477544784546,0.029552197083830833,-0.06550733000040054,-0.04918047413229942,0.01978806502472993,-0.8648822902445542,0.06043600005749992,-0.49793033386185076,-2.1008808606325844,-0.09455536518945364,3.05627464362884
2310,940855.6780065848,940855.6964402917,right,0.010475889779627323,0.00991902593523264,-0.011248407885432243,-0.8584911823272705,0.09372036904096603,0.5041918754577637,0.04214008152484894,-0.04631393030285835,-0.0688166543841362,0.019824655834090203,-0.8651763391474487,0.05971471451147985,-0.4975048526622318,-2.101825254939498,-0.09385811086888486,3.05752227665295
2311,940855.6980065848,940855.7113716251,right,0.00884540006518364,0.00886068120598793,-0.006650071125477552,-0.8582665324211121,0.09278656542301178,0.5047464966773987,0.050689760595560074,-0.030128104612231255,-0.08888622373342514,0.019842173601616928,-0.865401271310467,0.05876982169029198,-0.4972252854025228,-2.1024198296660157,-0.09292022433888834,3.0591571922377185
2312,940855.7180065848,940855.7310048334,right,0.00825261790305376,0.009855417534708977,-0.006043348927050829,-0.8582319021224976,0.09148670732975006,0.505042552947998,0.041215524077415466,-0.010073849931359291,-0.11864696443080902,0.019763906944661833,-0.8655648092570917,0.057609313469500614,-0.4970795506028776,-2.1026936913537124,-0.09161481225111137,3.0610877467182567
2313,940855.7380065848,940855.771819625,right,0.002238699235022068,0.011771397665143013,-0.00030953626264818013,-0.858555018901825,0.08954957872629166,0.5048409104347229,0.034543439745903015,0.01723644509911537,-0.1483934372663498,0.01943586269297954,-0.8655980723429979,0.05621778113580009,-0.49719401196609475,-2.1023546909888955,-0.08966969773361788,3.06320055801942
2314,940855.7580065848,940855.7723029167,right,-0.012567395344376564,0.01236896961927414,0.00862424448132515,-0.8590419292449951,0.0874280333518982,0.5043838620185852,0.03995605185627937,0.018030915409326553,-0.13159991800785065,0.019036426069992844,-0.8655598920397223,0.054754144088594685,-0.49743906556295964,-2.101711461334824,-0.08753979756348887,3.0653802848998493
2315,940855.7780065848,940855.7965604167,right,-0.01923520863056183,0.010288274846971035,0.010080172680318356,-0.8591805100440979,0.08619581162929535,0.504360556602478,0.0632239580154419,-0.028168214485049248,-0.0667690858244896,0.01897925294867856,-0.865624711127668,0.053611062481544514,-0.49745318729412114,-2.101620851149849,-0.08630290203807986,3.067316675925881
2316,940855.7980065849,940855.8137304167,right,-0.011895684525370598,0.007154252380132675,0.006161856465041637,-0.8587282299995422,0.08639084547758102,0.5050961971282959,0.07789143919944763,-0.06585506349802017,-0.009903209283947945,0.019503609374211837,-0.8658792807968819,0.05292620655157888,-0.49706281928201884,-2.102487463098479,-0.08649866516621704,3.0689913155093724
2317,940855.8180065849,940855.8327752084,right,-0.006308469921350479,0.0026269189547747374,0.0033153234981000423,-0.8581488132476807,0.08709587901830673,0.5059595108032227,0.07393284142017365,-0.04966815188527107,-0.0054700057953596115,0.020192215413965927,-0.86615604600556,0.05247337381755012,-0.4966010117312827,-2.1035293058425943,-0.08720637132353724,3.0704170245280342
2318,940855.8380065849,940855.8543437084,right,-0.0028043240308761597,-0.0020910257007926702,0.00030775245977565646,-0.8578855395317078,0.08753106743097305,0.506330668926239,0.061360713094472885,-0.005408542230725288,-0.03484687581658363,0.020748096893712334,-0.8662942330142092,0.05195816513903615,-0.49639118152617184,-2.1039845169209936,-0.08764322307077087,3.071844858999472
2319,940855.8580065849,940855.8791395001,right,0.003810867201536894,-0.0038436981849372387,-0.0028030197136104107,-0.8581631183624268,0.08709283173084259,0.5059359073638916,0.04462312161922455,0.04072898253798485,-0.06977371126413345,0.020909447793274964,-0.8662243579293667,0.05121828311365573,-0.49658325401554854,-2.1035016086356326,-0.0872033090737,3.073313895330751
2320,940855.878006585,940855.8952829167,right,0.0012904532486572862,-0.005284823011606932,-0.0003037402348127216,-0.8587964773178101,0.08616264164447784,0.50501948595047,0.03507472202181816,0.051499806344509125,-0.07769892364740372,0.020856131344460623,-0.866011531882768,0.05033666998315448,-0.49704659916144567,-2.1023863695881873,-0.08626961143782835,3.074843721634762
2321,940855.898006585,940855.9090760833,right,-0.0017494859639555216,-0.00578205706551671,0.004634122364223003,-0.8593680262565613,0.08534003794193268,0.5041862726211548,0.04334032163023949,0.031770750880241394,-0.053349561989307404,0.020813460873753114,-0.8658163598277895,0.04954975628415114,-0.4974672962354515,-2.1013747384641848,-0.08544396487054523,3.0762138086398023
2322,940855.918006585,940855.9497012501,right,0.0008588102646172047,-0.004830877296626568,0.0048761568032205105,-0.8595693111419678,0.08512403070926666,0.5038796067237854,0.04912036657333374,-0.00046751575428061187,-0.02877870574593544,0.021012573591922625,-0.8657605623601716,0.0489741148428865,-0.49761303346722313,-2.1010070415770428,-0.08522717030474065,3.0774284579847118
2323,940855.938006585,940855.950071875,right,0.004307684488594532,-0.006112269125878811,0.004519251175224781,-0.8594726920127869,0.08534124493598938,0.5040076375007629,0.05158553272485733,-0.019714731723070145,-0.012691686861217022,0.02137949723255809,-0.8658208923693295,0.04855919990109115,-0.4975330731027496,-2.101166909155806,-0.08544517952092959,3.078507704839368
2324,940855.958006585,940855.9793300417,right,0.009309456683695316,-0.005444718990474939,0.006664477754384279,-0.8592696189880371,0.08544750511646271,0.5043356418609619,0.04184092581272125,-0.017611630260944366,-0.028742114081978798,0.021684266261149776,-0.8659385786842306,0.04814772137942925,-0.4973550080672593,-2.1015539896866025,-0.08555182855464215,3.0795094898875366
2325,940855.978006585,940855.9978251667,right,0.012202871963381767,-0.007071902044117451,0.005610422231256962,-0.8591968417167664,0.08504028618335724,0.5045283436775208,0.024684544652700424,-0.006619809661060572,-0.06103203445672989,0.021785794933058548,-0.8660262844040248,0.047567418173691874,-0.4972536616312702,-2.101757777358525,-0.08514312258647701,3.080610960947832
2326,940855.998006585,940856.0114997918,right,0.015410220250487328,-0.00399838387966156,0.002520465524867177,-0.8593401908874512,0.08391322195529938,0.5044726729393005,0.013281263411045074,0.009330837987363338,-0.08903153240680695,0.021575592153787255,-0.8660522591667625,0.046795600444672056,-0.4972907409478017,-2.1016367431606437,-0.08401200979832343,3.081749811535154
2327,940856.0180065851,940856.0287751667,right,0.013555395416915417,-0.0024736805353313684,0.0052276067435741425,-0.8596556782722473,0.08223678916692734,0.5042116045951843,0.00837969034910202,0.014630717225372791,-0.10615039616823196,0.021133748661919787,-0.8660265884538385,0.045866753869487624,-0.49744108123200526,-2.1012505833662756,-0.08232976808013469,3.0829424313447755
2328,940856.0380065851,940856.0542790417,right,0.0030787771102041006,-0.0013953347224742174,0.013579269871115685,-0.8598843812942505,0.08057453483343124,0.504089891910553,0.012488866224884987,-0.005771648604422808,-0.09134694188833237,0.02070633381029898,-0.8660404391587722,0.044932340938328014,-0.4975201709763521,-2.1010291896615367,-0.08066197753235688,3.0841516017107486
2329,940856.0580065851,940856.07437425,right,-0.0019082190701738,-0.0022762722801417112,0.014394870959222317,-0.8597908020019531,0.07957356423139572,0.5044082403182983,0.030417824164032936,-0.0324336513876915,-0.053311388939619064,0.020567590346419362,-0.8661712284864791,0.044176182330524935,-0.4973658973358918,-2.101352157317101,-0.0796577793076104,3.0853155507114334
2330,940856.0780065851,940856.1090179584,right,0.0015927152708172798,-0.00216706027276814,0.010393966920673847,-0.8595041036605835,0.07918483018875122,0.5049579739570618,0.0374516099691391,-0.029750123620033264,-0.03962080553174019,0.020684594557279137,-0.8663591468715255,0.04359845936292928,-0.49708470922291154,-2.1019733526611244,-0.07926781602512527,3.0864116203493075
2331,940856.0980065851,940856.1102566667,right,0.0014549155021086335,-0.0023988813627511263,0.009820370003581047,-0.8593814969062805,0.0787239670753479,0.5052381753921509,0.024085311219096184,-0.0018229587003588676,-0.04899802803993225,0.02074301737158575,-0.8664678758764461,0.04304095954015459,-0.4969411847971188,-2.1022779995515943,-0.07880550968809909,3.0874270407052244
2332,940856.1180065852,940856.1314705834,right,-0.00020734565623570234,-0.0005981631693430245,0.008731154724955559,-0.8595602512359619,0.07790879905223846,0.5050606727600098,0.015919094905257225,0.021503491327166557,-0.05871814116835594,0.020617703080177647,-0.8664466930108189,0.04243207105330911,-0.4970357776356952,-2.1020336407407796,-0.07798782710624587,3.088371058156603
2333,940856.1380065852,940856.14929225,right,-0.0019084603991359472,-0.0013371097156777978,0.008231939747929573,-0.8598535060882568,0.07705982029438019,0.5046916604042053,0.008464031852781773,0.017733873799443245,-0.05114154517650604,0.020438741824244194,-0.8663672149195623,0.04187700729514166,-0.497228751004686,-2.1015655171571037,-0.07713628654449271,3.0891765945079066
2334,940856.1580065852,940856.17563175,right,-0.002592235803604126,-0.003968262579292059,0.006041426677256823,-0.860027015209198,0.07647205144166946,0.5044853687286377,0.010792170651257038,0.004008652176707983,-0.03370639681816101,0.020342290001581612,-0.8663283909619544,0.04144664075833315,-0.4973364052239121,-2.101299026330571,-0.07654678464936769,3.0898391940409793
2335,940856.1780065852,940856.2089770418,right,0.0032920921221375465,-0.005405781790614128,0.004194251261651516,-0.8601140975952148,0.07603611052036285,0.5044029355049133,0.006112473551183939,0.006883261259645224,-0.02998340129852295,0.020282236910266052,-0.866320646416823,0.04110965201215538,-0.4973803361692463,-2.101183500035942,-0.07610956452318275,3.090369729126464
2336,940856.1980065852,940856.2102318334,right,0.00924067571759224,-0.004050205461680889,0.0007545202388428152,-0.8603219389915466,0.07542561739683151,0.5041398406028748,-0.005621427204459906,0.023887556046247482,-0.04092780873179436,0.02011094484780212,-0.8662600494548768,0.040785342964727855,-0.4975194559869764,-2.1008504431854247,-0.07549731951435976,3.090775836241111
2337,940856.2180065853,940856.2341345834,right,0.01157893892377615,-0.002798550296574831,-0.0006958809681236744,-0.8606340289115906,0.07463255524635315,0.5037249326705933,-0.008359580300748348,0.022191643714904785,-0.03587162494659424,0.019827078936745672,-0.8661551529222165,0.04046887910404064,-0.4977392451408601,-2.10033327662687,-0.07470201019692335,3.0910630611059475
2338,940856.2380065853,940856.2641830418,right,0.009119665250182152,-0.002351820468902588,-0.0027944000903517008,-0.8607741594314575,0.07412197440862656,0.5035607814788818,-0.005306109320372343,-0.0016440266044810414,-0.010576034896075726,0.019638827254853355,-0.8661166783681026,0.04027781706716453,-0.4978291166605734,-2.1001202418030878,-0.07419001203656603,3.0912158027793604
2339,940856.2580065853,940856.2828557084,right,0.012938477098941803,-0.0025916099548339844,-0.003278142074123025,-0.8606793880462646,0.07388689368963242,0.5037575364112854,-0.015360129997134209,-0.009781822562217712,-0.006147875916212797,0.01951220205613439,-0.8661739574294014,0.04026735354661066,-0.49773537027789044,-2.100338523842497,-0.07395428862211303,3.091100005729142
2340,940856.2780065853,940856.2955300417,right,0.015397489070892334,0.0014426992274820805,-0.004962494131177664,-0.8606357574462891,0.07343871891498566,0.5038974285125732,-0.03192306309938431,0.00014344237570185214,-0.019341126084327698,0.019246914922227767,-0.8662136403941898,0.04028211863937603,-0.4976753910054503,-2.100481653655079,-0.07350489166839047,3.0908053292140614
2341,940856.2980065853,940856.3115365001,right,0.011213983409106731,0.002424758393317461,-0.0029063159599900246,-0.8606827855110168,0.07251851260662079,0.5039505362510681,-0.04902635142207146,0.003319135634228587,-0.03219374269247055,0.01874260929263916,-0.8662311474783778,0.040235307573230183,-0.4976679858093814,-2.1005038171145896,-0.07258222544536497,3.0903845465961215
2342,940856.3180065854,940856.3327447084,right,0.010382630862295628,0.0026198464911431074,-0.0024978150613605976,-0.8607478141784668,0.07143216580152512,0.5039944052696228,-0.058479469269514084,0.005410364363342524,-0.028304627165198326,0.01811276617431944,-0.8662436066780046,0.04023960538756534,-0.49766922191722757,-2.100508801939068,-0.07149304965472723,3.089750786729775
2343,940856.3380065854,940856.35816525,right,0.01127767562866211,0.0030106406193226576,-0.00036753356107510626,-0.8608030676841736,0.07028764486312866,0.5040609836578369,-0.06456711143255234,0.003273246344178915,-0.027867279946804047,0.017412098532386948,-0.8662595716640435,0.040309436166429805,-0.4976607796227824,-2.10053841792255,-0.07034564823024739,3.088931895068604
2344,940856.3580065854,940856.3728165,right,0.005194075871258974,0.003886877093464136,0.0037656419444829226,-0.8608114719390869,0.06919391453266144,0.5041979551315308,-0.06956614553928375,-0.008845005184412003,-0.014390264637768269,0.016701080441018114,-0.866292522863717,0.04045070891603567,-0.4976163481974992,-2.1006526582814775,-0.0692492440272228,3.087975684482219
2345,940856.3780065854,940856.40907525,right,-0.0011085697915405035,0.005837586708366871,0.007518128491938114,-0.8606688976287842,0.06828553974628448,0.5045651197433472,-0.07485741376876831,-0.021998930722475052,0.0006465167971327901,0.01602075612180634,-0.8663852551633355,0.04073263757528076,-0.49745426308646984,-2.1010424051185663,-0.06833872212491716,3.086796264630995
2346,940856.3980065854,940856.4102195418,right,-0.0012077174615114927,0.006071527488529682,0.005353248678147793,-0.860357940196991,0.06766534596681595,0.5051787495613098,-0.07680556178092957,-0.03538054972887039,0.01658582128584385,0.015420802301610031,-0.8665414809569749,0.041173283113370665,-0.497164795669275,-2.101730622312338,-0.06771708558810581,3.0854110529352776
2347,940856.4180065854,940856.4327488751,right,0.002556441118940711,0.00623719347640872,0.003210846334695816,-0.8599358201026917,0.0673198476433754,0.5059430003166199,-0.07162929326295853,-0.04091637209057808,0.028020262718200684,0.01491655313471374,-0.8667353342105153,0.04172987256422771,-0.4967956942619208,-2.102605432607781,-0.06737080183832876,3.083913347762729
2348,940856.4380065855,940856.4503225834,right,0.005376183893531561,0.005237271543592215,0.0030489065684378147,-0.8594937920570374,0.0672411173582077,0.5067041516304016,-0.0655517503619194,-0.0335804708302021,0.038002267479896545,0.01452678517074695,-0.8669244353772319,0.042356786955570866,-0.49642413467628926,-2.103487565294768,-0.06729188635499872,3.0824068606814077
2349,940856.4580065855,940856.4809165834,right,0.004125105682760477,0.006106710992753506,0.0037920319009572268,-0.8591740727424622,0.0672956258058548,0.5072386264801025,-0.05764976143836975,-0.01841748133301735,0.038467805832624435,0.014200341090639586,-0.8670468657241717,0.04300078245130097,-0.49616425963969596,-2.104111815565211,-0.06734652267003546,3.0809420818594755
2350,940856.4780065855,940856.4952918334,right,0.007058820687234402,0.005099509377032518,0.0013403224293142557,-0.8590660095214844,0.06734925508499146,0.5074145793914795,-0.052556026726961136,0.005313757341355085,0.03157952055335045,0.013892719100344347,-0.8670677258480549,0.04359882950184613,-0.4960843633513686,-2.104318694656679,-0.06740027122842954,3.07958989092291
2351,940856.4980065855,940856.51057425,right,0.011347531341016293,0.005529315676540136,-0.0003344865108374506,-0.8591820001602173,0.06722945719957352,0.5072340369224548,-0.050682324916124344,0.02438853681087494,0.014029967598617077,0.013563922613384021,-0.866993065971291,0.04404592131940201,-0.49618441989891454,-2.104103767977568,-0.06728020076799093,3.078493520550669
2352,940856.5180065855,940856.5339256667,right,0.00921194814145565,0.005159175489097834,-0.0007515657925978303,-0.8594733476638794,0.06687722355127335,0.5067867636680603,-0.04689990356564522,0.026362646371126175,0.0064761945977807045,0.013153763744211846,-0.8668465205979227,0.04439040393099595,-0.49642072480852706,-2.1035693334413934,-0.06692717435508751,3.077505676436147
2353,940856.5380065856,940856.5637097084,right,0.010531905107200146,0.005679437890648842,-0.0033153255935758352,-0.8596569299697876,0.06657162308692932,0.5065155625343323,-0.03991071879863739,0.007446561474353075,0.01238275971263647,0.012803713935604318,-0.8667532593905601,0.044683145387521946,-0.49656646148456346,-2.1032417242384867,-0.0666208944929106,3.07666035750409
2354,940856.5580065856,940856.5958273334,right,0.011816172860562801,0.007810457609593868,-0.0036066158208996058,-0.8595724105834961,0.066408671438694,0.5066805481910706,-0.03732263669371605,-0.0212089940905571,0.01909627392888069,0.012532950136530125,-0.8667845625446299,0.04499779150735346,-0.4964903437699685,-2.103427187636297,-0.06645758208927528,3.075838431182014
2355,940856.5780065856,940856.5963153751,right,0.012812607921659946,0.00853094644844532,-0.0037927718367427588,-0.8591834306716919,0.06640925258398056,0.5073395371437073,-0.032996099442243576,-0.04778191074728966,0.022129246965050697,0.01234582892412681,-0.8669562220265783,0.045350685518991234,-0.49616303003047124,-2.104194096668469,-0.06645816350685729,3.0750135721368435
2356,940856.5980065856,940856.6115934168,right,0.013755078427493572,0.0050206719897687435,-0.0021509842481464148,-0.8586238622665405,0.06634683161973953,0.5082943439483643,-0.03460090607404709,-0.052505433559417725,0.01027002278715372,0.012150651217784908,-0.8672149502508569,0.04566633387901527,-0.4956865871590926,-2.10530324469658,-0.06639560320695558,3.07423420192736
2357,940856.6180065856,940856.6326624167,right,0.013886305503547192,0.004734786227345467,-0.0012477253330871463,-0.8581424951553345,0.06593529134988785,0.5091601014137268,-0.03906749561429024,-0.035980310291051865,-0.019507640972733498,0.011847990579898991,-0.867456673488992,0.045814646857829905,-0.49525708437793897,-2.106295630078668,-0.06598316275728405,3.073643791253614
