index,source_timestamp,receipt_uptime,sensor_location,user_acceleration_x,user_acceleration_y,user_acceleration_z,gravity_x,gravity_y,gravity_z,rotation_rate_x,rotation_rate_y,rotation_rate_z,quaternion_w,quaternion_x,quaternion_y,quaternion_z,roll,pitch,yaw
2399,939521.2703825852,939521.2976087084,right,-0.0009874822571873665,0.0020105550065636635,0.0020902587566524744,-0.34721577167510986,-0.8291093111038208,-0.4381997585296631,0.00377205153927207,-0.0006481724558398128,-0.003015626920387149,0.8314475886208987,0.43907244541104623,-0.29684260205565205,-0.16671779181975457,-0.6700703802552902,0.9775127312312082,-0.029630156300851147
2400,939521.2903825853,939521.3330892083,right,-0.001159770181402564,0.0030326161067932844,0.0009801863925531507,-0.34716930985450745,-0.8291741013526917,-0.43811389803886414,0.006166985258460045,0.0027171499095857143,-0.002236927393823862,0.8314214005928485,0.43912599005183334,-0.2968357119944451,-0.16671960406913222,-0.6701006475794309,0.977628676618234,-0.029578956503250355
2401,939521.3103825853,939521.3351743751,right,-0.0017380753997713327,0.0010242304997518659,-0.0008242775220423937,-0.34704655408859253,-0.8292672634124756,-0.43803495168685913,0.007148129865527153,0.010434414260089397,-0.003646095050498843,0.8314026583045572,0.43921329264570974,-0.29677301360016806,-0.16669488337490976,-0.6700161721674021,0.9777952972082484,-0.029507308197009974
2402,939521.3303825853,939521.3705392501,right,-0.002836469328030944,0.0005817770143039525,-0.002308177761733532,-0.34688228368759155,-0.8293522000312805,-0.4380042552947998,0.005888668820261955,0.013468477874994278,-0.002528377342969179,0.8314056549737758,0.4393072325166933,-0.2966598108186015,-0.16663398187859824,-0.6698198523925869,0.9779473437052266,-0.02941268541229196
2403,939521.3503825853,939521.3750536251,right,-0.002823994727805257,0.0036344402469694614,-0.003247429383918643,-0.34675368666648865,-0.8293981552124023,-0.4380187690258026,0.0042676473967731,0.013000385835766792,0.001211396767757833,0.831425027191299,0.43937381605830456,-0.2965489587733685,-0.1665583887956407,-0.6696232759811461,0.9780296101816272,-0.029306445165056712
2404,939521.3703825853,939521.3955519584,right,-0.0028183877002447844,0.00506802462041378,-0.003688384545966983,-0.3466920256614685,-0.8294000625610352,-0.43806400895118713,0.0024191737174987793,0.013186321593821049,0.00385384913533926,0.8314567841549715,0.439408361118367,-0.2964596294726093,-0.16646783656346997,-0.66948651161402,0.9780330193510803,-0.029159772754169276
2405,939521.3903825853,939521.4328409584,right,-0.00269557093270123,0.0050153001211583614,-0.004616252146661282,-0.3466154932975769,-0.8293687701225281,-0.4381837546825409,-0.0024274468887597322,0.016561930999159813,0.0011143740266561508,0.8315112732736751,0.4394162812685911,-0.29634687839993523,-0.16637534453890926,-0.6692460479353457,0.9779769925389985,-0.029083429010613494
2406,939521.4103825854,939521.435237625,right,-0.002587324706837535,0.005389291327446699,-0.003975952975451946,-0.34641075134277344,-0.8293288946151733,-0.43842124938964844,-0.00623700674623251,0.018414409831166267,-0.002166971331462264,0.8315951721994268,0.43940762123685534,-0.2961593148340123,-0.1663131897672451,-0.6686950110451233,0.977905585189619,-0.029249552835121817
2407,939521.4303825854,939521.4786645,right,-0.0028264946304261684,0.006620430387556553,-0.0033119081053882837,-0.34621548652648926,-0.8292639255523682,-0.4386982023715973,-0.008606641553342342,0.016028672456741333,-0.0005212440737523139,0.8316869665966691,0.4393713691903256,-0.2959792555189123,-0.16627018185466794,-0.6681135973062968,0.9777892989849543,-0.02949278898246083
2408,939521.4503825854,939521.4794363334,right,-0.002309271600097418,0.005495620891451836,-0.0026419442147016525,-0.3460604250431061,-0.8291769623756409,-0.438984751701355,-0.01204845029860735,0.017196135595440865,-0.002447374863550067,0.8317793476457932,0.4393123323616779,-0.295824814801365,-0.1662388338327917,-0.6675782736562358,0.977633755054199,-0.029753036762900698
2409,939521.4703825854,939521.5008548751,right,-0.001894744229502976,0.004637500271201134,-0.0019673716742545366,-0.34580308198928833,-0.829086422920227,-0.4393584132194519,-0.01321297325193882,0.020204592496156693,-0.008697145618498325,0.8318905773732433,0.43923845749401697,-0.2956186492136988,-0.1662441740371666,-0.6668030759192362,0.9774717480419416,-0.0302302334452015
2410,939521.4903825854,939521.5318188751,right,-0.0028368355706334114,0.004994930233806372,-0.00041047815466299653,-0.34544771909713745,-0.8290199637413025,-0.4397631585597992,-0.014384971000254154,0.020658183842897415,-0.010780627839267254,0.8320060576270337,0.43917675729667266,-0.29536794155249296,-0.1662748648500223,-0.6658561354957484,0.977352910510889,-0.030844192618942765
2411,939521.5103825855,939521.536583625,right,-0.003653334453701973,0.0050404006615281105,0.001123958732932806,-0.34516704082489014,-0.8289480805397034,-0.4401188790798187,-0.011479505337774754,0.010584451258182526,-0.005194793920964003,0.8321023971009616,0.4391019280910665,-0.2951780384927605,-0.16632775718769188,-0.6650686116543508,0.9772244616073424,-0.03143045831127757
2412,939521.5303825855,939521.5551717083,right,-0.0030471975915133953,0.0034916477743536234,0.0014137211255729198,-0.3451376259326935,-0.8288534879684448,-0.4403201639652252,-0.007436692249029875,-0.0024590131361037493,0.0033153127878904343,0.8321590501516303,0.43901723894358596,-0.2951335304394343,-0.16634708435614837,-0.6648052006549839,0.9770553604943844,-0.03167310014678864
2413,939521.5503825855,939521.5767211667,right,-0.001913217711262405,0.0030369043815881014,0.0006778231472708285,-0.345338374376297,-0.8287486433982849,-0.4403601586818695,-0.004540587775409222,-0.013671503402292728,0.009660659357905388,0.8321724782131783,0.4389306239348198,-0.29522845469220277,-0.16634021364088425,-0.6650434425722773,0.9768679879187446,-0.031594272643149554
2414,939521.5703825855,939521.6017207084,right,-2.0234806470398325E-06,0.0036558869760483503,0.0004388856759760529,-0.34557417035102844,-0.8286578059196472,-0.44034627079963684,-0.003211935982108116,-0.012963435612618923,0.005107009783387184,0.8321670409647355,0.438850376122394,-0.295359482397151,-0.16634678507309872,-0.6653902228792097,0.9767056473592733,-0.0314821254838325
2415,939521.5903825855,939521.6333210417,right,0.00039813798503018916,0.005673093255609274,0.0006814195076003671,-0.3456922471523285,-0.8285956978797913,-0.44037047028541565,-0.004769516177475452,-0.0057766009122133255,-0.0028964851517230272,0.8321634616775281,0.4387783991136946,-0.2954459249553427,-0.16640106362225748,-0.6655294448866077,0.9765947094853779,-0.03157668516009005
2416,939521.6103825856,939521.6364727501,right,-0.0006457655690610409,0.007360444869846106,0.001314435270614922,-0.34568434953689575,-0.8285678029060364,-0.4404292106628418,-0.00478722108528018,-0.005874994210898876,-0.0030341229867190123,0.8321666587581511,0.4387298088556252,-0.29546839763353655,-0.16647326961386077,-0.6654535949090986,0.9765448466061256,-0.03180707375887118
2417,939521.6303825856,939521.6594895418,right,-0.001969223842024803,0.004499086644500494,0.002290425356477499,-0.3457251191139221,-0.8285269737243652,-0.440473735332489,-0.004856604151427746,-0.007455830927938223,-0.00011364094098098576,0.8321684696257917,0.4386753269986386,-0.2955116085951473,-0.1665306476555045,-0.6654617914647113,0.9764719994319292,-0.03196514641643695
2418,939521.6503825856,939521.6766058333,right,-0.0031281160190701485,0.002573520177975297,0.0017814816674217582,-0.345868319272995,-0.8284530639648438,-0.4405004382133484,-0.007394797634333372,-0.009806552901864052,0.002478493144735694,0.8321695772583274,0.43860022344667254,-0.29560049040080716,-0.16656532208919775,-0.6656334688191087,0.9763399943316446,-0.03200266755747776
2419,939521.6703825856,939521.6966720833,right,-0.0034303253050893545,0.001733347657136619,4.718066702480428E-05,-0.3459618091583252,-0.8283750414848328,-0.44057390093803406,-0.010010226629674435,-0.006131827365607023,-0.0013580145314335823,0.8321782531060926,0.4385107172271454,-0.29567112218522945,-0.166632596338279,-0.6656837357585275,0.9762006516547069,-0.03218508479215914
2420,939521.6903825856,939521.7357940834,right,-0.00407630717381835,0.0022887177765369415,-0.0018432586221024394,-0.34592172503471375,-0.8282943964004517,-0.4407568573951721,-0.010995847173035145,-0.0027623968198895454,-0.004774574190378189,0.8322145407779928,0.43841164458699633,-0.295663352953042,-0.16672568757776296,-0.6654258173747569,0.9760567541532034,-0.032593300900144825
2421,939521.7103825856,939521.74144825,right,-0.0034354613162577152,0.005122559145092964,-0.0015908775385469198,-0.3459461033344269,-0.8281891345977783,-0.44093549251556396,-0.011245202273130417,-0.010065272450447083,0.0026283846236765385,0.8322491369345134,0.43829071576015843,-0.29569158440360266,-0.16682081664038054,-0.665263244222869,0.9758688793521078,-0.03297100316723101
2422,939521.7303825857,939521.7846354584,right,-0.0020869902800768614,0.0075872503221035,0.0004749467479996383,-0.34620288014411926,-0.828029990196228,-0.44103291630744934,-0.014171177521348,-0.019780466333031654,0.009110050275921822,0.8322663548752668,0.4381348396627277,-0.2958401966299551,-0.16688104704858903,-0.6655163203668536,0.9755849743447649,-0.03307844242046438
2423,939521.7503825857,939521.7851954584,right,-9.246249101124704E-05,0.01034881267696619,0.0029880020301789045,-0.34661027789115906,-0.8277966976165771,-0.44115060567855835,-0.018365096300840378,-0.0224312637001276,0.012577710673213005,0.8322930051307752,0.43792231702543877,-0.2960553325745768,-0.16692378218589535,-0.6659579716350735,0.9751690008080035,-0.03308908373292866
2424,939521.7703825857,939521.83070825,right,-0.000762159819714725,0.008830401115119457,0.0017490033060312271,-0.34690040349960327,-0.8275471925735474,-0.4413905143737793,-0.01962944120168686,-0.018811143934726715,0.006354117300361395,0.8323458976507324,0.43767920231357177,-0.29621222154781046,-0.1670192174364011,-0.6661003104118229,0.9747244803747267,-0.03339380380820059
2425,939521.7903825857,939521.8310074167,right,-0.001431844080798328,0.007311849854886532,0.0005098065594211221,-0.34719058871269226,-0.827297568321228,-0.4416303038597107,-0.02089378610253334,-0.015191026031970978,0.0001305246405536309,0.8323987906638912,0.4374359988577779,-0.29636904993362867,-0.167114607986143,-0.6662427131446716,0.9742799206403385,-0.03369849314142137
2426,939521.8103825857,939521.8441385834,right,-0.0019330003997310996,0.007626906502991915,0.0009511170210316777,-0.3472779393196106,-0.8271217346191406,-0.44189098477363586,-0.020516522228717804,-0.011602900922298431,-0.006005804054439068,0.8324491727555529,0.4372405928107092,-0.2964374999454338,-0.16725388722507964,-0.6660782222815146,0.9739670495991924,-0.034225410142902125
2427,939521.8303825858,939521.8571797084,right,-0.004042594227939844,0.007158140651881695,0.0014839732320979238,-0.3472723066806793,-0.8270023465156555,-0.4421188235282898,-0.016471564769744873,-0.014500945806503296,-0.007937982678413391,0.8324807074929855,0.437077143943389,-0.296486393388124,-0.16743739648133868,-0.6658199280341808,0.9737546567016351,-0.034873678064034214
2428,939521.8503825858,939521.8766605834,right,-0.005065580829977989,0.006192753091454506,0.0003561070770956576,-0.34740692377090454,-0.8268841505050659,-0.44223400950431824,-0.013979507610201836,-0.028357844799757004,0.000914411386474967,0.8324790821108901,0.4369142066812556,-0.2966293841342585,-0.16761712729839817,-0.6658816522817242,0.9735444543743181,-0.0353439582580698
2429,939521.8703825858,939521.9070045417,right,-0.0050071538425982,0.003687854390591383,-0.0008921532426029444,-0.3478291630744934,-0.8267305493354797,-0.44218945503234863,-0.012802425771951675,-0.04183090478181839,0.010570278391242027,0.8324345735637112,0.4367269800166633,-0.29694246733100743,-0.16777209460246134,-0.6665207497256769,0.973271359556006,-0.035473273414776005
2430,939521.8903825858,939521.9278587501,right,-0.003102469490841031,0.004561333451420069,-0.001897944021038711,-0.34844449162483215,-0.8265257477760315,-0.44208788871765137,-0.014020378701388836,-0.04756589233875275,0.012705191969871521,0.8323747951431076,0.43649862515445176,-0.29736346458590945,-0.16791717728240055,-0.6674915052379431,0.9729073965774855,-0.035435739286991466
2431,939521.9103825858,939521.9368075418,right,-0.0011240241583436728,0.004602300934493542,-0.003241639817133546,-0.3490670323371887,-0.8263006806373596,-0.44201764464378357,-0.018279988318681717,-0.04496603086590767,0.009087433107197285,0.8323209017061021,0.43624712677318617,-0.2977912700700901,-0.16807993913834424,-0.6684367809281803,0.972507630981505,-0.035466739102780476
2432,939521.9303825859,939521.9577749168,right,0.00045625498751178384,0.002983559388667345,-0.0035614289809018373,-0.34953373670578003,-0.8260886669158936,-0.44204503297805786,-0.022395672276616096,-0.037724267691373825,0.0009509542142041028,0.8322848652907443,0.4359883461770883,-0.29814704802053177,-0.16829903410678712,-0.6690565880177268,0.9721314109397052,-0.035796042082617954
2433,939521.9503825859,939521.97792225,right,0.00043902627658098936,0.003387451171875,-0.0029508417937904596,-0.34980782866477966,-0.825889527797699,-0.44220027327537537,-0.026425601914525032,-0.03334154933691025,-0.007035607006400824,0.8322754332727135,0.4357219890740082,-0.298406147169366,-0.16857582537596025,-0.6692671550343574,0.9717780497880347,-0.03647071092397323
2434,939521.9703825859,939521.997936625,right,0.0013521790970116854,0.003894923022016883,-0.002805884927511215,-0.3499244153499603,-0.8257080912590027,-0.4424467384815216,-0.02929900959134102,-0.02853386104106903,-0.010980607941746712,0.8322865542716049,0.4354603405631824,-0.29858154864576275,-0.16888610482850278,-0.6691581891886885,0.9714563676219762,-0.03738241728618283
2435,939521.9903825859,939522.0216622084,right,-0.00019863359921146184,0.0038442877121269703,-0.0027634380385279655,-0.3500397205352783,-0.825508713722229,-0.4427274167537689,-0.027355128899216652,-0.03309553116559982,-0.006769951432943344,0.8323074949715115,0.4351835078432395,-0.29875010646279193,-0.16919780400724893,-0.6690099344069891,0.971102960381017,-0.03832860836078375
2436,939522.0103825859,939522.06177775,right,8.003139555512462E-06,0.003779735416173935,-0.0032414693851023912,-0.3503423035144806,-0.8253046870231628,-0.4428684413433075,-0.02394813857972622,-0.04259642958641052,0.001629497273825109,0.8322948552606415,0.4349149111550098,-0.2990230994333208,-0.1694681817998868,-0.6692753588160331,0.9707415564613424,-0.038961977861136865
2437,939522.030382586,939522.0667140417,right,-0.00015624203660991043,0.00402496475726366,-0.004504112526774406,-0.3508571684360504,-0.8250839114189148,-0.44287219643592834,-0.01847590133547783,-0.050441913306713104,0.009587929584085941,0.8322491015901016,0.4346438832878847,-0.29941379191944695,-0.16969818218354668,-0.6699859243351332,0.9703507035775638,-0.039275890303261334
2438,939522.050382586,939522.077394125,right,0.002031065057963133,0.003446560353040695,-0.005445835646241903,-0.35148629546165466,-0.8248478770256042,-0.4428130090236664,-0.018415212631225586,-0.04575202614068985,0.008625621907413006,0.8321925815468431,0.434372911750013,-0.29985610579216765,-0.16988830506097408,-0.6709231745707875,0.969933149107305,-0.0393851696297878
2439,939522.070382586,939522.1382525001,right,0.0012850561179220676,0.0022765619214624166,-0.004086588975042105,-0.3515588045120239,-0.8246988654136658,-0.443032830953598,-0.021640421822667122,-0.028780240565538406,-0.005005702376365662,0.8322058277353013,0.4341570136674917,-0.29998548779346973,-0.17014643581952246,-0.6707819600614388,0.969669641711729,-0.04016856174178603
2440,939522.090382586,939522.13832625,right,0.0005392478196881711,0.0011064695427194238,-0.0027274698950350285,-0.35163140296936035,-0.8245498538017273,-0.4432525336742401,-0.024865632876753807,-0.011808456853032112,-0.018637025728821754,0.8322189540641267,0.43394105631275043,-0.300114839336662,-0.1704046248638891,-0.670641085454735,0.969406136684536,-0.04095181008217114
2441,939522.110382586,939522.1385994584,right,-0.0002065810840576887,-6.382387800840661E-05,-0.0013684924924746156,-0.35170426964759827,-0.824400782585144,-0.4434719681739807,-0.028090843930840492,0.005163329653441906,-0.032268352806568146,0.832232021778334,0.4337250989580077,-0.30024419087985593,-0.17066272384913037,-0.670500974813035,0.9691427634182149,-0.04173440683720401
2442,939522.130382586,939522.1387127084,right,-0.0038054659962654114,-0.004153032321482897,-0.0061644818633794785,-0.35135409235954285,-0.8243199586868286,-0.44389960169792175,-0.020939074456691742,-0.01989380270242691,-0.0029899347573518753,0.8323030872251274,0.4335639075025366,-0.3001209009271813,-0.17094253426327932,-0.6695469705158588,0.9690000190215518,-0.0429522297882998
2443,939522.150382586,939522.1577507084,right,0.0034628259018063545,-0.009669107384979725,-0.010505564510822296,-0.352152556180954,-0.8240129351615906,-0.4438369870185852,-0.011923452839255333,-0.06902949512004852,0.050902631133794785,0.8322734125589281,0.4332812664753643,-0.30058087911857767,-0.17099563077705887,-0.6707205800091142,0.9684579107404777,-0.042652085455700095
2444,939522.1703825861,939522.1774274583,right,0.01051247213035822,-0.0325172059237957,-0.02635779045522213,-0.3537353575229645,-0.8234684467315674,-0.4435887038707733,-0.02427028864622116,-0.06504831463098526,0.04760928824543953,0.832217619085966,0.4328451234079615,-0.30141460637672435,-0.17090379964663516,-0.6731780049971197,0.9674975163123143,-0.04147857976669895
2445,939522.1903825861,939522.1977874167,right,0.025210848078131676,-0.0744357779622078,-0.06457193940877914,-0.35448139905929565,-0.8229666948318481,-0.443924218416214,-0.0534123070538044,-0.0015559786697849631,-0.010317869484424591,0.8322925913126561,0.43237893945354705,-0.30180517231976234,-0.17102941677112093,-0.6738365376864356,0.9666136778008408,-0.04173904651421533
2446,939522.2103825861,939522.2330148334,right,0.06535176932811737,-0.03752226009964943,-0.08142990618944168,-0.3536272346973419,-0.822620153427124,-0.44524574279785156,-0.06933829933404922,0.05861104279756546,-0.04613563418388367,0.8326191063821409,0.4319872470627445,-0.30127090328161543,-0.17137150489727274,-0.6712123219693813,0.9660039487358316,-0.0441303784782146
2447,939522.2303825861,939522.2502243334,right,0.09974110871553421,-0.004236291162669659,-0.0899108499288559,-0.3522830009460449,-0.822238028049469,-0.44701364636421204,-0.07669886946678162,0.09298895299434662,-0.03510196879506111,0.8331006111908714,0.43161430022456726,-0.3003369589737896,-0.1716101987853729,-0.667430943111655,0.9653322241811382,-0.046890532531190986
2448,939522.2503825861,939522.3084294584,right,0.13022977113723755,-0.05521317571401596,-0.13637803494930267,-0.3499736189842224,-0.821884274482727,-0.4494715631008148,-0.097849041223526,0.21163098514080048,-0.07022411376237869,0.833839793441656,0.4313737287650566,-0.29863177317526257,-0.1716012021338431,-0.6615761460687002,0.9647109714178673,-0.050107502562194095
2449,939522.2703825862,939522.31249375,right,0.15697446465492249,-0.18138250708580017,-0.2120899111032486,-0.3466742932796478,-0.8213127255439758,-0.4530588984489441,-0.12306144833564758,0.2813265025615692,-0.025827905163168907,0.8349840674886712,0.43109781662529534,-0.2960156214817375,-0.17126319650413616,-0.653149499130445,0.9637084137243552,-0.053982185464705124
2450,939522.2903825862,939522.3131795834,right,0.2121351659297943,-0.25136083364486694,-0.2680625021457672,-0.3451368510723114,-0.8197264075279236,-0.4570876955986023,-0.1474577933549881,0.2314876914024353,0.16180700063705444,0.8364443695253603,0.43029508313630166,-0.2937725571860589,-0.1700135268221567,-0.6467431197184317,0.9609331925558102,-0.055192839208306664
2451,939522.3103825862,939522.3237241667,right,0.313506156206131,-0.2680889368057251,-0.2925106883049011,-0.34799039363861084,-0.8161410093307495,-0.4613204300403595,-0.22282706201076508,0.17383331060409546,0.3764321506023407,0.8382462967596233,0.4283070059152673,-0.29307493250210215,-0.16734206479850744,-0.6462701322771117,0.954701091581279,-0.05106571088241185
2452,939522.3303825862,939522.374362375,right,0.41249680519104004,-0.30334606766700745,-0.3015769124031067,-0.3519706428050995,-0.8106470704078674,-0.467940092086792,-0.39586398005485535,0.35876336693763733,0.33881908655166626,0.8408871394952545,0.42505684170846747,-0.2921585985571194,-0.16394769041447252,-0.6448886806562503,0.9452564457900137,-0.04673494612593312
2453,939522.3503825862,939522.3747819584,right,0.4782339930534363,-0.33148691058158875,-0.2899719774723053,-0.3505866825580597,-0.8043121695518494,-0.47976139187812805,-0.6095015406608582,0.6726182103157043,0.08686622977256775,0.8448888326525964,0.42099792343815085,-0.2878889893725468,-0.16138049343433594,-0.6310683021238341,0.9345170883749921,-0.05100741226051418
2454,939522.3703825863,939522.3785660834,right,0.5092464089393616,-0.3343448042869568,-0.2670074999332428,-0.34247705340385437,-0.7978816628456116,-0.4960790276527405,-0.7277220487594604,0.8398627638816833,-0.1350027620792389,0.8498989807057348,0.41655785204523627,-0.2800715225464939,-0.16034742930294105,-0.6042322096859742,0.9237729566583516,-0.06511789199316595
2455,939522.3903825863,939522.4133850834,right,0.5310986042022705,-0.3331882655620575,-0.25987860560417175,-0.33031153678894043,-0.7919749021530151,-0.5134880542755127,-0.733005166053772,0.8418230414390564,-0.3310958445072174,0.8549108295661991,0.4122522209774589,-0.27074730069269715,-0.16084580984962904,-0.5716296670532643,0.9140368738836536,-0.08491898538319795
2456,939522.4103825863,939522.4429938333,right,0.506550669670105,-0.34582677483558655,-0.24833831191062927,-0.3141647279262543,-0.787575364112854,-0.5301182866096497,-0.6771401166915894,0.83747398853302,-0.6131868362426758,0.8593033948588779,0.40877433942570973,-0.26046959765519545,-0.16326869544277017,-0.5349837785549156,0.9068644284697261,-0.11000118776191721
2457,939522.4303825863,939522.4495119584,right,0.46307453513145447,-0.3674676716327667,-0.22962436079978943,-0.29303237795829773,-0.7854416966438293,-0.5451726913452148,-0.5822116136550903,0.8573668599128723,-0.9285949468612671,0.8627525758693865,0.4066826771599823,-0.24904393377399264,-0.16806004906997338,-0.49319861173316415,0.9034094907543784,-0.14172417154993583
2458,939522.4503825863,939522.4707576667,right,0.3828568756580353,-0.3863537311553955,-0.223713681101799,-0.26602593064308167,-0.785761296749115,-0.558398962020874,-0.4565761685371399,0.9292901754379272,-1.2314510345458984,0.8651776899676473,0.4063379480305595,-0.23598728934614632,-0.17512017980738329,-0.4445968076920385,0.9039260328610215,-0.18082799813711076
2459,939522.4703825864,939522.4890761251,right,0.2980371415615082,-0.4141930341720581,-0.23473146557807922,-0.23479123413562775,-0.787945568561554,-0.5692230463027954,-0.338137686252594,0.9089811444282532,-1.4024375677108765,0.8665185879864754,0.4076100663037658,-0.22190660603873325,-0.18373094904363504,-0.39121568386998273,0.9074654250784565,-0.22522198585266184
2460,939522.4903825864,939522.50689425,right,0.21219338476657867,-0.4543308615684509,-0.259587824344635,-0.2013847827911377,-0.7908535599708557,-0.5779228806495667,-0.2850497364997864,0.8934659957885742,-1.546860933303833,0.866911311358737,0.4098047066857884,-0.20760219835871588,-0.19345876210546897,-0.3353049484056194,0.9122025021083909,-0.2734422357752072
2461,939522.5103825864,939522.5190890834,right,0.1082063689827919,-0.5073528289794922,-0.29310768842697144,-0.1642199158668518,-0.793489396572113,-0.5860088467597961,-0.3110896646976471,1.017172932624817,-1.7704154253005981,0.8667104052209196,0.41244645768828325,-0.1920508010298223,-0.20449315095943732,-0.2732261659679921,0.9165214249771388,-0.327992736085816
2462,939522.5303825864,939522.56836925,right,0.014590066857635975,-0.5256159901618958,-0.29760462045669556,-0.12127650529146194,-0.7948907613754272,-0.5945087671279907,-0.36588799953460693,1.1893197298049927,-1.9467939138412476,0.8661820523208169,0.41532090375523995,-0.17393731023903788,-0.21675559776455328,-0.20123342998248347,0.9188275786076212,-0.3906054705322704
2463,939522.5503825864,939522.5686427917,right,-0.034870170056819916,-0.4919871389865875,-0.293733149766922,-0.07570559531450272,-0.7939724326133728,-0.6032217144966125,-0.4374903738498688,1.2139884233474731,-1.9469542503356934,0.8654624743056709,0.41777936916652375,-0.15443305429371762,-0.22931534704304574,-0.12484933820872089,0.9173155673942993,-0.45631341294606714
2464,939522.5703825864,939522.5876709584,right,-0.05797776207327843,-0.4267810881137848,-0.29035821557044983,-0.02992984652519226,-0.7900614142417908,-0.6122965812683105,-0.5482721924781799,1.250510811805725,-1.9557446241378784,0.8647058428105422,0.4192379766094361,-0.13450368279061087,-0.24172715701730255,-0.04884239226136331,0.9109092172490585,-0.5212531263631177
2465,939522.5903825865,939522.6067884167,right,-0.09649021923542023,-0.423304945230484,-0.29467305541038513,0.017055407166481018,-0.7829216122627258,-0.6218866109848022,-0.6429752707481384,1.3263894319534302,-1.9700016975402832,0.8639395970016912,0.4197150534752525,-0.1135605129108099,-0.2540703113831466,0.027418419847452098,0.899348264583604,-0.585274159903082
2466,939522.6103825865,939522.6190344167,right,-0.1122397854924202,-0.4439338147640228,-0.30934634804725647,0.06390252709388733,-0.773094654083252,-0.6310634613037109,-0.6646659970283508,1.3369863033294678,-1.9217031002044678,0.8630261737205338,0.41947749636821735,-0.0922328904147554,-0.26592765878369773,0.10091767625853042,0.8837056968556055,-0.6455747972692853
2467,939522.6303825865,939522.6390115834,right,-0.10303927212953568,-0.4267909824848175,-0.3239758014678955,0.11173640191555023,-0.7611530423164368,-0.6388747692108154,-0.6678178310394287,1.436126947402954,-2.0580506324768066,0.8615650792906799,0.41907857065698834,-0.07025507613807042,-0.27774631308854625,0.17314441590224197,0.8650891712579525,-0.703809184118659
2468,939522.6503825865,939522.6815145001,right,-0.11565709859132767,-0.35280507802963257,-0.3063560426235199,0.1643560826778412,-0.7465576529502869,-0.6447005271911621,-0.6593762040138245,1.6044763326644897,-2.3417458534240723,0.858988256310005,0.4189563644517162,-0.04610111103290851,-0.29067075929507846,0.2496170457452767,0.8428730285484863,-0.7649533293078528
2469,939522.6703825865,939522.6825624584,right,-0.19611333310604095,-0.3582077622413635,-0.28183460235595703,0.22250322997570038,-0.7286232709884644,-0.6477656960487366,-0.6230059266090393,1.7081836462020874,-2.5622682571411133,0.8548803736488603,0.4192118580902068,-0.019457290943336616,-0.30506121752974874,0.3308665989277307,0.8163097780471376,-0.8296717728525979
2470,939522.6903825866,939522.72065575,right,-0.26918599009513855,-0.398457795381546,-0.27196791768074036,0.279864102602005,-0.7084969282150269,-0.6478489637374878,-0.5168763995170593,1.4996699094772339,-2.4388246536254883,0.8494981844914078,0.41955890717195043,0.006772976657496,-0.31980831974191304,0.407776148170921,0.787366098466384,-0.8914559741635227
2471,939522.7103825866,939522.7209965833,right,-0.28369390964508057,-0.39296916127204895,-0.2703569233417511,0.3294082283973694,-0.6883834600448608,-0.6462340354919434,-0.4331967234611511,1.1782591342926025,-2.1985514163970947,0.8436590470983181,0.4195544738683518,0.029275285809112563,-0.3337010220764614,0.47140542121701284,0.7592580585578905,-0.9443729553108362
2472,939522.7303825866,939522.7685241251,right,-0.29181134700775146,-0.34095144271850586,-0.2528529167175293,0.3728977143764496,-0.6677510738372803,-0.6442481875419617,-0.45344021916389465,1.0985161066055298,-2.1283445358276367,0.8377383077023092,0.4188830172589794,0.049121631672741306,-0.34686962675203337,0.5246934115781378,0.7311835191431237,-0.9899988847648364
2473,939522.7503825866,939522.7687282084,right,-0.3087277412414551,-0.36602649092674255,-0.25090518593788147,0.41622108221054077,-0.6441943645477295,-0.6416959762573242,-0.5583374500274658,1.2316657304763794,-2.218195676803589,0.8314810219620993,0.4175010578500595,0.06960529875495275,-0.3598435630791554,0.5754091880971293,0.6999695206902294,-1.032064209134569
2474,939522.7703825866,939522.7879759584,right,-0.34243324398994446,-0.3746873736381531,-0.2310669720172882,0.4615817368030548,-0.6164127588272095,-0.6379479169845581,-0.6673272252082825,1.3636984825134277,-2.2983062267303467,0.8246723416822517,0.4153736190547242,0.09214567770757116,-0.37267866801087196,0.6263515332692668,0.6641789329169323,-1.0713172372195212
2475,939522.7903825867,939522.8002050834,right,-0.36923930048942566,-0.31710389256477356,-0.1908581703901291,0.5074559450149536,-0.5847281217575073,-0.6329149603843689,-0.7569819688796997,1.4437150955200195,-2.3741300106048584,0.8173088731473669,0.41241052954272167,0.11601757446064788,-0.3853097522757772,0.6758228956946093,0.6245449265685591,-1.1069900033927458
2476,939522.8103825867,939522.8199140417,right,-0.39926084876060486,-0.2967160940170288,-0.15445131063461304,0.552858829498291,-0.5496440529823303,-0.6262896060943604,-0.7990842461585999,1.4491766691207886,-2.3721020221710205,0.8092928014598647,0.40872921804402856,0.14069698098512856,-0.39773120642842225,0.723204100513868,0.5819381156283673,-1.1391533202835828
2477,939522.8303825867,939522.8453575834,right,-0.453841894865036,-0.35491445660591125,-0.13523156940937042,0.5952298045158386,-0.5129439234733582,-0.6185385584831238,-0.8041414022445679,1.3719518184661865,-2.266108989715576,0.8009989207072893,0.4044385879023518,0.16480345712894326,-0.4094750682120388,0.766196958345602,0.5386107581542082,-1.1667026122756483
2478,939522.8503825867,939522.8678915417,right,-0.477164626121521,-0.3324589431285858,-0.09599190950393677,0.6328873634338379,-0.4763842225074768,-0.6103372573852539,-0.7658349275588989,1.2278929948806763,-2.0962157249450684,0.7928146956168031,0.3997038198614969,0.18726515973059954,-0.42025400901347776,0.8035346294227943,0.4965377446959755,-1.189424528585788
2479,939522.8703825867,939522.88764175,right,-0.4602908194065094,-0.26369279623031616,-0.057693976908922195,0.6654953956604004,-0.4413347542285919,-0.6019464135169983,-0.7014108300209045,1.1066203117370605,-1.951106071472168,0.7848512982998109,0.3948998361864805,0.20755949428299533,-0.43009479758836283,0.8354958360815602,0.4570856122790384,-1.20837262858955
2480,939522.8903825867,939522.9214177084,right,-0.44867733120918274,-0.23581542074680328,-0.022449225187301636,0.6944029927253723,-0.40733495354652405,-0.5931970477104187,-0.6581555008888245,1.0299129486083984,-1.857677936553955,0.7769276091681878,0.39010810928131817,0.2263120597289999,-0.439297262056391,0.8638373845192671,0.41953408272233506,-1.2248662044546392
2481,939522.9103825868,939522.9225763751,right,-0.46145379543304443,-0.18681685626506805,0.020319120958447456,0.7202569246292114,-0.3740796744823456,-0.5842039585113525,-0.6217974424362183,0.9441903829574585,-1.781180739402771,0.7690039278938092,0.38528418671566406,0.24383219189581437,-0.44803439465360656,0.8893207180261262,0.3834042157990781,-1.239512430949199
2482,939522.9303825868,939522.9403152501,right,-0.4999253451824188,-0.14670981466770172,0.06316113471984863,0.7431473135948181,-0.34175965189933777,-0.5752671360969543,-0.5474653244018555,0.8397402167320251,-1.684861660003662,0.7611097379024602,0.3804595036858021,0.26003270959886143,-0.45644871621783795,0.9120515257407875,0.34878867798954605,-1.2528306541398326
2483,939522.9503825868,939522.9791338334,right,-0.5102149248123169,-0.13087008893489838,0.08954735100269318,0.7623462677001953,-0.3118232488632202,-0.5670929551124573,-0.48923078179359436,0.6993176341056824,-1.5068354606628418,0.7536425959421645,0.3758273831432411,0.2742395008677478,-0.46429446703050387,0.9312245578514827,0.3171113925274005,-1.2646394744771603
2484,939522.9703825868,939522.980056875,right,-0.4992688000202179,-0.08997686207294464,0.10794069617986679,0.7789268493652344,-0.28349289298057556,-0.5593788623809814,-0.5335723161697388,0.7312282919883728,-1.477454662322998,0.746690940520803,0.37117665958883383,0.28729507416815925,-0.47131955592660646,0.9479990782788816,0.2874345129733874,-1.2743143683988485
2485,939522.9903825868,939523.01259475,right,-0.514035165309906,-0.02192961797118187,0.14365991950035095,0.7963113188743591,-0.2525642514228821,-0.5496358275413513,-0.6348606944084167,0.9132692217826843,-1.6328074932098389,0.7390622779887214,0.3661493929023874,0.3018554700765766,-0.4781264002792223,0.9666594196737979,0.25532953120080104,-1.282976598384088
2486,939523.0103825869,939523.069711875,right,-0.5883874893188477,0.03698929026722908,0.22308506071567535,0.8142028450965881,-0.21860499680042267,-0.5378527641296387,-0.6592046022415161,0.8387780785560608,-1.5416339635849,0.730764988043974,0.36048437196085775,0.31800103157858906,-0.4846740522481092,0.9870137866130322,0.22038468326674435,-1.2901430423447804
2487,939523.0303825869,939523.0697889167,right,-0.661389946937561,0.09551031142473221,0.30171796679496765,0.8307443857192993,-0.18424810469150543,-0.5252774953842163,-0.6835485100746155,0.7642869353294373,-1.4504601955413818,0.7221721782835442,0.3546735595074822,0.3340178681590795,-0.49102558107730293,1.0069667025255962,0.1853068292856363,-1.2965329807951367
2488,939523.0503825869,939523.0701429584,right,-0.701934278011322,0.12645544111728668,0.36235877871513367,0.8419002294540405,-0.15527234971523285,-0.5168120265007019,-0.6539137363433838,0.48681721091270447,-1.1362287998199463,0.7158677405141142,0.34854153225355555,0.34657295163771196,-0.4959228810711366,1.0202452578945433,0.15590315623853487,-1.299050121526869
2489,939523.0703825869,939523.0853172501,right,-0.7241057753562927,0.15827660262584686,0.41696614027023315,0.8484615683555603,-0.1317513883113861,-0.5125959515571594,-0.619992733001709,0.22924426198005676,-0.873647153377533,0.7118371495138383,0.34223601789603314,0.3557760003401999,-0.49958571668771273,1.0273328283517635,0.1321355815251084,-1.2985232501308768
2490,939523.0903825869,939523.1014888751,right,-0.7118289470672607,0.23819918930530548,0.4694230258464813,0.8513240814208984,-0.11293437331914902,-0.512340784072876,-0.5406667590141296,-0.021772529929876328,-0.6408885717391968,0.7096836301197084,0.33586959961140384,0.3619685494810526,-0.5025131616302756,1.0290423437712328,0.11317584555708442,-1.2962830005098627
2491,939523.110382587,939523.1201643334,right,-0.6925263404846191,0.3014734983444214,0.5194372534751892,0.8511567115783691,-0.09848567843437195,-0.5155897736549377,-0.44588184356689453,-0.21663570404052734,-0.4808984398841858,0.7090267692384803,0.3297106228720076,0.3653711097322406,-0.5050503529428485,1.026158296275901,0.09864560777388123,-1.293495075276035
2492,939523.130382587,939523.1454635,right,-0.6872453689575195,0.32640889286994934,0.5613165497779846,0.8491579294204712,-0.08696135878562927,-0.5209304690361023,-0.35175836086273193,-0.3090222179889679,-0.3820459544658661,0.7091388881577563,0.3239078304617024,0.36690394151979433,-0.5075305192290229,1.020533367416859,0.08707136071299677,-1.2911260973531613
2493,939523.150382587,939523.1759591667,right,-0.7006322741508484,0.32292091846466064,0.5843480825424194,0.8459877967834473,-0.07865261286497116,-0.5273693203926086,-0.2357703149318695,-0.4013277292251587,-0.22366419434547424,0.7098039334686992,0.3189046201064883,0.36689944608727526,-0.5097675639886342,1.01336501423515,0.07873395433879504,-1.2893616634801865
2494,939523.170382587,939523.1941623751,right,-0.7000111937522888,0.3484719395637512,0.6080111861228943,0.8411310315132141,-0.07511983811855316,-0.5355890393257141,-0.11129564046859741,-0.5424358248710632,0.033897049725055695,0.7115698876116695,0.31489691003798465,0.36475395470601735,-0.5113343600002208,1.0037932052143237,0.07519068794487953,-1.2874771261905362
2495,939523.190382587,939523.206453375,right,-0.6781253218650818,0.3719525635242462,0.6179582476615906,0.8344624638557434,-0.07705958187580109,-0.5456503033638,-0.017958564683794975,-0.6232139468193054,0.27981576323509216,0.7147453566285689,0.3119568981371183,0.36035782607520694,-0.5118244457421142,0.9916883390953048,0.07713606979613298,-1.2846299341589846
2496,939523.210382587,939523.2214873751,right,-0.6628484129905701,0.35819390416145325,0.6085786819458008,0.8270828723907471,-0.08339493721723557,-0.5558587908744812,0.041030753403902054,-0.5882363319396973,0.4561544954776764,0.7188206894450722,0.31022770753167517,0.3547243715199764,-0.5111027884701657,0.9790613138357419,0.08349192691541966,-1.2806818458992277
2497,939523.2303825871,939523.2694439167,right,-0.6711233258247375,0.3182983994483948,0.5883371829986572,0.8198422193527222,-0.0931374654173851,-0.5649638175964355,0.10010478645563126,-0.5321226119995117,0.6288191676139832,0.7233599013970474,0.3097793712276938,0.3486471581871844,-0.5091486623844229,0.9674146328349488,0.09327266566840264,-1.275657046994648
2498,939523.2503825871,939523.2698272917,right,-0.6668318510055542,0.2905656397342682,0.555936336517334,0.8123249411582947,-0.10687212646007538,-0.5733293294906616,0.20938625931739807,-0.5437362194061279,0.8630008101463318,0.7284823617865074,0.3107070120865087,0.3417550287849214,-0.5059428196820455,0.956196286832237,0.10707664580901821,-1.2695976925236079
2499,939523.2703825871,939523.281452125,right,-0.6363379955291748,0.26140424609184265,0.5187230110168457,0.8029935359954834,-0.12668472528457642,-0.5823677778244019,0.35625919699668884,-0.6574324369430542,1.1847174167633057,0.7347833067078404,0.3132059674240792,0.3327433575129361,-0.5012756584396613,0.9433270099197341,0.12702607357510584,-1.2622264577720732
2500,939523.2903825871,939523.3302623334,right,-0.5697019696235657,0.2268988937139511,0.47959375381469727,0.7908719778060913,-0.15277881920337677,-0.5926044583320618,0.4712255001068115,-0.7576386332511902,1.4583576917648315,0.7424520753224046,0.3170569177983608,0.32120508516753304,-0.4950424198839006,0.9277401215020378,0.15337952362237722,-1.252989157610507
2501,939523.3103825871,939523.3313876251,right,-0.47762590646743774,0.22587573528289795,0.4389229118824005,0.7766346335411072,-0.18276046216487885,-0.6028576493263245,0.5359805822372437,-0.7433485984802246,1.5475374460220337,0.7507240809836058,0.32190018222397626,0.30814196313001174,-0.48769073093394716,0.9107098387867033,0.1837934909752973,-1.242418586925398
2502,939523.3303825872,939523.345018125,right,-0.4307945966720581,0.19275891780853271,0.39412224292755127,0.7623845338821411,-0.21281929314136505,-0.6111282706260681,0.5807095170021057,-0.618482232093811,1.4630883932113647,0.7582847999423653,0.327382919812152,0.29539179256890297,-0.4801752588524257,0.8950799332898967,0.214459480930713,-1.2322540495466963
2503,939523.3503825872,939523.3695659167,right,-0.43607816100120544,0.12857429683208466,0.3405526578426361,0.7489786744117737,-0.2418351173400879,-0.616884708404541,0.652959942817688,-0.5297937989234924,1.3729478120803833,0.7646429387515724,0.33348808431394156,0.28344906317750035,-0.4730364457721449,0.8818093482817619,0.24425668771048675,-1.2237297908982083
2504,939523.3703825872,939523.3850220001,right,-0.4591384828090668,0.07533418387174606,0.29528680443763733,0.7353618741035461,-0.2708195745944977,-0.6212082505226135,0.7712932825088501,-0.574012041091919,1.3775429725646973,0.7701426500430463,0.34018294874941524,0.27142487002513144,-0.46635224156177213,0.8693491466094492,0.27424434927059177,-1.2169246677803296
2505,939523.3903825872,939523.4017996667,right,-0.4676956534385681,0.05019458755850792,0.2601124346256256,0.7185502052307129,-0.3026222586631775,-0.6261831521987915,0.9383522868156433,-0.8096908926963806,1.5593446493148804,0.7757353894955881,0.3474848383461373,0.2572211385833026,-0.45970229541792057,0.8539784759935185,0.3074427400913212,-1.2106843608512754
2506,939523.4103825872,939523.4476861251,right,-0.45402902364730835,0.012714676558971405,0.19817419350147247,0.6957480907440186,-0.3394630253314972,-0.6330083012580872,1.1191519498825073,-1.0902175903320312,1.8005266189575195,0.7821470557136218,0.3553756295377918,0.23917364189868023,-0.45249331802032094,0.8325800935253662,0.34634599676047595,-1.2033340534664219
2507,939523.4303825872,939523.4488314167,right,-0.4511665105819702,-0.06337962299585342,0.10870333760976791,0.6678061485290527,-0.3797076344490051,-0.6402007341384888,1.2092522382736206,-1.153520941734314,1.8665060997009277,0.7888638965076665,0.36369825045831333,0.21822745862868825,-0.44474047403020106,0.8065000212661032,0.38948028125736267,-1.1946135888331826
2508,939523.4503825873,939523.4780835,right,-0.4406891465187073,-0.12309879064559937,0.04585597291588783,0.6392123699188232,-0.41863903403282166,-0.6450960040092468,1.1380584239959717,-1.0302239656448364,1.7483140230178833,0.7947722397180214,0.3720130254601488,0.19763176915939476,-0.4369039608156384,0.7808170767811438,0.43194620492856123,-1.1853478592748092
2509,939523.4703825873,939523.4811377084,right,-0.4008196294307709,-0.07523348182439804,0.01868342235684395,0.6111264228820801,-0.4544100761413574,-0.6481018662452698,1.0014654397964478,-0.9611849784851074,1.7796251773834229,0.8001707712162446,0.3795828974353315,0.17851022981980447,-0.42869305605904084,0.7560430564227596,0.47170986908007134,-1.1739787246114848
2510,939523.4903825873,939523.5051868334,right,-0.4036378562450409,-0.14583653211593628,-0.033617351204156876,0.5826523900032043,-0.4876028299331665,-0.6501997113227844,0.8141931891441345,-0.803883969783783,1.7440911531448364,0.8057682346752464,0.3861461991177438,0.1605965963078194,-0.41932967431532003,0.7306634281411528,0.5093419658339221,-1.1581778872358375
2511,939523.5103825873,939523.522666875,right,-0.42245417833328247,-0.21902795135974884,-0.08942397683858871,0.5566739439964294,-0.5159736275672913,-0.6510647535324097,0.6121108531951904,-0.627487063407898,1.6227680444717407,0.8110369892435303,0.3915493068752766,0.1454537191948372,-0.40957452648871767,0.707401743946172,0.5421439178882117,-1.139791331805976
2512,939523.5303825873,939523.5680189584,right,-0.41948023438453674,-0.20818597078323364,-0.10779951512813568,0.5301770567893982,-0.5414713025093079,-0.652472972869873,0.5223129987716675,-0.7486615180969238,1.7765079736709595,0.8165720597619008,0.3956821914049475,0.13114546908896535,-0.3993073909441904,0.6823560990911268,0.5721862146287022,-1.1177630312153604
2513,939523.5503825874,939523.5687335418,right,-0.391300767660141,-0.23268736898899078,-0.13959701359272003,0.49768611788749695,-0.5679901242256165,-0.6555117964744568,0.535234272480011,-0.9618360996246338,2.034263849258423,0.8230733393501609,0.39893837915516894,0.11442154300243781,-0.38769333756689517,0.6493840747462475,0.6040617920702891,-1.089393790865897
2514,939523.5703825874,939523.5827728751,right,-0.32725098729133606,-0.31737834215164185,-0.20477142930030823,0.46020185947418213,-0.5950946807861328,-0.6588448286056519,0.5421165823936462,-1.0224026441574097,2.0908045768737793,0.8299080953522074,0.4017737513029646,0.09568416966691243,-0.37506649352273547,0.6097173151423247,0.6373835117231765,-1.0558283387105754
2515,939523.5903825874,939523.6193591667,right,-0.25813770294189453,-0.30201324820518494,-0.2355731874704361,0.42202356457710266,-0.6198434829711914,-0.6615815162658691,0.48687422275543213,-1.0142672061920166,1.975730061531067,0.8362248628720599,0.40405937968027894,0.07710558570381265,-0.36265508101777827,0.5678227978704397,0.6685432978444457,-1.020394678862606
2516,939523.6103825874,939523.622328125,right,-0.23427046835422516,-0.26466265320777893,-0.23650506138801575,0.3838580846786499,-0.6419259905815125,-0.6637650728225708,0.4798956513404846,-1.0405455827713013,1.950598120689392,0.8419491185729541,0.40576376207476744,0.05893437734637585,-0.35071960047291745,0.5243139349056193,0.6970074806899379,-0.9837691879267486
2517,939523.6303825874,939523.6437925,right,-0.1895466297864914,-0.36136505007743835,-0.2745140492916107,0.34350740909576416,-0.6631880402565002,-0.6649693250656128,0.5312041640281677,-1.1120705604553223,2.036985158920288,0.8472946353788364,0.40732886306567284,0.03998189635672576,-0.33849128812102086,0.4768206097475787,0.7250703177544382,-0.9439893755240464
2518,939523.6503825875,939523.6674357083,right,-0.14900103211402893,-0.42527246475219727,-0.3109496831893921,0.3016532361507416,-0.6831032633781433,-0.6651129126548767,0.4942356050014496,-1.0700500011444092,1.936064600944519,0.8521883795690904,0.4086793816233241,0.020608683409035794,-0.32608482917671533,0.42579133781272754,0.7520034347151778,-0.9011803324500858
2519,939523.6703825875,939523.6992532084,right,-0.14302149415016174,-0.3695670962333679,-0.29918918013572693,0.26372313499450684,-0.6991565823554993,-0.664552628993988,0.3993709087371826,-0.8901275992393494,1.6702529191970825,0.8562730054323558,0.4095262465248409,0.003456503989894454,-0.31475848604365436,0.3777819865830979,0.7742171995399383,-0.8600767799517121
2520,939523.6903825875,939523.7026277917,right,-0.15935689210891724,-0.3664120137691498,-0.27039816975593567,0.22860360145568848,-0.7122946381568909,-0.6636088490486145,0.3845703601837158,-0.9581180214881897,1.680344820022583,0.8597668097237806,0.4099365418158291,-0.012150420145624619,-0.3043113434625109,0.3317537228620362,0.7927621505317979,-0.8202815183701259
2521,939523.7103825875,939523.7278463751,right,-0.14399367570877075,-0.38766545057296753,-0.2700684666633606,0.1874426007270813,-0.725311279296875,-0.6624113917350769,0.4218772053718567,-1.278097152709961,1.9980144500732422,0.8633415979152536,0.4097129457969443,-0.03048986833606804,-0.29299654231877603,0.2757607558029392,0.8114864962625972,-0.7734330620828913
2522,939523.7303825875,939523.74524275,right,-0.09613677859306335,-0.3857097029685974,-0.2997487187385559,0.13962772488594055,-0.7374504208564758,-0.6608107686042786,0.38147932291030884,-1.3125872611999512,2.0280895233154297,0.8670265447064347,0.4085669064767964,-0.05164992600475834,-0.2804821479971272,0.2082346776473433,0.8292877012484966,-0.7176723335683838
2523,939523.7503825875,939523.7750011667,right,-0.061223678290843964,-0.4085693359375,-0.30703696608543396,0.096639484167099,-0.7462627291679382,-0.6585990190505981,0.2875727713108063,-0.9984609484672546,1.7001270055770874,0.8700887563481663,0.40714487130828003,-0.0702392339023022,-0.2687842220345952,0.14569523601268122,0.8424298356810488,-0.6646008371391461
2524,939523.7703825876,939523.79382575,right,-0.02686062641441822,-0.3851056694984436,-0.2823367714881897,0.06009363383054733,-0.7523331046104431,-0.6560363173484802,0.26614460349082947,-0.90473473072052,1.6073452234268188,0.8725612172512976,0.40577099002841444,-0.08562569841010305,-0.25817638757101957,0.09134618719310482,0.8515965221886362,-0.6168041918258287
2525,939523.7903825876,939523.8053448334,right,-0.007157325744628906,-0.30587276816368103,-0.25579288601875305,0.022602349519729614,-0.7573645114898682,-0.6526010036468506,0.29704463481903076,-0.9698342084884644,1.7056339979171753,0.8747548002195519,0.40426908598207734,-0.10132137656446127,-0.24719313307742125,0.03462043888487337,0.8592676454040705,-0.5666729914778463
2526,939523.8103825876,939523.823669875,right,0.000730337924323976,-0.3505949378013611,-0.26882463693618774,-0.013970286585390568,-0.7612890601158142,-0.6482621431350708,0.27568545937538147,-0.7860931158065796,1.52906334400177,0.8765768425781436,0.40286670359347415,-0.11647898849809345,-0.23610203103308358,-0.021547012117300934,0.8652988836297913,-0.5162520739991794
2527,939523.8303825876,939523.8496202917,right,0.0025590176228433847,-0.38194331526756287,-0.2608390748500824,-0.04428664967417717,-0.7637826800346375,-0.6439524292945862,0.24402591586112976,-0.6140869855880737,1.3136847019195557,0.8779610781601671,0.4018086751463177,-0.12873840827537952,-0.2261872363777885,-0.06866502923165489,0.8691533563600952,-0.472407562372162
2528,939523.8503825876,939523.8690448334,right,3.0636518204119056E-05,-0.3293685019016266,-0.22627729177474976,-0.0723690614104271,-0.7654908299446106,-0.6393641233444214,0.2619783878326416,-0.6697283387184143,1.314873218536377,0.8789943124852823,0.4008654381758577,-0.14008877193208172,-0.2169124575451629,-0.11270941152016621,0.8718038761072183,-0.43133743033798316
2529,939523.8703825877,939523.882508,right,-0.0085292374715209,-0.27803876996040344,-0.20686300098896027,-0.10145550221204758,-0.7666100263595581,-0.6340472102165222,0.2841947078704834,-0.7098820805549622,1.3202314376831055,0.8796986884860372,0.3998109917226627,-0.15207756494800584,-0.20773487770785978,-0.15866748258034802,0.8735449986799788,-0.38959547344840334
2530,939523.8903825877,939523.9308051667,right,0.025439945980906487,-0.30630818009376526,-0.2071039229631424,-0.13186237215995789,-0.7672576904296875,-0.6276368498802185,0.3319873809814453,-0.7914120554924011,1.4212285280227661,0.8800648025584438,0.3987955477474769,-0.16475349050289634,-0.19825339335902398,-0.20708165726792768,0.8745542896917222,-0.3460722872161164
2531,939523.9103825877,939523.9313721667,right,0.07651686668395996,-0.3414357006549835,-0.21183735132217407,-0.16390296816825867,-0.7673484086990356,-0.6199291348457336,0.35647666454315186,-0.760350227355957,1.413622260093689,0.8801014135127814,0.3978645801415395,-0.17815502080351273,-0.18811176288291037,-0.2584755106795213,0.8746957895772364,-0.29976363485950935
2532,939523.9303825877,939523.943868375,right,0.10039178282022476,-0.2648087441921234,-0.18245290219783783,-0.19169889390468597,-0.7669169306755066,-0.6124458312988281,0.3236157298088074,-0.5036966800689697,1.1664305925369263,0.8799508260648171,0.39728825501764337,-0.1895762387011121,-0.1786318199594062,-0.3033453119250715,0.8740231112179712,-0.25800290309524104
2533,939523.9503825877,939523.9689086251,right,0.10696195065975189,-0.22174909710884094,-0.14763246476650238,-0.21320125460624695,-0.7663435339927673,-0.60602205991745,0.3148038685321808,-0.3321121037006378,1.0407744646072388,0.8798217976295641,0.3972462880175919,-0.19795044013757057,-0.17007204931647107,-0.3382814422337572,0.87313009913343,-0.22286972321052065
2534,939523.9703825878,939523.985198125,right,0.11228831112384796,-0.2534032166004181,-0.13324305415153503,-0.2337777018547058,-0.7654809951782227,-0.5994887351989746,0.34041672945022583,-0.36233147978782654,1.1211562156677246,0.8796194187508514,0.3973935431999183,-0.20575235891865848,-0.16128829598580546,-0.37182291979351906,0.8717885986091335,-0.18793114920077875
2535,939523.9903825878,939524.0079217501,right,0.12512123584747314,-0.22860828042030334,-0.11563462018966675,-0.25542813539505005,-0.7639614939689636,-0.5925531983375549,0.31815987825393677,-0.3487702012062073,1.10802161693573,0.879286401543507,0.3974074409740765,-0.21398772318868428,-0.15209186381019832,-0.40699536146319104,0.8694303703886442,-0.15150055856512087
2536,939524.0103825878,939524.0329423334,right,0.13803066313266754,-0.1546359658241272,-0.09243380278348923,-0.27410969138145447,-0.7618257999420166,-0.58692866563797,0.2164183259010315,-0.19119468331336975,0.896799623966217,0.8790974341765234,0.39719962054843955,-0.2208351064513072,-0.14370793190560538,-0.43692043884081644,0.8661270770291976,-0.11951474287823617
2537,939524.0303825878,939524.0451289167,right,0.12842559814453125,-0.14849163591861725,-0.08600591868162155,-0.2882769703865051,-0.7592985033988953,-0.5834056735038757,0.16183491051197052,-0.132825568318367,0.7928059101104736,0.879223208443397,0.3967422514533443,-0.22559428129319709,-0.1366359189135663,-0.45893887802823075,0.8622345201197764,-0.09428035302449854
2538,939524.0503825878,939524.0677868751,right,0.12388063222169876,-0.19740724563598633,-0.09432639926671982,-0.30304154753685,-0.7564228177070618,-0.579646646976471,0.19417941570281982,-0.2748353183269501,0.858820378780365,0.8791910513740749,0.39610597382054114,-0.23081755925374012,-0.12979344351750416,-0.48172390312556307,0.8578267533696714,-0.06942010487833782
2539,939524.0703825878,939524.0877198334,right,0.14828389883041382,-0.17758798599243164,-0.09759019315242767,-0.3198341131210327,-0.7536020278930664,-0.5742735862731934,0.23747198283672333,-0.35558098554611206,0.8346154689788818,0.8786384692178931,0.39561183703679126,-0.2373910277742556,-0.12300905912103076,-0.5081533996325601,0.8535248149871927,-0.043114296582846705
2540,939524.0903825879,939524.1093435417,right,0.15816988050937653,-0.15389485657215118,-0.09360432624816895,-0.33469754457473755,-0.7514117360115051,-0.5686457753181458,0.21634002029895782,-0.2757354974746704,0.6344838738441467,0.8778294198941927,0.3954883695309548,-0.24344628341143776,-0.11721087293364318,-0.5319854128431626,0.8501990422424652,-0.020039662488621518
2541,939524.1103825879,939524.1240091667,right,0.13939593732357025,-0.14587458968162537,-0.0837019681930542,-0.3455999493598938,-0.7499492168426514,-0.5640361905097961,0.18548931181430817,-0.2273564487695694,0.49108847975730896,0.8770879807850994,0.3956245064956565,-0.24791764600639732,-0.11284845714500294,-0.5497247434759251,0.8479853506998968,-0.0027081977751920268
2542,939524.1303825879,939524.1476968334,right,0.11498446762561798,-0.14994588494300842,-0.08054057508707047,-0.3564039468765259,-0.7484827637672424,-0.5592404007911682,0.19587492942810059,-0.3493924140930176,0.5561787486076355,0.876206177266748,0.39568885728071695,-0.2526067255740555,-0.10900890390218176,-0.5673954821286062,0.8457712713780241,0.01338911569319541
2543,939524.1503825879,939524.1676302084,right,0.13232915103435516,-0.15510976314544678,-0.09255874902009964,-0.3703003525733948,-0.7463189959526062,-0.5530691146850586,0.21451441943645477,-0.4726497232913971,0.6771944165229797,0.874965604734027,0.3954877659787678,-0.25894956916026174,-0.10473595191566364,-0.5899872938998092,0.842514416614549,0.0323710985471717
2544,939524.1703825879,939524.1852080834,right,0.1818160116672516,-0.1636086106300354,-0.10997077822685242,-0.3863767981529236,-0.7432352304458618,-0.5461816787719727,0.1957179754972458,-0.49509963393211365,0.7326536774635315,0.8735628526764438,0.39495083905299616,-0.2663137312234803,-0.09989441040133394,-0.6156847947123534,0.8378932177023722,0.05358610970337655
2545,939524.190382588,939524.2320912083,right,0.22152620553970337,-0.150710791349411,-0.11669544130563736,-0.40142035484313965,-0.739504873752594,-0.5403648018836975,0.11314083635807037,-0.3530009388923645,0.6157311797142029,0.8724277019784747,0.3940445521507025,-0.2730320455349338,-0.09514291655483403,-0.6389217401080973,0.8323345596463003,0.07309912692268979
2546,939524.210382588,939524.2387747084,right,0.2244792878627777,-0.12820260226726532,-0.10892563313245773,-0.4111664295196533,-0.7361045479774475,-0.5376731157302856,0.0033194611314684153,-0.10703908652067184,0.3572815954685211,0.8720341197823918,0.3929571267913672,-0.2770345754188561,-0.09161403379314206,-0.6528521016200878,0.8272970972760038,0.08571141220685086
2547,939524.230382588,939524.2550212084,right,0.1933727115392685,-0.11473977565765381,-0.09724906086921692,-0.41518354415893555,-0.7336615324020386,-0.5379250645637512,-0.04682714119553566,0.022145330905914307,0.19158706068992615,0.8723213946967365,0.3919644555456187,-0.27821096015254465,-0.08954280572657337,-0.6573228880493618,0.8236948540088722,0.09118744090750337
2548,939524.250382588,939524.2673675417,right,0.17614711821079254,-0.11542414128780365,-0.0884784385561943,-0.41873934864997864,-0.7315247654914856,-0.5380788445472717,0.013018961064517498,-0.1067538633942604,0.2854820787906647,0.872546663665313,0.3910991855953918,-0.2792884298209888,-0.0877591218763012,-0.6613136125196212,0.820555651111523,0.09593718101844392
2549,939524.270382588,939524.2891246667,right,0.19635410606861115,-0.12346325814723969,-0.09681909531354904,-0.42634880542755127,-0.7290727496147156,-0.5354245901107788,0.11093524843454361,-0.27944186329841614,0.439401775598526,0.8720455269854022,0.3904363195441241,-0.2825724764340946,-0.08513978485992203,-0.6724696014651318,0.8169662968247864,0.10562847579538251
2550,939524.290382588,939524.3048516251,right,0.24943974614143372,-0.12888465821743011,-0.1133776605129242,-0.4361003339290619,-0.7266833186149597,-0.5307992100715637,0.16214774549007416,-0.28382283449172974,0.4304180145263672,0.8710238493419795,0.3901342166070996,-0.28704652929095875,-0.0819569424906648,-0.6877688123287091,0.813481583220887,0.1184773996507639
2551,939524.3103825881,939524.3468340418,right,0.29840075969696045,-0.13734029233455658,-0.12841267883777618,-0.44361987709999084,-0.7252275943756104,-0.5265417695045471,0.1505865454673767,-0.1359390765428543,0.2672654390335083,0.8700559489834218,0.3903277435719966,-0.29047095436691367,-0.07920534086094178,-0.7001331686249198,0.8113649824459517,0.129527327810252
2552,939524.3303825881,939524.3473841667,right,0.3185904920101166,-0.14943723380565643,-0.14070595800876617,-0.4461473226547241,-0.7252315878868103,-0.5243964195251465,0.10204988718032837,0.07179399579763412,0.03606047481298447,0.8695813918965598,0.390983570426414,-0.2914338003961663,-0.07762921084844326,-0.704948246071367,0.8113707544143121,0.13531621454692827
2553,939524.3503825881,939524.3765031251,right,0.32246893644332886,-0.1563567966222763,-0.14663518965244293,-0.4437946379184723,-0.726545512676239,-0.5245739221572876,0.06392890959978104,0.2083131968975067,-0.12190286815166473,0.8696658216862384,0.3919566643035205,-0.2899707223495055,-0.07725421533503808,-0.7021729567597678,0.8132810496167697,0.13567821542194938
2554,939524.3703825881,939524.3876767918,right,0.33951622247695923,-0.17197048664093018,-0.15713533759117126,-0.4390733242034912,-0.7284528613090515,-0.52590012550354,0.03850185498595238,0.23885183036327362,-0.1851259469985962,0.8700200079226035,0.39302396219525554,-0.2873710299843896,-0.07755731196568813,-0.6956613962841997,0.8160609641364946,0.1331254974597048
2555,939524.3903825881,939524.405189375,right,0.3579041361808777,-0.2054545134305954,-0.18098130822181702,-0.43355298042297363,-0.7305727005004883,-0.5275371074676514,0.01302151195704937,0.21869216859340668,-0.2335512489080429,0.8704160060588961,0.39404414444065744,-0.2845359015615356,-0.07838745685132166,-0.6879190305469515,0.8191603605710676,0.12890905804126315
2556,939524.4103825882,939524.4253962918,right,0.39609581232070923,-0.2362051010131836,-0.21280188858509064,-0.42706453800201416,-0.7329522371292114,-0.5295251607894897,-0.02824332006275654,0.22725160419940948,-0.3497712314128876,0.8708362879771931,0.39495807943788747,-0.2815058739713392,-0.08004208815664213,-0.6786946869773081,0.8226516831210485,0.12225249814952596
2557,939524.4303825882,939524.4491422917,right,0.4434913396835327,-0.2654770016670227,-0.23170632123947144,-0.41823264956474304,-0.7359834909439087,-0.5323624014854431,-0.07823970913887024,0.26425671577453613,-0.4877606928348541,0.8713843322251065,0.39589705542547177,-0.27764065309086167,-0.08288870748039082,-0.665908740493735,0.8271183176337984,0.11157322641410254
2558,939524.4503825882,939524.481324875,right,0.4774326980113983,-0.307023286819458,-0.25511857867240906,-0.4073539972305298,-0.7394034266471863,-0.5360461473464966,-0.1190742775797844,0.2676032483577728,-0.5919899940490723,0.8720564861057689,0.396751159186599,-0.2730667965430174,-0.08683697544163217,-0.6498219373383555,0.8321838428581033,0.09703211929951706
2559,939524.4703825882,939524.4847830834,right,0.4838339686393738,-0.3582995533943176,-0.2954505383968353,-0.39456266164779663,-0.7432345747947693,-0.5402987599372864,-0.1517239660024643,0.3045838177204132,-0.7373433709144592,0.8727616491348548,0.3976019059941758,-0.2678868656247812,-0.09185079997821166,-0.6307523322839729,0.8378922709398231,0.07884775904635391
2560,939524.4903825882,939524.5129195,right,0.4674667716026306,-0.4183584451675415,-0.335803359746933,-0.3774580657482147,-0.748013973236084,-0.5458943247795105,-0.2091422826051712,0.46762722730636597,-1.0264912843704224,0.873646384724686,0.3986980285045788,-0.2609458630025482,-0.09843382647790193,-0.604963982049918,0.8450645914755859,0.05439688869166829
2561,939524.5103825883,939524.543256875,right,0.430728554725647,-0.4510759711265564,-0.3564051389694214,-0.3529222309589386,-0.7541137933731079,-0.5538577437400818,-0.2889711260795593,0.6919151544570923,-1.3866610527038574,0.8748790131300783,0.40022052367401784,-0.2507881249610042,-0.10731122118482166,-0.5673295553534984,0.8543037383202827,0.019753947472664787
2562,939524.5303825883,939524.5448729168,right,0.3556462824344635,-0.4640870690345764,-0.3730633556842804,-0.3205769658088684,-0.7609111070632935,-0.5641317963600159,-0.3656942546367645,0.8696951866149902,-1.704887866973877,0.8763591300121044,0.40202392908979084,-0.23729914849010875,-0.11857700365277356,-0.5167588709523386,0.864716163872123,-0.026252607052510285
2563,939524.5503825883,939524.5727620834,right,0.2689722776412964,-0.4936367869377136,-0.4054197669029236,-0.28266388177871704,-0.7672490477561951,-0.5756995677947998,-0.4366261661052704,0.9340327978134155,-1.8553802967071533,0.8777975767649255,0.4038130886446773,-0.22155185969930674,-0.13160977866482704,-0.456415285085442,0.8745408128275142,-0.08135966276482587
2564,939524.5703825883,939524.5851029584,right,0.20091493427753448,-0.5336169004440308,-0.41685476899147034,-0.2432498335838318,-0.7712955474853516,-0.5881603956222534,-0.556477427482605,0.9273183345794678,-1.833784580230713,0.8792075568761774,0.4047553803776338,-0.20516555511118675,-0.14516963868141075,-0.3921559585014108,0.8808742241803572,-0.14058513644157894
2565,939524.5903825883,939524.6064785834,right,0.1555672287940979,-0.5288429856300354,-0.40502095222473145,-0.20434874296188354,-0.7718209028244019,-0.6021079421043396,-0.7207039594650269,0.9379377365112305,-1.790366291999817,0.8808619549889806,0.40413606011213526,-0.1887328275520657,-0.1585436321343923,-0.32719061195140603,0.8817000225608052,-0.2007073089393765
2566,939524.6103825883,939524.6312108334,right,0.1243179440498352,-0.4833913743495941,-0.3915603458881378,-0.1641075611114502,-0.7686680555343628,-0.6182378530502319,-0.8954007625579834,1.0360956192016602,-1.9050447940826416,0.8828662317722128,0.4018973937112231,-0.17134636837577086,-0.17223836349011667,-0.25946059335178623,0.8767563165507684,-0.263169748402661
2567,939524.6303825884,939524.6466008334,right,0.08990499377250671,-0.4585186243057251,-0.37488341331481934,-0.11958803236484528,-0.7624502778053284,-0.635899543762207,-0.9921244978904724,1.1565629243850708,-2.0982367992401123,0.8848461076491518,0.39872823603555585,-0.15187508110918715,-0.18707494989673282,-0.18589002732363324,0.8670916126997437,-0.3304579973405722
2568,939524.6503825884,939524.676522625,right,0.04048548638820648,-0.46283236145973206,-0.3470443785190582,-0.07150398939847946,-0.7536497116088867,-0.6533752679824829,-1.0002988576889038,1.1994096040725708,-2.2123076915740967,0.8862841507947934,0.3952135158994132,-0.13083825925721512,-0.2029482408505254,-0.10900405206497928,0.8535973659525468,-0.4006048159432763
2569,939524.6703825884,939524.6873850834,right,-0.016355950385332108,-0.4386950731277466,-0.3262399733066559,-0.021808993071317673,-0.7428272366523743,-0.6691279411315918,-0.9480734467506409,1.2333214282989502,-2.297560453414917,0.8868264634045152,0.3918067317254894,-0.10919497410258162,-0.2193236988424129,-0.032581610911407634,0.8372835534173126,-0.4703982744869696
2570,939524.6903825884,939524.7061225417,right,-0.08119247108697891,-0.4168875813484192,-0.3065473139286041,0.030083978548645973,-0.7301928400993347,-0.682578444480896,-0.8899543285369873,1.309901475906372,-2.4063425064086914,0.8862925162562725,0.38884925395324477,-0.08664323892265498,-0.2361667113940686,0.044045538295839355,0.8186041877321798,-0.5399393350801815
2571,939524.7103825884,939524.7264037083,right,-0.1474902182817459,-0.42153608798980713,-0.2894755005836487,0.08331354707479477,-0.7157651782035828,-0.693353533744812,-0.8049724102020264,1.321418046951294,-2.4061708450317383,0.8846533262359451,0.386388099670648,-0.06346253919823532,-0.25311112785697,0.11958694723255603,0.7977192102740382,-0.6077864614668668
2572,939524.7303825885,939524.7503324167,right,-0.21002568304538727,-0.42501765489578247,-0.27382656931877136,0.1345643252134323,-0.7002427577972412,-0.7011080384254456,-0.6827390789985657,1.2397971153259277,-2.286480665206909,0.8820441733435332,0.3843910465821359,-0.0411038243993983,-0.2693547574115914,0.18962497332407094,0.7757375232866851,-0.6704305307109832
2573,939524.7503825885,939524.76798,right,-0.25606679916381836,-0.3818749487400055,-0.2530325651168823,0.1818377524614334,-0.6845341920852661,-0.7059376835823059,-0.566321611404419,1.1624975204467773,-2.1078312397003174,0.8787054819332043,0.3829017323406985,-0.020431104293051467,-0.2843335420105132,0.25210306858973436,0.7539645312700316,-0.726158278570407
2574,939524.7703825885,939524.7864856668,right,-0.2743827998638153,-0.37959811091423035,-0.24266202747821808,0.2259337604045868,-0.6687331795692444,-0.7083430886268616,-0.5082257390022278,1.2128145694732666,-1.9706381559371948,0.8749432768168747,0.3818740425733369,-0.0008345594473090651,-0.29773450211655833,0.30876012997997904,0.7325036603200642,-0.7752326560947229
2575,939524.7903825885,939524.81765025,right,-0.2913432717323303,-0.38020557165145874,-0.23232927918434143,0.27040302753448486,-0.6518314480781555,-0.7085181474685669,-0.5119739770889282,1.421451449394226,-1.9647444486618042,0.8707871415315585,0.3812560636386806,0.019614988569956745,-0.30982074716797864,0.3645844398011459,0.709996998593228,-0.8201119646181158
2576,939524.8103825885,939524.8425902084,right,-0.3144102096557617,-0.32674163579940796,-0.20768894255161285,0.31789904832839966,-0.6328026056289673,-0.7060461044311523,-0.5258599519729614,1.6726338863372803,-2.0266759395599365,0.8659845315897252,0.38103836296916543,0.04226956832010355,-0.321082480944953,0.4230639435014787,0.6851673747106352,-0.8629943061749894
2577,939524.8303825886,939524.8566161668,right,-0.34700486063957214,-0.2841259837150574,-0.17955318093299866,0.36879101395606995,-0.6112591028213501,-0.7002539038658142,-0.5254701972007751,1.8971168994903564,-2.093388795852661,0.8602564568299337,0.38123801581711136,0.06730993744735898,-0.33179195585802007,0.48474219643417416,0.6576505797509545,-0.904537067323456
2578,939524.8503825886,939524.8689620417,right,-0.3924790620803833,-0.28336188197135925,-0.1575569361448288,0.4213190972805023,-0.5875394940376282,-0.6908600330352783,-0.5002174377441406,2.007551431655884,-2.087900400161743,0.8535510059179551,0.38177895585856086,0.09388733664101771,-0.3418782614062068,0.5476287282188274,0.6280148530323749,-0.943859536147067
2579,939524.8703825886,939524.8863615834,right,-0.43509000539779663,-0.25860244035720825,-0.12255216389894485,0.4718594551086426,-0.5630284547805786,-0.6784891486167908,-0.4328458309173584,1.9368557929992676,-1.941617727279663,0.8461838571250992,0.38252219451847924,0.12013410690786912,-0.3510232939866791,0.6076699304058601,0.5980457355376892,-0.9791626613702259
2580,939524.8903825886,939524.9061292084,right,-0.4670121371746063,-0.2342466413974762,-0.09627159684896469,0.5170785784721375,-0.5396214127540588,-0.6644084453582764,-0.34470972418785095,1.7689450979232788,-1.745356798171997,0.8386653380414874,0.3834196042081536,0.14417071196866066,-0.35894960457636793,0.6613398922294735,0.5699873799334245,-1.0092824839095436
2581,939524.9103825886,939524.9454124167,right,-0.4709882438182831,-0.22576460242271423,-0.07664507627487183,0.5569096207618713,-0.5177171230316162,-0.6494771838188171,-0.2714983820915222,1.6128789186477661,-1.5852636098861694,0.8311828195607842,0.3844151075547904,0.16579042317169035,-0.3658875005867409,0.708817067061364,0.5441805457702193,-1.0351069249728735
2582,939524.9303825886,939524.9500935834,right,-0.4478066563606262,-0.21403983235359192,-0.060397759079933167,0.5920886993408203,-0.49725836515426636,-0.6341648101806641,-0.21775151789188385,1.4755020141601562,-1.4521219730377197,0.8238003248644031,0.3854810303966369,0.18526192465801392,-0.3720689386979124,0.7510989057215366,0.5204359089395446,-1.0576313248987257
2583,939524.9503825887,939524.967571625,right,-0.4285738468170166,-0.12139151990413666,-0.020013315603137016,0.6243771910667419,-0.4770814776420593,-0.6185033321380615,-0.2056099772453308,1.458603858947754,-1.445238471031189,0.8163832122110932,0.3864075127957642,0.20356226127573307,-0.3778492782663024,0.7901242023929382,0.4973309318513564,-1.0779254598493453
2584,939524.9703825887,939524.9893118334,right,-0.413164883852005,-0.07560738921165466,0.009095078334212303,0.6564117670059204,-0.45560479164123535,-0.6012884974479675,-0.2167932242155075,1.5307209491729736,-1.5047112703323364,0.8083932970864335,0.38725292751032,0.22224073820098852,-0.38359420905556524,0.8291988242575281,0.47305153161434577,-1.0974797359819466
2585,939524.9903825887,939525.0065610834,right,-0.4431418478488922,-0.104883573949337,0.03207490220665932,0.6887635588645935,-0.4322027564048767,-0.5820700526237488,-0.21099595725536346,1.5994092226028442,-1.5872706174850464,0.7996055092759824,0.38798917230304525,0.24172173365505298,-0.38944323468310793,0.8691573141643325,0.4469340538085327,-1.1166603411602254
2586,939525.0103825887,939525.0264261668,right,-0.5101858973503113,-0.09535602480173111,0.05915483087301254,0.7205878496170044,-0.4072306156158447,-0.561174213886261,-0.1555420309305191,1.5868521928787231,-1.632464051246643,0.7899841605925,0.38867025122779525,0.26143518416124917,-0.3956163033804281,0.9091335542828776,0.4194198348293324,-1.1358428031963053
2587,939525.0303825887,939525.0477730834,right,-0.547777533531189,-0.0632048174738884,0.09250706434249878,0.7499998211860657,-0.38245636224746704,-0.5396548509597778,-0.05117899179458618,1.4389981031417847,-1.5365161895751953,0.7798963456228369,0.38954337777435494,0.2800509901974135,-0.40198132016392546,0.9470763465943095,0.3924533345705611,-1.1548533649890342
2588,939525.0503825888,939525.0675127084,right,-0.5530517101287842,-0.018686722964048386,0.1188654750585556,0.7744253873825073,-0.36083126068115234,-0.5196788907051086,0.05024198442697525,1.1785746812820435,-1.292685866355896,0.7703633164494688,0.3907778476807634,0.2957249262491627,-0.40789687212557707,0.979764600030429,0.3691590812085218,-1.1723767386960784
2589,939525.0703825888,939525.1206470834,right,-0.5461726784706116,0.023605307564139366,0.14227132499217987,0.7927569150924683,-0.3437963128089905,-0.5033294558525085,0.04948313161730766,1.0693488121032715,-1.1849948167800903,0.7623739558032837,0.3920607264100015,0.30760959653360515,-0.41285679801748143,1.0051023270525101,0.3509566993803286,-1.1869351538320412
2590,939525.0903825888,939525.1207411668,right,-0.5385682582855225,0.06546543538570404,0.1653391718864441,0.8103631734848022,-0.3263295292854309,-0.4866422116756439,0.04872418940067291,0.96012282371521,-1.0773036479949951,0.7542082536466944,0.39325289999016166,0.3194230223724571,-0.4177213125002766,1.0299919555457002,0.3324179453395581,-1.2009064804367757
2591,939525.1103825888,939525.1375576251,right,-0.5232195258140564,0.09607693552970886,0.1869417130947113,0.8255810737609863,-0.3100281357765198,-0.47148528695106506,0.031650230288505554,0.8464096784591675,-0.9567739367485046,0.7467761483220713,0.39409241600380623,0.3300735370553393,-0.42198093936988645,1.0519016762669726,0.3152226417922505,-1.212672780380979
2592,939525.1303825888,939525.1679972918,right,-0.5122878551483154,0.15777111053466797,0.2148982137441635,0.8383499383926392,-0.2952466905117035,-0.4582561254501343,0.010301348753273487,0.7189095616340637,-0.8419143557548523,0.740222964495471,0.3945890189017448,0.33936921364620276,-0.42567352387911056,1.0705543754157958,0.299713748986998,-1.222365413706928
2593,939525.1503825889,939525.1684911667,right,-0.49663713574409485,0.2219683676958084,0.24156612157821655,0.8490000367164612,-0.28157272934913635,-0.44711944460868835,-0.004319073632359505,0.6111048460006714,-0.7893553376197815,0.7344868586347952,0.39463208910605774,0.3474274193756094,-0.4290556827942059,1.0860626769757245,0.285432782378796,-1.2303991113085175
2594,939525.1703825889,939525.1879769167,right,-0.4849088490009308,0.24633118510246277,0.26228347420692444,0.8584913015365601,-0.26785141229629517,-0.4373193383216858,-0.03367456793785095,0.5673447251319885,-0.8256688714027405,0.7290797700053486,0.39422573711527514,0.35486112038005424,-0.4325531479878437,1.0996534748484028,0.2711622822248948,-1.2377610415334455
2595,939525.1903825889,939525.2177425417,right,-0.5061485767364502,0.25814858078956604,0.27982619404792786,0.8682088851928711,-0.25167346000671387,-0.42763739824295044,-0.12200972437858582,0.590748131275177,-0.9802916049957275,0.7233630140500267,0.39299663299730114,0.3629531226185633,-0.4365370572878729,1.1131254849210963,0.2544090063468107,-1.2447634295180323
2596,939525.2103825889,939525.2327005417,right,-0.5731908679008484,0.29380831122398376,0.31328853964805603,0.8782264590263367,-0.23207736015319824,-0.4181608259677887,-0.20199139416217804,0.5469372272491455,-1.0717213153839111,0.7172746532127119,0.39056012432452014,0.37199784317429563,-0.4411320835086269,1.1264163648655379,0.23421283913787763,-1.2510643855844754
2597,939525.2303825889,939525.2477690834,right,-0.6588321924209595,0.33142757415771484,0.3528498411178589,0.8862810134887695,-0.2123163342475891,-0.4116162061691284,-0.20747627317905426,0.2660193145275116,-0.9226328730583191,0.7120022039939639,0.3870714777588716,0.37995735031931677,-0.445938392674489,1.136006790064528,0.21394474488045012,-1.2559295064398763
2598,939525.250382589,939525.2676034167,right,-0.7258882522583008,0.3360779285430908,0.38074225187301636,0.8895423412322998,-0.19787967205047607,-0.41177433729171753,-0.13539958000183105,-0.2232103943824768,-0.515268862247467,0.709292246732184,0.3831609548066915,0.38379751379773314,-0.4503240351084296,1.1372619387140346,0.1991943735324389,-1.2589046240930908
2599,939525.270382589,939525.2873212917,right,-0.7452258467674255,0.3348941206932068,0.3879460394382477,0.8865829706192017,-0.1921572983264923,-0.4207686483860016,-0.040437281131744385,-0.7353330254554749,-0.052611805498600006,0.7102353943998438,0.37924788162443995,0.3818202955951191,-0.4538171738108582,1.1276777836057188,0.19335996508132494,-1.2596529141261745
2600,939525.290382589,939525.3107189584,right,-0.7169036269187927,0.3437601923942566,0.3878202736377716,0.8780667185783386,-0.1944456845521927,-0.43725234270095825,-0.0015646179672330618,-1.084474802017212,0.2917337715625763,0.714446478028434,0.3754151144761898,0.37474970753839826,-0.4562809604567158,1.1087727632114452,0.19569233254484042,-1.2581122159287443
2601,939525.310382589,939525.327821,right,-0.6808773279190063,0.3407876193523407,0.38634923100471497,0.8661126494407654,-0.20123200118541718,-0.4575527310371399,-0.02221391163766384,-1.2090628147125244,0.48071718215942383,0.7205875088517203,0.371488130013097,0.3649934651065813,-0.4577443551575271,1.0847790829468704,0.2026155032972236,-1.2542340769582188
2602,939525.330382589,939525.3474595001,right,-0.6588600277900696,0.3134426474571228,0.37926098704338074,0.8522369861602783,-0.21066685020923615,-0.47886496782302856,-0.056091200560331345,-1.2368950843811035,0.6579204201698303,0.7277817642381904,0.36761037187241213,0.35416119725072676,-0.45800243778785765,1.0588690631640423,0.21225708569461807,-1.2479006311133467
2603,939525.350382589,939525.367889625,right,-0.632870614528656,0.2830785810947418,0.37184521555900574,0.8370057940483093,-0.22255849838256836,-0.4998890161514282,-0.07788283377885818,-1.2061508893966675,0.8263578414916992,0.7357198985011333,0.3640802310345991,0.34278432772444345,-0.4567939596296804,1.0324125537996685,0.22443802860399373,-1.239002553802697
2604,939525.370382589,939525.3872861668,right,-0.6051556468009949,0.26226210594177246,0.35915976762771606,0.8207978010177612,-0.23670314252376556,-0.5198679566383362,-0.08234608173370361,-1.1547253131866455,0.9824325442314148,0.744127546846186,0.3611253827357125,0.33114121868805946,-0.45410161733013893,1.0062014849986418,0.23897117537728887,-1.2277921324336427
2605,939525.3903825891,939525.4394899167,right,-0.5796058773994446,0.2461802065372467,0.34729209542274475,0.8035851716995239,-0.2531970739364624,-0.5386485457420349,-0.056163489818573,-1.1183315515518188,1.1479809284210205,0.7529007785368947,0.3588955404397028,0.3191704013986205,-0.4499608636644132,0.9802779661619058,0.25598360475836096,-1.2144793132538567
2606,939525.4103825891,939525.4402365001,right,-0.5592586994171143,0.21653279662132263,0.3276028037071228,0.78502357006073,-0.2722320556640625,-0.5564420819282532,0.0006442774902097881,-1.098383903503418,1.2769771814346313,0.7619489109849158,0.35750502012766777,0.3065438718237084,-0.4445840659180465,0.9541740415823129,0.2757119634923233,-1.1995559362559272
2607,939525.4303825891,939525.4474412501,right,-0.5524806380271912,0.17684589326381683,0.29320576786994934,0.7651668787002563,-0.29328224062919617,-0.5731537938117981,0.10193635523319244,-1.1002137660980225,1.3698381185531616,0.7709195293698939,0.356991964762143,0.29322323866008476,-0.43847463197936803,0.9278989033127234,0.2976582629816731,-1.184047266557175
2608,939525.4503825891,939525.4688957084,right,-0.5395644903182983,0.1391863226890564,0.24904020130634308,0.7434504628181458,-0.3167344629764557,-0.5890336036682129,0.23639550805091858,-1.148094892501831,1.4864721298217773,0.7797465881362077,0.35747945591036245,0.2787322149954508,-0.43187023644068806,0.9007700070135695,0.3222847222122965,-1.1684781358268042
2609,939525.4703825891,939525.4915112084,right,-0.5044493675231934,0.10234852880239487,0.2047192007303238,0.7193179130554199,-0.3429964780807495,-0.6040986180305481,0.36341896653175354,-1.1741617918014526,1.5898358821868896,0.7884559305524952,0.3590464270561531,0.26274774721223765,-0.4247192754446539,0.8722412332803636,0.3501050683151503,-1.1526912188377307
2610,939525.4903825892,939525.5153419167,right,-0.48085397481918335,0.07436112314462662,0.15835340321063995,0.6938130855560303,-0.3703923523426056,-0.6176025867462158,0.437566339969635,-1.1246833801269531,1.5737735033035278,0.7966665365819332,0.3613956241154655,0.24615427432212328,-0.4172814308683953,0.8434460764784407,0.37943141509740147,-1.136863233768204
2611,939525.5103825892,939525.5290300001,right,-0.5015193223953247,0.01825535297393799,0.10547459870576859,0.6681128144264221,-0.39751261472702026,-0.6289746761322021,0.5105924010276794,-1.076545238494873,1.555774450302124,0.8040389691152448,0.36431965598322436,0.22974741105753974,-0.40988876077104547,0.8155629035102682,0.4088045137110284,-1.121520191172245
2612,939525.5303825892,939525.5487368334,right,-0.5255445241928101,-0.04040216654539108,0.058386798948049545,0.6412744522094727,-0.42539530992507935,-0.638596773147583,0.5985074043273926,-1.1052989959716797,1.6580668687820435,0.8108875031778426,0.36791502231170714,0.21293231978654728,-0.4021936697497423,0.7874903810945013,0.43939866079521667,-1.105880957197552
2613,939525.5503825892,939525.625876875,right,-0.4679937958717346,-0.08082355558872223,0.0005527645698748529,0.6074377298355103,-0.4601028859615326,-0.6475529670715332,0.6148765683174133,-1.050271987915039,1.741161823272705,0.8187488699617331,0.37306264133113787,0.19247803499669752,-0.39169746522975507,0.753444491531209,0.47811110806532864,-1.0846956279608901
2614,939525.5703825892,939525.625921125,right,-0.4088555574417114,-0.1225305125117302,-0.05863115191459656,0.5720136761665344,-0.4935247600078583,-0.6551592946052551,0.6312457323074341,-0.9952450394630432,1.8242567777633667,0.8261050408327439,0.37798014526350776,0.1719051353314728,-0.3809595783367983,0.7177478162588132,0.5161378481381499,-1.0615624536944068
2615,939525.5903825893,939525.6259667084,right,-0.34821751713752747,-0.16560545563697815,-0.11918356269598007,0.5350894927978516,-0.5255786180496216,-0.6613972783088684,0.6476148962974548,-0.9402179718017578,1.9073518514633179,0.8329516495514132,0.38266442263397715,0.15122605364180627,-0.369986756239463,0.680222206045967,0.5533951388790391,-1.0363281055155915
2616,939525.6103825893,939525.6286822917,right,-0.3350710868835449,-0.24205060303211212,-0.1728656142950058,0.5033890604972839,-0.5530765652656555,-0.6638566851615906,0.5345652103424072,-0.6683346033096313,1.7325423955917358,0.8386072867452765,0.38728099471870836,0.13448091124664768,-0.3587004275610156,0.648779142963097,0.5860525592520834,-1.010587285306165
2617,939525.6303825893,939525.6489605,right,-0.33526134490966797,-0.2309996634721756,-0.1767958402633667,0.4746266305446625,-0.5770291090011597,-0.6646555066108704,0.49091002345085144,-0.6673290133476257,1.811667561531067,0.8436828276471543,0.39143577311210975,0.12020937668359354,-0.3471699508281964,0.6201226856591924,0.6150864289702075,-0.983580190323049
2618,939525.6503825893,939525.6800316251,right,-0.2831762731075287,-0.27066755294799805,-0.19772276282310486,0.4404240846633911,-0.6022642254829407,-0.6658111214637756,0.5574991106987,-0.9216919541358948,2.1592214107513428,0.84930332030768,0.3953801888671937,0.10377366315874245,-0.33404995214672645,0.5844067811824135,0.6463344228991874,-0.9502855906035881
2619,939525.6703825893,939525.6977637501,right,-0.2198040783405304,-0.36535564064979553,-0.2376854419708252,0.39916905760765076,-0.6290252804756165,-0.6670766472816467,0.5833344459533691,-1.0347175598144531,2.310364246368408,0.8553321178648245,0.39918726087742945,0.08432815932924992,-0.31928864428139114,0.5392316650278123,0.6802987852509804,-0.9095241940159894
2620,939525.6903825894,939525.7253748334,right,-0.18079873919487,-0.38256821036338806,-0.24553817510604858,0.35662463307380676,-0.6534983515739441,-0.6676516532897949,0.49992749094963074,-0.938303530216217,2.1988377571105957,0.8609813178329573,0.40244300247655895,0.06491384850539875,-0.30419887917701033,0.49059119512324495,0.7121970736506026,-0.8649452425807729
2621,939525.7103825894,939525.7285645001,right,-0.12890426814556122,-0.34128502011299133,-0.22011667490005493,0.31592097878456116,-0.6740615963935852,-0.6677087545394897,0.4405260682106018,-0.9259433746337891,2.128912925720215,0.866015358944251,0.40489107991901835,0.04699857752850409,-0.2896062849211918,0.4419312299463109,0.7396936104723633,-0.8191794919324876
2622,939525.7303825894,939525.7725284584,right,-0.09901666641235352,-0.35347121953964233,-0.20214508473873138,0.2729484736919403,-0.6929376125335693,-0.6673354506492615,0.4912863075733185,-1.098138689994812,2.176135540008545,0.8706085020660288,0.4068645485799452,0.028169577243430232,-0.2751519455636113,0.38825149603211184,0.765555531632168,-0.7702122472419535
2623,939525.7503825894,939525.7748084167,right,-0.11856726557016373,-0.3859728276729584,-0.2081318497657776,0.2279360294342041,-0.7107314467430115,-0.6655119061470032,0.57631516456604,-1.1398868560791016,2.035273551940918,0.8743323753536574,0.40887392126869865,0.008134907142983322,-0.26134072585325313,0.32997535147483564,0.7905374458212794,-0.7196153735442217
2624,939525.7703825894,939525.7902895417,right,-0.11586636304855347,-0.3852767050266266,-0.21472716331481934,0.18477347493171692,-0.7271878123283386,-0.6611025929450989,0.6833006143569946,-1.163927674293518,1.9182652235031128,0.8767135871003643,0.41148315447872014,-0.011416897357521709,-0.24884638558831687,0.27253844732364924,0.8142162882839038,-0.6712451378711325
2625,939525.7903825894,939525.8148513751,right,-0.08247480541467667,-0.361899197101593,-0.22630232572555542,0.13902154564857483,-0.7433727383613586,-0.654270589351654,0.7919104695320129,-1.3790522813796997,2.048673152923584,0.8781688946279371,0.41449812085441795,-0.032496764973624276,-0.2365473439427501,0.20936941464551204,0.8380987483949621,-0.6197723805359477
2626,939525.8103825895,939525.8303469584,right,-0.07019666582345963,-0.3757342994213104,-0.2616025507450104,0.08958546072244644,-0.7586734294891357,-0.6452822089195251,0.8111681938171387,-1.3845207691192627,2.0197408199310303,0.8789152223888507,0.417479365450465,-0.05540660007310856,-0.22394026284014268,0.1379496850909428,0.86127449554802,-0.5624192148751397
2627,939525.8303825895,939525.8805424167,right,-0.06009809300303459,-0.46463871002197266,-0.2929501533508301,0.04437454789876938,-0.7711119055747986,-0.6351514458656311,0.719186007976532,-1.1066107749938965,1.7998745441436768,0.8790244178797405,0.42028408632797015,-0.07606301039451656,-0.21187697713239692,0.06975119383917495,0.8805857376647864,-0.5059224973849099
2628,939525.8503825895,939525.8813735418,right,-0.02368970215320587,-0.47987765073776245,-0.2861526310443878,0.004983034450560808,-0.7800260186195374,-0.6257272958755493,0.5454733967781067,-0.8799992203712463,1.7007638216018677,0.8790856353218417,0.4223999287442461,-0.09335233133449729,-0.2001804681783656,0.0079634351479269,0.8947074403608065,-0.45161402896987995
2629,939525.8703825895,939525.890184125,right,0.02513597533106804,-0.3489406108856201,-0.25692421197891235,-0.03087468445301056,-0.7848994135856628,-0.6188535094261169,0.3072751462459564,-0.6704230308532715,1.6133531332015991,0.8797359705246026,0.42294612594952863,-0.10811960164493656,-0.1883912858630255,-0.0498487944941926,0.9025337903158795,-0.3977565490936772
2630,939525.8903825895,939525.9327540001,right,0.02062862180173397,-0.32218655943870544,-0.23773093521595,-0.06082694232463837,-0.7857298254966736,-0.6155717968940735,0.06801309436559677,-0.3685411214828491,1.3621355295181274,0.8811201692037511,0.4218578832543597,-0.11937349887448467,-0.17723724968884633,-0.09849397197647186,0.903875127772663,-0.34915877554939095
2631,939525.9103825896,939525.9334698333,right,-0.014409121125936508,-0.3886374831199646,-0.22926996648311615,-0.08442392200231552,-0.7838512659072876,-0.6151826977729797,-0.03170056268572807,-0.25147056579589844,1.2509727478027344,0.8829829829323541,0.4197777371435552,-0.127260878846727,-0.16712947815804188,-0.1363819900758738,0.9008440260632511,-0.30810101142642243
2632,939525.9303825896,939525.9501732917,right,0.01752522774040699,-0.3605010509490967,-0.20469464361667633,-0.10965871065855026,-0.7810415029525757,-0.6147756576538086,0.012322874739766121,-0.4765815734863281,1.448261022567749,0.8847643634007281,0.4172997924708312,-0.13591567023614173,-0.15677934995051887,-0.17651549578195627,0.8963318902544083,-0.2657194351756846
2633,939525.9503825896,939525.9699707084,right,0.09046930819749832,-0.2369527816772461,-0.17794059216976166,-0.14056016504764557,-0.7778360247612,-0.6125470995903015,0.07439542561769485,-0.6517021656036377,1.540493130683899,0.8860336254969845,0.4146944072073401,-0.14749576958358834,-0.14566420672647892,-0.22556337273888538,0.8912152821811636,-0.21779167095088345
2634,939525.9703825896,939525.9954115833,right,0.12398814409971237,-0.21068118512630463,-0.17422820627689362,-0.17038191854953766,-0.7743754386901855,-0.6093541979789734,0.09233667701482773,-0.5444709062576294,1.328480839729309,0.8867847856874699,0.4123779427867254,-0.15895705344953953,-0.13523939289782622,-0.2726476087147557,0.8857274709847793,-0.17274211535253628
2635,939525.9903825896,939526.0254912918,right,0.13737179338932037,-0.24935601651668549,-0.16873691976070404,-0.19672377407550812,-0.7711341977119446,-0.6055177450180054,0.17184095084667206,-0.5579891204833984,1.2952929735183716,0.8870928821444236,0.4106590829317944,-0.1691161567370151,-0.12579742944596903,-0.31412810647083866,0.8806207697156079,-0.13278102333405012
2636,939526.0103825897,939526.030191125,right,0.16605202853679657,-0.2777957022190094,-0.17463022470474243,-0.22526311874389648,-0.7681789398193359,-0.5992977023124695,0.2815139889717102,-0.6871257424354553,1.4052866697311401,0.8866861746291951,0.4095685068229295,-0.1805680319688156,-0.11591618680747089,-0.3595406613548516,0.8759919800355173,-0.09017124034836686
2637,939526.0303825897,939526.0557157918,right,0.20244337618350983,-0.21447718143463135,-0.1662096083164215,-0.253337025642395,-0.7653014063835144,-0.59172123670578,0.28842365741729736,-0.5408768057823181,1.2131314277648926,0.8857747271640117,0.4089900223366667,-0.19200667636635807,-0.10613011317132144,-0.4045236693949115,0.8715094999193729,-0.04811311018191232
2638,939526.0503825897,939526.0751954584,right,0.20608773827552795,-0.1739240139722824,-0.1528092473745346,-0.2740074396133423,-0.7627573013305664,-0.5857654213905334,0.22408124804496765,-0.2653089761734009,0.9046677947044373,0.8850345045596316,0.4087769098500748,-0.20004683728435532,-0.09796209520478237,-0.437538317182963,0.86756629028989,-0.015233069378702151
2639,939526.0703825897,939526.0902122083,right,0.1884085088968277,-0.19136972725391388,-0.14680922031402588,-0.2895563840866089,-0.7603905200958252,-0.5813461542129517,0.20799916982650757,-0.21257638931274414,0.8478662371635437,0.8845419953636077,0.4086920421426824,-0.20566417449724703,-0.0908762714157672,-0.46210974497337054,0.8639142213950004,0.0113000851257266
2640,939526.0903825897,939526.1151680417,right,0.18397848308086395,-0.1903420388698578,-0.1401492953300476,-0.3058178424835205,-0.757625162601471,-0.5766103863716125,0.2220609337091446,-0.27320531010627747,0.9043093919754028,0.8839169444377879,0.40853371330323374,-0.2116483352127609,-0.08364212537172025,-0.4876487468662145,0.8596668729850103,0.03841294757399058
2641,939526.1103825897,939526.1376261667,right,0.17894557118415833,-0.17126986384391785,-0.13499686121940613,-0.32136595249176025,-0.754621148109436,-0.5720759034156799,0.17353717982769012,-0.16552667319774628,0.7560327053070068,0.883265926762876,0.40830735145182656,-0.2173641786552062,-0.07667607161983381,-0.5118226462712432,0.8550766377499809,0.06413200702829842
2642,939526.1303825898,939526.1499266668,right,0.16554789245128632,-0.14917318522930145,-0.11593987792730331,-0.3324677646160126,-0.7518389821052551,-0.5693886876106262,0.10422901064157486,-0.050049375742673874,0.5901919603347778,0.8829846758473459,0.40797851594976214,-0.2210411975387695,-0.07094029192722658,-0.5284993999785204,0.8508468000588612,0.0836373341111197
2643,939526.1503825898,939526.1827623334,right,0.1575957089662552,-0.13912233710289001,-0.0992097482085228,-0.34179461002349854,-0.7488799095153809,-0.5677633881568909,0.0658266469836235,-0.08408977836370468,0.5763087868690491,0.8829136672185853,0.4073741190041524,-0.22397467736859364,-0.0659172954528901,-0.5418901810619857,0.8463703664216556,0.09988511163744301
2644,939526.1703825898,939526.1898656251,right,0.1622142493724823,-0.12204316258430481,-0.0910365879535675,-0.35166803002357483,-0.7454227209091187,-0.5662813186645508,0.02412130869925022,-0.13175565004348755,0.547162652015686,0.8828329145540759,0.4064136525993241,-0.227348414497859,-0.061210174934089534,-0.5557271037079213,0.8411688444115185,0.11534592110764719
2645,939526.1903825898,939526.2105945417,right,0.1438957154750824,-0.12282916903495789,-0.09267832338809967,-0.3598879873752594,-0.7419790029525757,-0.5656392574310303,-0.04224522039294243,-0.08171922713518143,0.37886494398117065,0.8828996277868332,0.40519839678270286,-0.23020565123079842,-0.057513782450921196,-0.5666483556284765,0.8360174578160612,0.12712795423477197
2646,939526.2103825898,939526.2352803751,right,0.11937633901834488,-0.1249852254986763,-0.0843375027179718,-0.36551815271377563,-0.7389611601829529,-0.5659796595573425,-0.07197091728448868,-0.11318615823984146,0.2944733798503876,0.8831464178792957,0.40386853049844335,-0.2321645934023362,-0.055157198801037824,-0.5734276062620925,0.8315272131452159,0.13413761450076983
2647,939526.2303825899,939526.2511135833,right,0.10645323246717453,-0.12601445615291595,-0.07382331788539886,-0.37301817536354065,-0.7357038259506226,-0.5653293132781982,-0.04665592312812805,-0.3211513161659241,0.4106505215167999,0.8830877726299966,0.40239495070131354,-0.23540105404793174,-0.053108791563850274,-0.5832508059967088,0.8267052935953437,0.14169390734488144
2648,939526.2503825899,939526.2955820417,right,0.11547043174505234,-0.12598827481269836,-0.08009790629148483,-0.38473883271217346,-0.7316970825195312,-0.5626681447029114,-0.030071403831243515,-0.4886445105075836,0.5131004452705383,0.8824769362702003,0.40072942469499945,-0.2410018155178764,-0.05068039896106222,-0.5997540460342893,0.82080838223794,0.15273503819833217
2649,939526.2703825899,939526.2963522084,right,0.13118253648281097,-0.12453936785459518,-0.08537746220827103,-0.3974912464618683,-0.7273546457290649,-0.5594245195388794,-0.06391407549381256,-0.4676021933555603,0.44655898213386536,0.8816852664489916,0.3989013985087819,-0.24731644098581504,-0.04840704544244525,-0.6177621588673076,0.8144593653649713,0.16386280076701068
2650,939526.2903825899,939526.3344040001,right,0.1330336183309555,-0.11513076722621918,-0.07483746856451035,-0.40710312128067017,-0.7234309315681458,-0.5575971603393555,-0.12957975268363953,-0.3207932710647583,0.2547668516635895,0.8812362796363138,0.3969753619651759,-0.2522141991578971,-0.047128210767395505,-0.6306447108675965,0.8087590590091619,0.17055928055603528
2651,939526.3103825899,939526.3351995001,right,0.11139477044343948,-0.09813503175973892,-0.05289232358336449,-0.4121825397014618,-0.7203765511512756,-0.5578199028968811,-0.17716839909553528,-0.18615122139453888,0.0778045728802681,0.8813000611235899,0.3950694610618361,-0.25497093109100477,-0.04711735054962827,-0.6363701060173722,0.8043451287497138,0.17156752558786512
2652,939526.33038259,939526.3552004584,right,0.08042886108160019,-0.08185384422540665,-0.029044177383184433,-0.4143851101398468,-0.7181199789047241,-0.5590962171554565,-0.17608927190303802,-0.14339593052864075,0.00813346542418003,0.8816194939765535,0.3933412253033308,-0.2563875876939395,-0.04790683988452072,-0.6378256982370027,0.8010971090329048,0.1692523411621991
2653,939526.35038259,939526.371730125,right,0.05996877700090408,-0.06708814948797226,-0.013147306628525257,-0.41648340225219727,-0.7162377238273621,-0.5599510073661804,-0.13418906927108765,-0.19799627363681793,0.031334321945905685,0.8818110353650711,0.39183775115491015,-0.2578520860645461,-0.04883426738714568,-0.6395119600968606,0.7983961296999996,0.1669216895494026
2654,939526.37038259,939526.4198005,right,0.05868786573410034,-0.05481629818677902,-0.006798348855227232,-0.4200056195259094,-0.7146068811416626,-0.5594035387039185,-0.06562018394470215,-0.28209078311920166,0.09199847280979156,0.8816183555841273,0.3906734297396441,-0.26013943351432944,-0.04950652717944631,-0.6440191851686189,0.7960620409033643,0.16654881803454105
2655,939526.39038259,939526.4204265,right,0.07741709798574448,-0.04889640584588051,-0.011702303774654865,-0.4254419803619385,-0.713097095489502,-0.5572177171707153,-0.009364927187561989,-0.34922948479652405,0.16763435304164886,0.8809875076889652,0.3898533906667721,-0.2634492253379948,-0.049696844183449114,-0.652092400784593,0.7939060825229158,0.16890117982736091
2656,939526.41038259,939526.433053,right,0.10855315625667572,-0.05185580998659134,-0.023195279762148857,-0.43173062801361084,-0.7115951180458069,-0.5542933344841003,-0.00288216071203351,-0.3149995803833008,0.16465002298355103,0.8801674288989804,0.3892088009811424,-0.2671513871517353,-0.049517487751028134,-0.6617325541956242,0.7917659936247171,0.17277655420545346
2657,939526.43038259,939526.4689479168,right,0.13824312388896942,-0.05725250020623207,-0.03400809317827225,-0.4363906979560852,-0.7102936506271362,-0.5523097515106201,-0.03632444888353348,-0.2003869116306305,0.08375131338834763,0.8796062059908469,0.38857464013749327,-0.2699164431540375,-0.04947526616056975,-0.6686871488143075,0.7899153731236623,0.17524843902266118
2658,939526.4503825901,939526.4710843334,right,0.16192826628684998,-0.07182730734348297,-0.04942747578024864,-0.4387395977973938,-0.7092700004577637,-0.551764190196991,-0.072207972407341,-0.11603099852800369,0.02891266532242298,0.8794327230143251,0.3878845555547827,-0.2714102125703697,-0.04980149563599335,-0.6717814281173116,0.7884621308608275,0.1753202097874243
2659,939526.4703825901,939526.4916466251,right,0.1909390240907669,-0.10369213670492172,-0.07949934899806976,-0.44037437438964844,-0.7080796360969543,-0.5519906282424927,-0.09322816133499146,-0.11533381789922714,0.05280906707048416,0.8794757219257832,0.3870138517964337,-0.27244261799542846,-0.050177740635068455,-0.6733939167490384,0.7867750032596736,0.17453190735482607
2660,939526.4903825901,939526.5352995001,right,0.23634383082389832,-0.16423210501670837,-0.12081393599510193,-0.44315826892852783,-0.7061859965324402,-0.5521883964538574,-0.1157790794968605,-0.18407060205936432,0.11714178323745728,0.879525438772753,0.38579194962548025,-0.27398974050229685,-0.05029087434037025,-0.6762933081750585,0.7840968776170658,0.1745248730884827
2661,939526.5103825901,939526.53638575,right,0.32277876138687134,-0.21470342576503754,-0.17518191039562225,-0.44708290696144104,-0.7036653757095337,-0.552242636680603,-0.16154083609580994,-0.2163648158311844,0.07992856204509735,0.8795297371925777,0.38416919035382074,-0.27621140824001594,-0.0504847679211455,-0.6805533750050219,0.7805430706388582,0.174583826991141
2662,939526.5303825901,939526.5677025417,right,0.41264107823371887,-0.2550099492073059,-0.22549811005592346,-0.44840916991233826,-0.7017573714256287,-0.5535934567451477,-0.24652723968029022,-0.09547488391399384,-0.1794651597738266,0.8798242700314098,0.38240234122828404,-0.27743781624771807,-0.05201833710397733,-0.6808072084127231,0.7778613673732894,0.1701759588034355
2663,939526.5503825902,939526.5712162084,right,0.4734973907470703,-0.30373549461364746,-0.26881274580955505,-0.4437514543533325,-0.7015631198883057,-0.557578444480896,-0.334383100271225,0.06357397139072418,-0.48880329728126526,0.8807201672437498,0.38077709276513666,-0.2760789961269907,-0.05586632774532148,-0.6722082740774864,0.7775887259919382,0.15760191365524803
2664,939526.5703825902,939526.5953609584,right,0.49886244535446167,-0.369225412607193,-0.3061509132385254,-0.43413349986076355,-0.7027285695075989,-0.5636494755744934,-0.38993334770202637,0.12694653868675232,-0.6926912069320679,0.882049369396554,0.37926097112035373,-0.27264704190926703,-0.06175535873610782,-0.656316212086672,0.779225537670034,0.13799479961369096
2665,939526.5903825902,939526.6177807084,right,0.5246349573135376,-0.4215554893016815,-0.34192484617233276,-0.4217976927757263,-0.7047839164733887,-0.5704088807106018,-0.4167448878288269,0.1233181431889534,-0.8581014275550842,0.8834091295411811,0.3778709521300165,-0.2683451550663217,-0.06922924515303926,-0.6367248881027942,0.7821185741740843,0.11369515789193418
2666,939526.6103825902,939526.64287125,right,0.5454975962638855,-0.4382416903972626,-0.35845664143562317,-0.4066082835197449,-0.7077857255935669,-0.5776756405830383,-0.4568123519420624,0.16013076901435852,-1.0920934677124023,0.8846928423298324,0.3766738499290048,-0.26320906283465445,-0.07846320283768245,-0.6133182708080651,0.7863588602339772,0.08426444452231863
2667,939526.6303825902,939526.6552600834,right,0.5319311022758484,-0.4602351784706116,-0.36848852038383484,-0.3863843083381653,-0.7119385600090027,-0.5863879919052124,-0.5301201939582825,0.27921757102012634,-1.3966152667999268,0.8860589477745344,0.3757330317959593,-0.256184934402606,-0.08996496099297029,-0.582622180984452,0.7922548984361113,0.04713193959616333
2668,939526.6503825902,939526.6728220001,right,0.48344993591308594,-0.47288888692855835,-0.3708046078681946,-0.3606860935688019,-0.7166344523429871,-0.5969427227973938,-0.6030198335647583,0.3619532287120819,-1.6311094760894775,0.8875332049623391,0.37485963018784263,-0.2469998259354552,-0.1037121564052189,-0.5435183619960874,0.7989648448387308,0.0015550416079479254
2669,939526.6703825903,939526.6979117084,right,0.4188636839389801,-0.47740960121154785,-0.37510403990745544,-0.33178824186325073,-0.7208871841430664,-0.6084721088409424,-0.6379081010818481,0.3693987727165222,-1.7518216371536255,0.8888670361234241,0.37383502691218795,-0.23666715463917942,-0.118960258747078,-0.49921294456396426,0.8050816550763129,-0.04984480599509506
2670,939526.6903825903,939526.7190785417,right,0.347795695066452,-0.4892014265060425,-0.3893454670906067,-0.3005833923816681,-0.7244064807891846,-0.6203909516334534,-0.6615113615989685,0.4397420585155487,-1.8981016874313354,0.8898967630554372,0.3727543912671158,-0.22551875176868383,-0.13520087374633716,-0.45117609037770273,0.8101731018568613,-0.10536785690816639
2671,939526.7103825903,939526.7326793334,right,0.254082053899765,-0.49821531772613525,-0.39782583713531494,-0.26497501134872437,-0.7272792458534241,-0.6331295967102051,-0.6846868395805359,0.6135814189910889,-2.0983564853668213,0.8906743071424091,0.37189547362580067,-0.21243577963520682,-0.15252561098136594,-0.3963660473709673,0.8143494905236676,-0.16641853477561894
2672,939526.7303825903,939526.7689118334,right,0.13308767974376678,-0.5031799077987671,-0.4040420353412628,-0.22400502860546112,-0.729188859462738,-0.646610677242279,-0.6902169585227966,0.796626627445221,-2.25956654548645,0.8911393510281629,0.3713972824267468,-0.19687240410285406,-0.17080964835621482,-0.3334904622806692,0.8171358925205475,-0.2332832891569097
2673,939526.7503825903,939526.7778160834,right,0.00940380897372961,-0.4943477213382721,-0.4128701388835907,-0.17927885055541992,-0.7296200394630432,-0.6599345803260803,-0.6636534929275513,0.9187715649604797,-2.296386480331421,0.8911428578546414,0.37125531938980527,-0.17944972356298153,-0.18929269211507863,-0.26525982970726386,0.8177662498221114,-0.30312106866059346
2674,939526.7703825904,939526.7958019584,right,-0.07844769209623337,-0.4958532154560089,-0.44242405891418457,-0.13360297679901123,-0.7281570434570312,-0.672262966632843,-0.6222493052482605,0.9828502535820007,-2.210952043533325,0.8906641753880183,0.3712859498229499,-0.16129250201262849,-0.20699939758346741,-0.19618005515709172,0.8156293273010857,-0.37173398659564477
2675,939526.7903825904,939526.8177168751,right,-0.12529698014259338,-0.4957897961139679,-0.47482338547706604,-0.08840823173522949,-0.7247936129570007,-0.6832702159881592,-0.5943998098373413,1.073156714439392,-2.1105682849884033,0.8898062777350775,0.3714085825741397,-0.14290054486342108,-0.2233381115499712,-0.12867493666378468,0.8107348437994039,-0.4365512601735551
2676,939526.8103825904,939526.8352288334,right,-0.1407732516527176,-0.4933324456214905,-0.4904097318649292,-0.04195283353328705,-0.7193809747695923,-0.6933476328849792,-0.6121976375579834,1.287655234336853,-2.113290548324585,0.8887072239017816,0.37163907247118466,-0.12333119554087903,-0.23848114985392513,-0.06043394906147409,0.8029107488836833,-0.4986781818832365
2677,939526.8303825904,939526.8565083334,right,-0.15895873308181763,-0.5103738903999329,-0.4891873002052307,0.009360908530652523,-0.7110611796379089,-0.7030677199363708,-0.7034621238708496,1.6242395639419556,-2.2244153022766113,0.8874117826047627,0.37190123505207257,-0.10077506120716287,-0.2530495434315152,0.013313609394239083,0.7910063713711081,-0.5611227059653692
2678,939526.8503825904,939526.9094460417,right,-0.21252411603927612,-0.533261239528656,-0.4691851735115051,0.06683409959077835,-0.6985442042350769,-0.7124388813972473,-0.8308150768280029,1.923471212387085,-2.322065830230713,0.8858729081414994,0.3718008131249906,-0.07446301028384644,-0.2672985522958294,0.09353657046400096,0.7733610627145959,-0.6242042340337939
2679,939526.8703825905,939526.9097932917,right,-0.2607973515987396,-0.5170636177062988,-0.43099600076675415,0.12769530713558197,-0.6814134120941162,-0.7206730842590332,-0.9343188405036926,2.05405855178833,-2.308417558670044,0.8839715107903962,0.37091624575861437,-0.04565755538543439,-0.2809465546111248,0.17536881275165497,0.7496921182009175,-0.6846025001415215
2680,939526.8903825905,939526.9122595417,right,-0.2899852693080902,-0.47430723905563354,-0.38101714849472046,0.18826085329055786,-0.6602532267570496,-0.7270649671554565,-0.9947077035903931,2.0666701793670654,-2.2586188316345215,0.8816146257566156,0.36905983131722575,-0.016197828223734376,-0.2937482499989465,0.25336806193256306,0.7211559186530954,-0.7392256361208545
2681,939526.9103825905,939526.9557517084,right,-0.31819140911102295,-0.45183396339416504,-0.3318769037723541,0.24743035435676575,-0.6359430551528931,-0.7309955954551697,-0.9952830672264099,2.044888734817505,-2.234732151031494,0.8785756381534283,0.36650836600332154,0.013184596080581729,-0.30594532343969055,0.3263790518259315,0.6892299713990528,-0.7882555921618819
2682,939526.9303825905,939526.9564491251,right,-0.34669384360313416,-0.4266335964202881,-0.2886943817138672,0.30492499470710754,-0.6094021201133728,-0.7318810224533081,-0.9339267611503601,1.9964278936386108,-2.240387439727783,0.8745707640255577,0.3637108333619302,0.04211821384232793,-0.31790955008149496,0.3947615561717425,0.655306341216921,-0.8330499987692684
2683,939526.9503825905,939526.985269875,right,-0.3805672526359558,-0.37434566020965576,-0.23848511278629303,0.3603617548942566,-0.5815507769584656,-0.7293408513069153,-0.819574773311615,1.9188940525054932,-2.2573916912078857,0.869365431877686,0.361111828614831,0.07019846112293482,-0.3299608523799818,0.45891036476369135,0.6206336937652828,-0.8750148088381606
2684,939526.9703825905,939526.9977402918,right,-0.4242485463619232,-0.3288940489292145,-0.19406399130821228,0.4133342504501343,-0.5531644225120544,-0.7233006358146667,-0.6694536805152893,1.8449416160583496,-2.262608051300049,0.8628637414205629,0.35905402236732686,0.09710771583548569,-0.3422226343117594,0.5191665955157294,0.5861580325341632,-0.91510857231815
2685,939526.9903825906,939527.015302625,right,-0.476396381855011,-0.33726808428764343,-0.16380594670772552,0.46368709206581116,-0.5247716903686523,-0.7138689756393433,-0.5323452949523926,1.7904882431030273,-2.2326438426971436,0.8551614667667404,0.35773885920443127,0.12283503020347221,-0.3544478629544628,0.5760524620100107,0.5524469503442875,-0.9534249600261222
2686,939527.0103825906,939527.0461403751,right,-0.5354593396186829,-0.32434818148612976,-0.12131430208683014,0.5114102959632874,-0.4963369369506836,-0.7015049457550049,-0.45418113470077515,1.78107750415802,-2.1831557750701904,0.8465236715556724,0.3570208551933029,0.14759290346418025,-0.3662650632842949,0.6299374143503612,0.5193742031378666,-0.9893964914005001
2687,939527.0303825906,939527.0752682084,right,-0.5858865976333618,-0.2690356969833374,-0.06904931366443634,0.5573568344116211,-0.46703019738197327,-0.6864664554595947,-0.4377686083316803,1.8370202779769897,-2.150541305541992,0.8371342242274314,0.35655611185616953,0.17214683428187527,-0.3774116032418626,0.6819679958754308,0.485929227953736,-1.0225533568132499
2688,939527.0503825906,939527.07595175,right,-0.6352526545524597,-0.2293199747800827,-0.014549816027283669,0.6018806099891663,-0.4363005757331848,-0.6688659191131592,-0.45958128571510315,1.8924514055252075,-2.11141037940979,0.8271194869477345,0.356060960076187,0.19694583725842946,-0.387693659924522,0.7327336182869925,0.45148321556571974,-1.0524153421957854
2689,939527.0703825906,939527.0940464584,right,-0.6907775402069092,-0.2092018574476242,0.044914256781339645,0.6448774337768555,-0.40378421545028687,-0.6489155888557434,-0.4936218857765198,1.9380017518997192,-2.094376564025879,0.8165249356117753,0.3552799015835507,0.22207749436278656,-0.3971711347273258,0.7822770489791542,0.41564954734227283,-1.0789266698399995
2690,939527.0903825907,939527.11793375,right,-0.7369239330291748,-0.16245514154434204,0.10833333432674408,0.6855271458625793,-0.3699911832809448,-0.6270240545272827,-0.48972293734550476,1.8834749460220337,-2.006467580795288,0.8054478576523001,0.35418860038918315,0.24705954513446773,-0.4059136505809793,0.8299407385915505,0.3789995646579117,-1.1022183361882705
2691,939527.1103825907,939527.1390811667,right,-0.7524723410606384,-0.08792197704315186,0.17010773718357086,0.7208518385887146,-0.3379411995410919,-0.605118453502655,-0.40796396136283875,1.6577420234680176,-1.736682415008545,0.7947182379249838,0.3530208026511298,0.2698464264152152,-0.4134998740987319,0.8724595956832294,0.34472855415535086,-1.1214888241532457
2692,939527.1303825907,939527.1776748333,right,-0.740416407585144,-0.03318176418542862,0.21211060881614685,0.749059796333313,-0.31069085001945496,-0.5851329565048218,-0.29241523146629333,1.371240496635437,-1.4078220129013062,0.785177103768706,0.3521800225561625,0.2887953974039428,-0.4195989598624322,0.9076514308770841,0.3159198009972474,-1.1366584785893712
2693,939527.1503825907,939527.1789621251,right,-0.709560751914978,0.01490431185811758,0.24728238582611084,0.7713512182235718,-0.2882411479949951,-0.5673925876617432,-0.21539582312107086,1.1796584129333496,-1.195487141609192,0.7768581470830654,0.3517623639359423,0.30424820493553567,-0.4244852392218701,0.9365864069150321,0.292389543963146,-1.1488547945707897
2694,939527.1703825907,939527.1952389167,right,-0.6683198809623718,0.07549694925546646,0.28490328788757324,0.7904636263847351,-0.2678651511669159,-0.5508316159248352,-0.2082786113023758,1.1057541370391846,-1.136854648590088,0.7691254035504952,0.3514022778744447,0.31796327294544435,-0.4287911430688115,0.9621901311201423,0.2711765402184715,-1.159362554694917
2695,939527.1903825908,939527.2137632917,right,-0.6290255784988403,0.13678136467933655,0.3122997581958771,0.8080645203590393,-0.2473333328962326,-0.5346568822860718,-0.23250949382781982,1.0569028854370117,-1.1344754695892334,0.7614946110658732,0.3506990387379756,0.33118237132284284,-0.4329600892253413,0.9862740469855552,0.24992713431893854,-1.1687872932428707
2696,939527.2103825908,939527.2383625001,right,-0.6033971309661865,0.1686745136976242,0.335480272769928,0.8240610957145691,-0.22648611664772034,-0.5192566514015198,-0.24931412935256958,0.9588920474052429,-1.0958740711212158,0.7540554730297813,0.3494828164937433,0.3438509248299946,-0.4370683526716491,1.0085243572909175,0.22846856137419397,-1.1770670573753637
2697,939527.2303825908,939527.2730003333,right,-0.5772430896759033,0.20972932875156403,0.3664136826992035,0.837561845779419,-0.20650151371955872,-0.5058135986328125,-0.2421262264251709,0.7748897075653076,-0.9913480281829834,0.7472671971598793,0.34778094446530167,0.35516421824191713,-0.44101999380847473,1.0275053724520498,0.20799807667611214,-1.1839925627404642
2698,939527.2503825908,939527.2734866667,right,-0.5520508289337158,0.26283812522888184,0.40254300832748413,0.8481341004371643,-0.18826498091220856,-0.4952019453048706,-0.2237791270017624,0.6107597351074219,-0.9132434129714966,0.7414318756274636,0.34568369219923556,0.36455703347443086,-0.44483685410660356,1.042319930549387,0.1893952655981983,-1.1897455981167966
2699,939527.2703825908,939527.2976269583,right,-0.5588642954826355,0.2852261960506439,0.4344041645526886,0.8571658730506897,-0.1702568531036377,-0.48608559370040894,-0.22897005081176758,0.5545694828033447,-0.9608622193336487,0.7359046333155824,0.3432181803810558,0.3730395507473262,-0.4488730743455754,1.054931038947099,0.17109034769726875,-1.1952469643210832
2700,939527.2903825908,939527.3152669584,right,-0.6143197417259216,0.292955219745636,0.4654351770877838,0.8655667901039124,-0.15100713074207306,-0.4774838984012604,-0.19239100813865662,0.5009062886238098,-0.9947487711906433,0.7301253282038188,0.340298497951111,0.38138562862835906,-0.45349630754630577,1.0666925872919968,0.15158703339166302,-1.2012222694734538
2701,939527.3103825909,939527.3518977084,right,-0.6753913760185242,0.3121122717857361,0.48581361770629883,0.8719402551651001,-0.1335270255804062,-0.4710528254508972,-0.07197561115026474,0.25465497374534607,-0.8159874081611633,0.7248627780685444,0.33748447326325565,0.38804359682525663,-0.4583670730863426,1.075481004616462,0.13392705415665818,-1.207680768942077
2702,939527.3303825909,939527.3550349168,right,-0.720294177532196,0.31989893317222595,0.4924776554107666,0.874110221862793,-0.1224631518125534,-0.4700363278388977,0.11205585300922394,-0.1505676954984665,-0.4445677697658539,0.7216413598328305,0.33535021217881733,0.3905407691043841,-0.46287356116321265,1.077421364515285,0.12277135892905038,-1.2140737260520218
2703,939527.3503825909,939527.3752378334,right,-0.7353739738464355,0.30370381474494934,0.4824807643890381,0.871311604976654,-0.12001379579305649,-0.47582846879959106,0.2839866280555725,-0.5447723269462585,-0.06286980956792831,0.7212133932831805,0.33415548542036877,0.3878477652443554,-0.46665345797324476,1.0709477232715123,0.12030380441995743,-1.2200135406389738
2704,939527.3703825909,939527.3954117501,right,-0.7220498323440552,0.29677119851112366,0.4597265124320984,0.8644948601722717,-0.12467069178819656,-0.48693516850471497,0.3907594382762909,-0.7984646558761597,0.19940543174743652,0.7230802781056053,0.3337093947166774,0.3810124292318021,-0.4697046897361135,1.0578299440763745,0.1249959491703982,-1.2252897547928283
2705,939527.3903825909,939527.4176920834,right,-0.7023882865905762,0.28912782669067383,0.4380296468734741,0.8550885319709778,-0.1338743269443512,-0.5009005665779114,0.4236706793308258,-0.9256068468093872,0.39545938372612,0.7264139472578339,0.33369304444327524,0.37175085504354577,-0.4719884351386427,1.0408924528524868,0.13427750482017625,-1.2294403083233894
2706,939527.410382591,939527.4391037917,right,-0.6856949329376221,0.27021461725234985,0.4231336712837219,0.8439856767654419,-0.14644509553909302,-0.5159863829612732,0.41016966104507446,-0.9737133383750916,0.5814363360404968,0.7308432523921318,0.3340080703330344,0.3611723053634833,-0.4731397902704713,1.0220594768633278,0.14697367620135512,-1.2315864800614091
2707,939527.430382591,939527.4553630417,right,-0.6661118865013123,0.24948850274085999,0.41016656160354614,0.8314823508262634,-0.16206806898117065,-0.5313858985900879,0.38035911321640015,-0.9977553486824036,0.7880779504776001,0.7362941425307508,0.3346483683899778,0.3497392289057013,-0.4728253835368468,1.0021342614275617,0.1627860981426801,-1.2309951730388737
2708,939527.450382591,939527.4775549168,right,-0.6312847137451172,0.22946681082248688,0.3943741023540497,0.8177250027656555,-0.18054085969924927,-0.5465625524520874,0.3389151096343994,-0.9723159074783325,0.9767969846725464,0.7427071597706574,0.33563900524725254,0.33773538251707447,-0.47081548431886266,0.9815988144837785,0.18153634939767074,-1.2271796629636804
2709,939527.470382591,939527.4953827084,right,-0.59993577003479,0.2081851065158844,0.38082143664360046,0.8033101558685303,-0.20104210078716278,-0.5606021881103516,0.291763573884964,-0.8999494910240173,1.123970627784729,0.7497156505395417,0.33704258175159546,0.3257318380560113,-0.4671481902336316,0.9615046205176422,0.20242164531373785,-1.220303965972903
2710,939527.490382591,939527.516436,right,-0.5831310153007507,0.18084123730659485,0.36646488308906555,0.7882696390151978,-0.22326070070266724,-0.5733982920646667,0.2754271924495697,-0.8621700406074524,1.2726573944091797,0.7571610507187352,0.3388796961942066,0.3137856518078265,-0.4619591190501591,0.9419077861121703,0.22515835937161696,-1.2106579227695644
2711,939527.510382591,939527.5386741668,right,-0.5728840231895447,0.1376131922006607,0.34047025442123413,0.7717879414558411,-0.24765749275684357,-0.5856698155403137,0.30860382318496704,-0.8906857967376709,1.4325395822525024,0.7650889442592582,0.3411958563269034,0.3012482307267888,-0.4554928696028983,0.9216564674030004,0.25026169761785,-1.198721923534368
2712,939527.5303825911,939527.5568703334,right,-0.549140989780426,0.09138039499521255,0.3044687807559967,0.7528373599052429,-0.2749522030353546,-0.5980278253555298,0.39341482520103455,-0.9722471833229065,1.6114418506622314,0.7735259950823759,0.34412824570620215,0.28733576224822754,-0.4479638192117831,0.8995006840870893,0.27854002382124476,-1.1849836868894215
2713,939527.5503825911,939527.5828294584,right,-0.5047228932380676,0.06670115143060684,0.26678231358528137,0.7305533289909363,-0.3055551052093506,-0.6106782555580139,0.5007036924362183,-1.0751928091049194,1.7703721523284912,0.7823933390662827,0.3477884940518874,0.2714848789076692,-0.43954506449608394,0.8745381974985106,0.3105213825702507,-1.1697785513534742
2714,939527.5703825911,939527.6063457084,right,-0.45598116517066956,0.05800348147749901,0.23106098175048828,0.7051246762275696,-0.338571697473526,-0.6230316758155823,0.6080723404884338,-1.132981300354004,1.85663640499115,0.7913010284689486,0.35211357128960347,0.2539689243862917,-0.430532877733679,0.8471294050758054,0.3453985526114271,-1.1535454938581444
2715,939527.5903825911,939527.6152507918,right,-0.427446573972702,0.013964144513010979,0.18849222362041473,0.6775564551353455,-0.37275025248527527,-0.6340146660804749,0.7081865668296814,-1.1320236921310425,1.8815065622329712,0.7997117875603301,0.35711245107607065,0.23550667545483425,-0.42127000954700666,0.8185842175011696,0.38197113863566085,-1.1370265353986408
2716,939527.6103825911,939527.6754234168,right,-0.40611976385116577,-0.05607869476079941,0.13504396378993988,0.6483958959579468,-0.4083612859249115,-0.6425136923789978,0.7856325507164001,-1.1136740446090698,1.894135594367981,0.8072772787474182,0.363257411218114,0.2163035620394281,-0.41177687716375466,0.7899548122223823,0.4206581325209766,-1.1208908390873664
2717,939527.6303825912,939527.6754632083,right,-0.38327670097351074,-0.12713654339313507,0.08036120980978012,0.617719292640686,-0.4429573118686676,-0.6497782468795776,0.8630786538124084,-1.095324158668518,1.9067645072937012,0.8143957201305748,0.3692011830330672,0.19698065026943312,-0.40205572836189957,0.7601104706999025,0.45889458831023344,-1.1032325685843076
2718,939527.6503825912,939527.6760158334,right,-0.3491632342338562,-0.1773427277803421,0.010622641071677208,0.5858470797538757,-0.47769176959991455,-0.654670774936676,0.9284195899963379,-1.0832056999206543,1.927268624305725,0.8207435924782759,0.3757562591927924,0.17740306804845826,-0.39206561925027483,0.7299751775961761,0.49802547525839364,-1.085015587427117
2719,939527.6703825912,939527.6957056251,right,-0.3361629545688629,-0.2387426197528839,-0.06992917507886887,0.5526520013809204,-0.511943519115448,-0.6576393246650696,0.9378136992454529,-1.0640007257461548,1.9139257669448853,0.8264596102295804,0.3825395358198111,0.15761930144097086,-0.3818168129274934,0.6988692951183444,0.5374457944720891,-1.0655847492898662
2720,939527.6903825912,939527.7191225834,right,-0.3466145694255829,-0.2882651388645172,-0.13060441613197327,0.5186929106712341,-0.5443336963653564,-0.6592863202095032,0.8933202028274536,-1.0666228532791138,1.892246961593628,0.8316288125446232,0.3889594481863345,0.13808475749559054,-0.3715327951411746,0.6666087460156342,0.5755946690785937,-1.0445616149264925
2721,939527.7103825912,939527.738962125,right,-0.3556489050388336,-0.3024331331253052,-0.16511239111423492,0.4820737838745117,-0.5753715634346008,-0.6607211828231812,0.8613739609718323,-1.1927077770233154,2.022240400314331,0.8367606433207303,0.39464235395266484,0.11788480151968035,-0.3608217188243577,0.6303282438791075,0.6130583976640177,-1.019894865257534
2722,939527.7303825913,939527.7564412084,right,-0.3382948040962219,-0.3374677002429962,-0.20890718698501587,0.44049981236457825,-0.6059413552284241,-0.6624159812927246,0.8326411247253418,-1.323438048362732,2.1474149227142334,0.8421876505075218,0.3994974349872805,0.09588445086986581,-0.34918174516242495,0.5868407745921038,0.6509487434377031,-0.9893082423820636
2723,939527.7503825913,939527.7780039584,right,-0.29917749762535095,-0.3521607220172882,-0.23969726264476776,0.39603307843208313,-0.6345852017402649,-0.6636711955070496,0.7845904231071472,-1.3524338006973267,2.128403425216675,0.8474412004026021,0.4035060774133091,0.07312493961482984,-0.3371633420470219,0.5380122713454963,0.6874717551703232,-0.9540473468930603
2724,939527.7703825913,939527.7966171667,right,-0.250241219997406,-0.3411853015422821,-0.2523360252380371,0.3511419892311096,-0.6601646542549133,-0.6639893651008606,0.71214759349823,-1.3198440074920654,2.0409083366394043,0.8521439170330831,0.4067306659682764,0.05074933181842186,-0.3253388173379874,0.48645005213350395,0.7210379728528084,-0.9159685076076692
2725,939527.7903825913,939527.8156532918,right,-0.22235450148582458,-0.33378589153289795,-0.2636193037033081,0.3078215420246124,-0.6818966865539551,-0.6635230779647827,0.5994899272918701,-1.1970587968826294,1.903915524482727,0.8562812759954855,0.40908708505168223,0.029769850892940198,-0.313917056975434,0.4343692597710909,0.7503525771202664,-0.8761545949383198
2726,939527.8103825913,939527.8678365834,right,-0.21398703753948212,-0.36159366369247437,-0.2719186544418335,0.2676922678947449,-0.6992136240005493,-0.6629036068916321,0.5469695329666138,-1.1808807849884033,1.900651454925537,0.860096710835203,0.4103951210655669,0.011138434300368266,-0.3027960150948806,0.383793269483883,0.7742969664343329,-0.8350993754884986
2727,939527.8303825913,939527.8678840001,right,-0.20503602921962738,-0.39089950919151306,-0.2812843918800354,0.2269793450832367,-0.7150325179100037,-0.6612176895141602,0.4944491386413574,-1.1647026538848877,1.8973875045776367,0.8634932367669814,0.41150326045611857,-0.007498409415551115,-0.29152747021318803,0.330671018994507,0.7966706648258803,-0.791405452946964
2728,939527.8503825914,939527.8762692084,right,-0.17145073413848877,-0.359525203704834,-0.26543256640434265,0.1849629431962967,-0.7287366986274719,-0.6593417525291443,0.429370254278183,-1.176142930984497,1.8522881269454956,0.8667134991901401,0.4118630435904552,-0.026419266789333373,-0.28014023775939023,0.27349704098157496,0.8164753742294787,-0.7441449348578212
2729,939527.8703825914,939527.9003878334,right,-0.1311294287443161,-0.3243841528892517,-0.2509539723396301,0.14346493780612946,-0.7397684454917908,-0.6573891639709473,0.3626677095890045,-1.1580655574798584,1.7705470323562622,0.8696152073499097,0.41145039765150143,-0.044877776874966774,-0.2691913070949982,0.21486563306125425,0.8327261816506538,-0.6957065328860143
2730,939527.8903825914,939527.9167683751,right,-0.09117642045021057,-0.34781309962272644,-0.25372493267059326,0.10199996829032898,-0.748681366443634,-0.6550360321998596,0.34357643127441406,-1.1787358522415161,1.775867223739624,0.8722005111128542,0.41048038958916466,-0.06314944235155065,-0.25842639815064966,0.15447602261650778,0.846070755330534,-0.6457620891726154
2731,939527.9103825914,939527.9679985833,right,-0.056093983352184296,-0.32285964488983154,-0.2476825714111328,0.06322385370731354,-0.755609393119812,-0.6519641876220703,0.3175819516181946,-1.058870553970337,1.5679121017456055,0.8741975783099911,0.4093696950447759,-0.08021463021021659,-0.2485170985069905,0.09667217526122045,0.8565839804730337,-0.5981101766508506
2732,939527.9303825914,939527.9681615417,right,-0.020884346216917038,-0.2991901636123657,-0.24253398180007935,0.024320706725120544,-0.7612531185150146,-0.647998571395874,0.2915875315666199,-0.9390053153038025,1.3599568605422974,0.8758495229593707,0.40809742288241807,-0.09724825354241676,-0.2385097056170976,0.03751445057243739,0.865243478439416,-0.549068082071377
2733,939527.9503825915,939527.9762084584,right,-0.01805580034852028,-0.2896451950073242,-0.23354487121105194,-0.009181234985589981,-0.765482485294342,-0.6433912515640259,0.3234879672527313,-0.9375472664833069,1.2835692167282104,0.8767912710614153,0.4071191368917898,-0.11206429507121869,-0.23007119015737748,-0.014269078473892747,0.8717909185758718,-0.5065858091558609
2734,939527.9703825915,939527.9967898751,right,-0.016000647097826004,-0.3353731632232666,-0.24890880286693573,-0.04349440336227417,-0.7696301937103271,-0.6370067596435547,0.4356701672077179,-1.0753569602966309,1.4109219312667847,0.8771294260784702,0.40648758242757155,-0.12753223080345114,-0.22169207591927795,-0.06817351618974304,0.8782617855064493,-0.46309326753243235
2735,939527.9903825915,939528.0215998334,right,0.008120793849229813,-0.3740355968475342,-0.2687107026576996,-0.08014962077140808,-0.7740678191184998,-0.6280089020729065,0.5326776504516602,-1.088246464729309,1.433814287185669,0.8767862876045581,0.40641201848838815,-0.14430809351026197,-0.212721447598599,-0.12693872976502796,0.8852413720350268,-0.41580229866803875
2736,939528.0103825915,939528.0365838751,right,0.040556203573942184,-0.36608320474624634,-0.2637117803096771,-0.11341571807861328,-0.7781466245651245,-0.6177577972412109,0.5249483585357666,-0.8580260276794434,1.2226808071136475,0.8759099275110964,0.4070059764347961,-0.1595845877128951,-0.20410970884610813,-0.18157051716014452,0.8917096380247874,-0.3709143014017007
2737,939528.0303825915,939528.07879075,right,0.05498042330145836,-0.3313275873661041,-0.24954450130462646,-0.140448659658432,-0.7813999652862549,-0.6080199480056763,0.486565500497818,-0.6620237827301025,1.0920379161834717,0.8749174853439285,0.40801234683523335,-0.17180209481156208,-0.19628898751671614,-0.22701176877927504,0.89690614314236,-0.33180598772824127
2738,939528.0503825916,939528.0797630417,right,0.06074841693043709,-0.33103039860725403,-0.23947539925575256,-0.16580532491207123,-0.7837890982627869,-0.5984840989112854,0.48871535062789917,-0.6368312835693359,1.1740577220916748,0.8739735719793651,0.40901850686721497,-0.1829257430811284,-0.18818123639040749,-0.2702637897640068,0.9007439119276603,-0.2928692821417427
2739,939528.0703825916,939528.0992791668,right,0.09228485077619553,-0.35523396730422974,-0.2412634640932083,-0.19265523552894592,-0.7852386832237244,-0.5884590744972229,0.4958714544773102,-0.6217580437660217,1.2679108381271362,0.8730139563921941,0.40984391871800924,-0.19441820527455483,-0.17909791205033845,-0.3163914764076339,0.9030815526571356,-0.25026151911780364
2740,939528.0903825916,939528.1419808334,right,0.1472313553094864,-0.33886557817459106,-0.23439204692840576,-0.21941471099853516,-0.7856619358062744,-0.5784396529197693,0.47070053219795227,-0.523555338382721,1.261508822441101,0.8720834391224151,0.41053080229634603,-0.2055350673322119,-0.16938163046408902,-0.36255418489406044,0.9037653940659193,-0.2062133626024253
2741,939528.1103825916,939528.142223375,right,0.19312062859535217,-0.26937738060951233,-0.2136695235967636,-0.2436322420835495,-0.7850891947746277,-0.5694544315338135,0.41090819239616394,-0.3502279818058014,1.1568164825439453,0.8713466000546652,0.41109399605093694,-0.2151151449796241,-0.15963194433562658,-0.4042690328478424,0.9028401431367108,-0.16432792056888057
2742,939528.1303825916,939528.183010375,right,0.21859455108642578,-0.2103552222251892,-0.19069674611091614,-0.26341378688812256,-0.7838029861450195,-0.5623754858970642,0.33215072751045227,-0.15603028237819672,1.004170536994934,0.8709552069537406,0.4115756245283076,-0.2223011101299716,-0.15041565928893838,-0.43804537667219956,0.9007662730268615,-0.1275954454329803
2743,939528.1503825916,939528.1839875417,right,0.2160789519548416,-0.198049396276474,-0.17128625512123108,-0.2787649631500244,-0.7819985747337341,-0.5574659705162048,0.24602575600147247,-0.003019149648025632,0.8435648083686829,0.8709585825528944,0.411889344542963,-0.22718756218426733,-0.14200048380080454,-0.46369347612225165,0.8978659928224834,-0.09673788394613883
2744,939528.1703825917,939528.1973349584,right,0.1806894987821579,-0.18583866953849792,-0.14971798658370972,-0.29014959931373596,-0.7799341082572937,-0.554541289806366,0.17131848633289337,0.09145677834749222,0.686366081237793,0.8712869761971338,0.4120049989667685,-0.23017656895091654,-0.1346465537059988,-0.4820541401899103,0.8945605841323905,-0.07190495576968037
2745,939528.1903825917,939528.2178701668,right,0.15155217051506042,-0.1569981575012207,-0.12537987530231476,-0.2991195619106293,-0.777827799320221,-0.552730917930603,0.14502106606960297,0.06653369963169098,0.62930828332901,0.8717252752547019,0.4119680387700821,-0.2322001005835217,-0.12829860816829614,-0.49603610132816733,0.8912021021298587,-0.05151904650551683
2746,939528.2103825917,939528.2503840417,right,0.1481124311685562,-0.1466490477323532,-0.111617311835289,-0.30948394536972046,-0.7754722833633423,-0.550329327583313,0.1588483452796936,-0.0918150544166565,0.6939375400543213,0.8719100205444533,0.41173016323004463,-0.23518850005841033,-0.12221899333065935,-0.5122841411075231,0.8874628153764187,-0.03082543938204601
2747,939528.2303825917,939528.2752190417,right,0.16379092633724213,-0.12401580065488815,-0.10338813811540604,-0.32197925448417664,-0.7728061079978943,-0.5469003319740295,0.15108947455883026,-0.1914721429347992,0.6789450645446777,0.8717280365889191,0.41128089037306226,-0.23957855056091706,-0.1163626186116484,-0.5320950852805104,0.8832509377006118,-0.009146944358097119
2748,939528.2503825917,939528.277735125,right,0.16703586280345917,-0.09354324638843536,-0.09149663150310516,-0.33334872126579285,-0.7702075839042664,-0.5437453389167786,0.08953773975372314,-0.1713632345199585,0.5061816573143005,0.8714469785543582,0.4106867757778046,-0.24385186957131413,-0.11159262174887177,-0.549967463308357,0.879166645655643,0.009092993160455864
2749,939528.2703825918,939528.2779370417,right,0.1702364981174469,-0.06321532279253006,-0.07964161783456802,-0.3446739912033081,-0.767464280128479,-0.540553867816925,0.027986014261841774,-0.1512543261051178,0.3334182798862457,0.8711296706833557,0.4100755754497796,-0.24811510509535134,-0.10681794803496157,-0.5676309154299006,0.8748764399904448,0.027124751188067703
2750,939528.2903825918,939528.2978849584,right,0.10384490340948105,-0.04621293768286705,-0.05774679780006409,-0.3481050431728363,-0.7659989595413208,-0.5404335856437683,-0.08326677232980728,-0.03412654250860214,0.007222235668450594,0.8712165316019692,0.40930916403583983,-0.24949798062422718,-0.1058228223891269,-0.5722318250970605,0.8725939032046515,0.03089032860032769
2751,939528.3103825918,939528.319448875,right,0.027535319328308105,-0.04913444072008133,-0.047927577048540115,-0.3473533093929291,-0.7653834819793701,-0.5417876243591309,-0.11950838565826416,-0.1077207624912262,-0.13059403002262115,0.8714547354124818,0.4084943766091844,-0.24947654753217247,-0.10705377590653944,-0.5701105368554492,0.8716370576439314,0.026782532439456587
2752,939528.3303825918,939528.3692712918,right,0.011051681824028492,-0.05817790329456329,-0.048405326902866364,-0.35217881202697754,-0.7643939852714539,-0.540066659450531,-0.0683690682053566,-0.3991956412792206,0.04935785382986069,0.8707705787231794,0.4073643793092253,-0.253023617654459,-0.10859105033953574,-0.577851829219115,0.8701009578751249,0.026416176900024235
2753,939528.3503825918,939528.3693313334,right,-0.0054463897831737995,-0.06722193956375122,-0.04892319068312645,-0.35698986053466797,-0.763403594493866,-0.5383057594299316,-0.01722974330186844,-0.6906704902648926,0.22930972278118134,0.870071779171941,0.40622745357108736,-0.2565665430681601,-0.11012644202366031,-0.5855800395300115,0.8685662127306382,0.02603229991614859
2754,939528.3703825918,939528.3777347084,right,0.019776152446866035,-0.0416540689766407,-0.05411531403660774,-0.3689728081226349,-0.7612629532814026,-0.5332333445549011,-0.04418903961777687,-0.7738624811172485,0.26322537660598755,0.8685054080279093,0.40451434958983373,-0.2641050766356114,-0.11097327862803402,-0.6053053927169765,0.8652586562667024,0.03224711594180307
2755,939528.3903825919,939528.3978264168,right,0.04372318834066391,-0.009117897599935532,-0.05118298530578613,-0.3799095153808594,-0.7587809562683105,-0.5290748476982117,-0.13569824397563934,-0.6825931072235107,0.13864971697330475,0.867121264347312,0.40236483927023114,-0.27122889887579993,-0.1124193485439244,-0.6227467417065824,0.8614395114052421,0.035785141585474196
2756,939528.4103825919,939528.4396467501,right,0.04530661925673485,-0.020217012614011765,-0.055503468960523605,-0.3880642056465149,-0.7562175393104553,-0.5268217921257019,-0.2121552675962448,-0.6003383994102478,0.05892474576830864,0.8661806623675569,0.39987249471251984,-0.27693160278040657,-0.11463829772401345,-0.6348787787046855,0.8575129554179869,0.03497427123255838
2757,939528.4303825919,939528.4437799584,right,0.03448811173439026,-0.03755497932434082,-0.06330657005310059,-0.39506131410598755,-0.753325879573822,-0.5257630944252014,-0.25573188066482544,-0.5997201204299927,0.05955833941698074,0.865524848230453,0.39698160217770234,-0.2820001479524916,-0.11725349071689355,-0.6444001038094063,0.8531047832405247,0.03182503613771769
2758,939528.4503825919,939528.4817971251,right,0.03764473646879196,-0.03118637576699257,-0.0657283365726471,-0.4029148817062378,-0.7498080134391785,-0.5248310565948486,-0.28737592697143555,-0.6495791077613831,0.11568865925073624,0.8649119354500604,0.3936592857905709,-0.28743147768385463,-0.11976213786188138,-0.6547357201142394,0.8477719196527963,0.028920493419249686
2759,939528.470382592,939528.4828311667,right,0.08230637013912201,-0.03232725337147713,-0.0854460671544075,-0.4124085605144501,-0.7453422546386719,-0.5238168239593506,-0.3321428596973419,-0.7390428781509399,0.18531543016433716,0.8643008558223516,0.3897266312071554,-0.2936064818878158,-0.12203440629083373,-0.6669578871722475,0.8410481428218765,0.02685808288679356
2760,939528.490382592,939528.5028856667,right,0.12148284167051315,-0.05348695442080498,-0.09486093372106552,-0.4231205880641937,-0.7399560213088989,-0.5229092240333557,-0.3931346535682678,-0.7504618167877197,0.17546173930168152,0.8636984513611392,0.3850888630344845,-0.3004196513683277,-0.12441723203243124,-0.6803053169164514,0.8330050509494796,0.024470523362796766
2761,939528.510382592,939528.5177382084,right,0.13506513833999634,-0.03962719067931175,-0.0890381708741188,-0.43222734332084656,-0.7344897985458374,-0.5231674909591675,-0.4491347372531891,-0.6369633674621582,0.0699862465262413,0.8633505365144003,0.38018961254156436,-0.30638558462576415,-0.12731671874961756,-0.6904981615984573,0.8249145937228417,0.019351248554307844
2762,939528.530382592,939528.5500046667,right,0.11932450532913208,-0.03685082122683525,-0.08576901257038116,-0.43859171867370605,-0.7295027375221252,-0.5248457193374634,-0.45386803150177,-0.520366370677948,0.0004437814641278237,0.863332965233204,0.37543844652587877,-0.31084261850044115,-0.13068672458112543,-0.6961088978779642,0.8175947180088996,0.011334271741544706
2763,939528.550382592,939528.5752466251,right,0.12713664770126343,-0.04922831058502197,-0.09567907452583313,-0.44435247778892517,-0.7247693538665771,-0.5265550017356873,-0.386152982711792,-0.5237581133842468,0.07594630122184753,0.8633592262428738,0.37096967602683306,-0.31480790027067934,-0.1337469529584784,-0.7009339730125758,0.8106996139018156,0.0038099805929936773
2764,939528.570382592,939528.578504125,right,0.19324682652950287,-0.08262079209089279,-0.1305820345878601,-0.452462375164032,-0.7200319766998291,-0.5261480212211609,-0.24565084278583527,-0.5879049897193909,0.2360592931509018,0.8629736959733318,0.3669870602373595,-0.3197600856109625,-0.1354635157092464,-0.7102438201307714,0.80384844604821,0.001286458657644106
2765,939528.590382592,939528.6227429584,right,0.29483580589294434,-0.1563868224620819,-0.20755934715270996,-0.4621866047382355,-0.7157305479049683,-0.5235581994056702,-0.13156753778457642,-0.5383755564689636,0.25623005628585815,0.8621437544789803,0.36376716720175206,-0.3254141392097924,-0.1359673624932119,-0.7232193416623438,0.7976696685433629,0.0032978468686356574
2766,939528.6103825921,939528.6235758334,right,0.385803759098053,-0.20575593411922455,-0.2779502272605896,-0.47038576006889343,-0.712665319442749,-0.5204280614852905,-0.055420830845832825,-0.415718674659729,0.18734970688819885,0.8612223546120931,0.3615867641331082,-0.3302135834803655,-0.13605155636012933,-0.7349348337534434,0.7932903961050686,0.0063584354430952774
2767,939528.6303825921,939528.6394427083,right,0.4783225953578949,-0.2264230102300644,-0.3397948145866394,-0.4757726490497589,-0.7110829949378967,-0.5176883935928345,-0.03132199868559837,-0.27174851298332214,0.05086671561002731,0.8603760836816361,0.36036190210021624,-0.3336092152773964,-0.136371420812544,-0.7432315516971615,0.7910373861538982,0.008218865006032564
2768,939528.6503825921,939528.6825212084,right,0.5526428818702698,-0.2565035820007324,-0.39718446135520935,-0.4766044020652771,-0.7111604809761047,-0.5168163180351257,-0.08352743834257126,-0.06194203719496727,-0.19833648204803467,0.859901231125233,0.35987892082285594,-0.33478204385617694,-0.13776105991206536,-0.7449420190637063,0.7911475647005833,0.005746860229693096
2769,939528.6703825921,939528.6828321667,right,0.5340131521224976,-0.3205561339855194,-0.4214624762535095,-0.47187355160713196,-0.712910532951355,-0.5187427401542664,-0.13196010887622833,0.08019781112670898,-0.38568419218063354,0.8599806647845615,0.35995748768775004,-0.33325553807235875,-0.14072925102828193,-0.7381202816521941,0.7936400084046947,-0.0030420039337227494
2770,939528.6903825921,939528.6988709167,right,0.48255476355552673,-0.360262006521225,-0.46188464760780334,-0.46656927466392517,-0.7151451706886292,-0.520461916923523,-0.037442680448293686,-0.05879921093583107,-0.26316338777542114,0.8599556295942743,0.3603204490079433,-0.3315693501124021,-0.1439005223429628,-0.730851593049373,0.7968318205185064,-0.012237771070619786
2771,939528.7103825922,939528.73929075,right,0.47252577543258667,-0.4145296514034271,-0.5542059540748596,-0.46616554260253906,-0.7172184586524963,-0.5179644823074341,0.12605227530002594,-0.3170022964477539,-0.10518347471952438,0.8588942106214922,0.3610148629392666,-0.33269511396458085,-0.1458863441806841,-0.732812460425348,0.7998025314633687,-0.014904959411031298
2772,939528.7303825922,939528.7413942501,right,0.5084156394004822,-0.5223971605300903,-0.6128139495849609,-0.4671723544597626,-0.7203943133354187,-0.512622594833374,0.14869162440299988,-0.2838418781757355,-0.29174184799194336,0.8569737372582149,0.3624251960377142,-0.33516665468408297,-0.14801081434619381,-0.7390438926546989,0.804370704406744,-0.015481626756091634
2773,939528.7503825922,939528.7823673334,right,0.5599343180656433,-0.5533620715141296,-0.5966057181358337,-0.4601286053657532,-0.7257644534111023,-0.5114172101020813,-0.12233869731426239,0.2118067592382431,-0.8248129487037659,0.855789919455427,0.36443807995161703,-0.3338806704912949,-0.15274862158953742,-0.7326564307395783,0.8121450195056923,-0.02628979124572971
2774,939528.7703825922,939528.7825798751,right,0.5192636847496033,-0.538112998008728,-0.544188916683197,-0.43715962767601013,-0.7324666380882263,-0.5219043493270874,-0.5856254696846008,0.9891042709350586,-1.4377074241638184,0.8572374581765195,0.366171377639113,-0.32398515038178627,-0.1615429390240968,-0.6972651966073634,0.8219381002783415,-0.05833650404510015
2775,939528.7903825922,939528.7992518333,right,0.40525802969932556,-0.561942994594574,-0.48970088362693787,-0.40005627274513245,-0.7375302910804749,-0.5440624952316284,-0.944781482219696,1.469581961631775,-1.7140597105026245,0.8614258846382846,0.36660627356110953,-0.3058898666563219,-0.17313758334865462,-0.6340350356311548,0.8294059509152796,-0.10981121780262394
2776,939528.8103825923,939528.8332105418,right,0.3119608461856842,-0.5592928528785706,-0.45669522881507874,-0.35640236735343933,-0.7395123839378357,-0.5710505247116089,-1.085339069366455,1.6532636880874634,-1.8638174533843994,0.8666037266278976,0.36577012885886007,-0.2840545353403558,-0.18580394790544028,-0.5579641791869343,0.8323457388080299,-0.170535973595161
2777,939528.8303825923,939528.8707630001,right,0.18822883069515228,-0.5911195874214172,-0.4255708158016205,-0.3066084086894989,-0.7396540641784668,-0.5990853309631348,-1.1289725303649902,1.8285043239593506,-2.1196815967559814,0.8715769240090442,0.36484807396816293,-0.2595057518574897,-0.19974076562763124,-0.47303839318442353,0.8325562050980846,-0.23823762610060217
2778,939528.8503825923,939528.8737604584,right,0.05885174870491028,-0.5864309668540955,-0.36358776688575745,-0.24988184869289398,-0.7386025786399841,-0.6261192560195923,-1.0814578533172607,1.9485195875167847,-2.3714513778686523,0.8756204768980723,0.3646345126853457,-0.23234036726464558,-0.21528698728319678,-0.37972702515818796,0.8309951484440222,-0.31300482130632057
2779,939528.8703825923,939528.8789558334,right,-0.03841504454612732,-0.525421142578125,-0.3091730773448944,-0.1891261339187622,-0.7363920211791992,-0.6495830416679382,-0.9313753247261047,1.8995425701141357,-2.4996113777160645,0.8780765638836089,0.36539666219298744,-0.204190558090171,-0.23189014785670087,-0.2833179221679279,0.8277219376364146,-0.3912709889657199
2780,939528.8903825923,939528.923003125,right,-0.13529850542545319,-0.5050634741783142,-0.27052488923072815,-0.1279410868883133,-0.7333818674087524,-0.6676691770553589,-0.7395253777503967,1.7396517992019653,-2.5575313568115234,0.878530193022036,0.36724071878759684,-0.1769171251383911,-0.2490369269233364,-0.18932836746675646,0.8232834349699533,-0.46958891227169314
2781,939528.9103825924,939528.9239432501,right,-0.2709416151046753,-0.4954127371311188,-0.2592253088951111,-0.06805874407291412,-0.7297005653381348,-0.6803712844848633,-0.5546879768371582,1.5462712049484253,-2.5746402740478516,0.8769731248201517,0.370025213031292,-0.1513132646304647,-0.266652916976114,-0.09970008640434966,0.8178839525523428,-0.5471192570683616
2782,939528.9303825924,939528.9477699584,right,-0.3748829662799835,-0.48810112476348877,-0.24956612288951874,-0.012481410056352615,-0.725381076335907,-0.6882343888282776,-0.3796328604221344,1.2664912939071655,-2.374584436416626,0.8737994622780447,0.3733452311159977,-0.12843740649341492,-0.2838869534826272,-0.018133394553339965,0.8115879248685434,-0.6204702917307074
2783,939528.9503825924,939528.9707749167,right,-0.40245065093040466,-0.5349221229553223,-0.2724883258342743,0.036894094198942184,-0.719841718673706,-0.6931570768356323,-0.380132257938385,1.1450108289718628,-2.2806971073150635,0.8698300558755426,0.37634230429296855,-0.10857231596230632,-0.29995703179946154,0.05317601900731481,0.8035743177884076,-0.6867500121443284
2784,939528.9703825924,939528.9789257083,right,-0.4301137924194336,-0.493917316198349,-0.2651476263999939,0.08956034481525421,-0.7099493741989136,-0.6985347867012024,-0.6366291046142578,1.496929407119751,-2.591663122177124,0.8654879145267059,0.3784450932006405,-0.08667147444284228,-0.31654075501935786,0.12751607725192043,0.7894263814898484,-0.7544293173174809
2785,939528.9903825924,939529.0002464583,right,-0.5015333294868469,-0.4773995876312256,-0.22196181118488312,0.1509917825460434,-0.6923506855964661,-0.7055862545967102,-0.9303736686706543,1.777463436126709,-2.7302489280700684,0.8609088740261148,0.3790477838465286,-0.0594109824742969,-0.33410918597265044,0.2108152091235428,0.7647417958637572,-0.825438854067788
2786,939529.0103825924,939529.0253439167,right,-0.570079505443573,-0.48108425736427307,-0.1821763813495636,0.21051959693431854,-0.668662428855896,-0.7131423354148865,-1.071353554725647,1.5932095050811768,-2.380396842956543,0.8566782847463739,0.377413270792316,-0.031433383929450526,-0.3502476441111894,0.28704733696069457,0.7324084901239613,-0.8869463775855656
2787,939529.0303825925,939529.056343,right,-0.5314827561378479,-0.4016226828098297,-0.14671030640602112,0.25947266817092896,-0.6425430178642273,-0.720980167388916,-1.1519808769226074,1.2924842834472656,-2.0027103424072266,0.8533745017123655,0.37344264094753565,-0.007108722917963908,-0.3636508902842832,0.34545716187345804,0.6978124832463217,-0.9324280828780975
2788,939529.0503825925,939529.0743909584,right,-0.4829983115196228,-0.30849066376686096,-0.10297766327857971,0.30256181955337524,-0.6139662861824036,-0.7290416955947876,-1.2572506666183472,1.2870665788650513,-1.992580533027649,0.8505067215681904,0.3677519253895823,0.015416925999171691,-0.37571177030470615,0.3933813423645957,0.6610757455859443,-0.9684799973721813
2789,939529.0703825925,939529.08532125,right,-0.4805682897567749,-0.3168143630027771,-0.06194233149290085,0.3462885916233063,-0.5816945433616638,-0.7360133528709412,-1.3163992166519165,1.3337645530700684,-2.0667405128479004,0.8470936428051004,0.361208566473693,0.039008979386480715,-0.3878646894412425,0.43976404207942843,0.6208104155560313,-1.0019085618872414
2790,939529.0903825925,939529.1003722501,right,-0.50355064868927,-0.3032110631465912,-0.014282294549047947,0.3888433277606964,-0.5473021268844604,-0.7411215901374817,-1.2776824235916138,1.2661173343658447,-2.0259528160095215,0.8430079913229499,0.354293476260819,0.0625727427100038,-0.39987288018770023,0.4831873134480433,0.57913737313109,-1.0323875874609423
2791,939529.1103825925,939529.1331111251,right,-0.4900270998477936,-0.18708527088165283,0.03780309855937958,0.4275222420692444,-0.5128321051597595,-0.7444648742675781,-1.1832984685897827,1.1371538639068604,-1.9135034084320068,0.8384618104110427,0.34730091722115264,0.08455554720462484,-0.41135665270257565,0.5212839187318079,0.5384805321682306,-1.0591395084221198
2792,939529.1303825926,939529.1694893751,right,-0.4830150306224823,-0.16725078225135803,0.06510485708713531,0.4621454179286957,-0.4795936942100525,-0.7459299564361572,-1.0714737176895142,1.0451236963272095,-1.7816332578659058,0.8336064830549531,0.3406823540245695,0.10474053036008443,-0.4219776418582743,0.5546750359165681,0.5001916448049186,-1.0823830211026766
2793,939529.1503825926,939529.1700612918,right,-0.5073294043540955,-0.20365585386753082,0.07920339703559875,0.49320676922798157,-0.44786787033081055,-0.7457623481750488,-0.9838190674781799,0.9818688631057739,-1.6689411401748657,0.8285492345953531,0.3345305289254847,0.12332143894897787,-0.4317259435673208,0.5843098954047095,0.4643792755524164,-1.1027039924307571
2794,939529.1703825926,939529.1801313751,right,-0.5003124475479126,-0.12589509785175323,0.10511837899684906,0.5213028788566589,-0.41741833090782166,-0.7443152666091919,-0.9088318943977356,0.9202335476875305,-1.5339723825454712,0.8234259424443426,0.3287241603661242,0.14065136698297512,-0.44059882481984625,0.610980429113709,0.430602467543697,-1.1203480670428554
2795,939529.1903825926,939529.2054104584,right,-0.47031545639038086,-0.06065382435917854,0.1218881607055664,0.5467402338981628,-0.3886435627937317,-0.7416409850120544,-0.8538182973861694,0.9334635138511658,-1.4213106632232666,0.8184008182508952,0.3233796074729195,0.1568603178461551,-0.4483756095400412,0.6352609073875488,0.39915899683003975,-1.1352130676128909
2796,939529.2103825926,939529.2264986667,right,-0.4828203320503235,-0.11725445091724396,0.12688657641410828,0.5717669725418091,-0.3605504631996155,-0.7369436025619507,-0.8404059410095215,1.041629433631897,-1.363010048866272,0.8131797986590145,0.31864179541318033,0.17319246072893466,-0.45520359388925585,0.6598488073466767,0.36885800256811707,-1.1482353748620748
2797,939529.2303825927,939529.2403582501,right,-0.47951197624206543,-0.08000893890857697,0.15529769659042358,0.5965670347213745,-0.3329983055591583,-0.7302190661430359,-0.8276529908180237,1.0861369371414185,-1.2534066438674927,0.8078764093652138,0.3144052102766167,0.1898416286403656,-0.4609178425688021,0.6850032216350664,0.33948159320093085,-1.1590049515554446
2798,939529.2503825927,939529.2834700834,right,-0.463492751121521,0.03909723833203316,0.20042447745800018,0.6205303072929382,-0.3062398433685303,-0.7219136357307434,-0.8239011168479919,1.1441513299942017,-1.177477240562439,0.8026374358643548,0.31051670107713875,0.20645238328494378,-0.46554265607119183,0.7100198711089489,0.3112406098184459,-1.1673833910379197
2799,939529.2703825927,939529.28390275,right,-0.46817734837532043,0.01855955459177494,0.20848160982131958,0.643917977809906,-0.28033313155174255,-0.7118868827819824,-0.7798781991004944,1.160415530204773,-1.0528366565704346,0.7973342430018184,0.30707744028277945,0.22306950676486628,-0.46925636386435743,0.7353083385587564,0.2841411533571359,-1.1739610845681037
2800,939529.2903825927,939529.3078239583,right,-0.47642087936401367,-0.034811295568943024,0.2127010077238083,0.6643198132514954,-0.2581922709941864,-0.7014384865760803,-0.6575194001197815,1.0219910144805908,-0.7757082581520081,0.792719680832266,0.3043910698197858,0.23796394466905074,-0.4715027224932687,0.7582268118060076,0.26115057734624125,-1.1777000310152417
2801,939529.3103825927,939529.3267036667,right,-0.4215770363807678,0.057342443615198135,0.23725415766239166,0.681433379650116,-0.24050937592983246,-0.6912335157394409,-0.5508940815925598,0.9719117283821106,-0.6689563393592834,0.7888619025641497,0.3025882465621527,0.25064636170505794,-0.4725607651480346,0.7782588172920988,0.24289062865893898,-1.179431798234646
2802,939529.3303825927,939529.3403898751,right,-0.4073370397090912,0.12923261523246765,0.27684521675109863,0.6994366645812988,-0.22263982892036438,-0.6791316270828247,-0.5569337606430054,1.1826976537704468,-0.8842104077339172,0.7842078443361336,0.30138252228309764,0.2638233771018597,-0.47390269876860086,0.8001262220840417,0.22452145671246426,-1.182433070471332
2803,939529.3503825928,939529.382588,right,-0.4922695755958557,0.09735225886106491,0.33148622512817383,0.7212900519371033,-0.19980785250663757,-0.6631873250007629,-0.6726861000061035,1.3958594799041748,-1.1520735025405884,0.7776156673668781,0.30000163850113687,0.2800095624942488,-0.4763481458937357,0.8273408448348971,0.20116183980868133,-1.1877810893125644
2804,939529.3703825928,939529.38262825,right,-0.603254497051239,0.10153879970312119,0.4028889834880829,0.7444935441017151,-0.1728488951921463,-0.6448662877082825,-0.7609783411026001,1.405990719795227,-1.1962778568267822,0.7698997677852814,0.29782375044947795,0.29810717799671843,-0.47925707719662647,0.8569829970702724,0.1737213987018921,-1.193102219385288
2805,939529.3903825928,939529.4017117084,right,-0.6646327376365662,0.17934031784534454,0.4757954478263855,0.7642479538917542,-0.14686396718025208,-0.627977728843689,-0.7407631874084473,1.102004051208496,-0.9219656586647034,0.7630490808411611,0.2948275120063002,0.31478227035092565,-0.4813989781527472,0.8829667982507864,0.14739714104316864,-1.1954023488712864
2806,939529.4103825928,939529.4903842084,right,-0.6497049927711487,0.2036905288696289,0.5017346143722534,0.7697523236274719,-0.1363379806280136,-0.623613178730011,-0.611419677734375,0.7098590731620789,-0.5844091176986694,0.7622057068345651,0.29179280087485304,0.3210146263179382,-0.480467622223014,0.8898982806059007,0.1367639566163648,-1.1901889968390122
2807,939529.4303825928,939529.4904199584,right,-0.6346908211708069,0.22806133329868317,0.5275192260742188,0.775169849395752,-0.12583261728286743,-0.6190942525863647,-0.48207613825798035,0.3177139163017273,-0.24685250222682953,0.7613244476000168,0.2887435758444405,0.32723083955902554,-0.47951233282872463,0.8968753016259766,0.1261670981312414,-1.1849084741968978
2808,939529.4503825929,939529.4905711251,right,-0.6195892095565796,0.252454549074173,0.5531501173973083,0.7805002927780151,-0.1153496652841568,-0.6144214272499084,-0.3527325987815857,-0.07443120330572128,0.09070408344268799,0.760405479638967,0.28568004617622705,0.3334309673736108,-0.4785333205462358,0.9038999981573537,0.11560703144972233,-1.1795607013920375
2809,939529.4703825929,939529.4910126667,right,-0.5989080667495728,0.2679862380027771,0.5592169761657715,0.7790311574935913,-0.11295698583126068,-0.616726279258728,-0.243133544921875,-0.1953890025615692,0.14581114053726196,0.762086885933356,0.2831203297969512,0.3338858558173995,-0.477060592333377,0.9011627314070305,0.11319861091447475,-1.1734325286847105
2810,939529.4903825929,939529.5052387917,right,-0.6084045171737671,0.2674589157104492,0.564691424369812,0.775975227355957,-0.1130373403429985,-0.620552122592926,-0.15832239389419556,-0.259920597076416,0.22485576570034027,0.7641762715126768,0.2810945255011775,0.33273085440352124,-0.4757210895975395,0.8962346463935862,0.11327947987360464,-1.1681415254663123
2811,939529.5103825929,939529.527494,right,-0.62164306640625,0.28882279992103577,0.569808840751648,0.7708070278167725,-0.11704950779676437,-0.6262235045433044,-0.11486142128705978,-0.4569179117679596,0.5420873165130615,0.7674374436576301,0.2796442184452183,0.3296776857377457,-0.4734462970368828,0.8885245126941249,0.11731846524844301,-1.161426293460412
2812,939529.5303825929,939529.5525540834,right,-0.6016145348548889,0.2975497841835022,0.5496687889099121,0.7614929676055908,-0.12738659977912903,-0.6355320811271667,-0.14670057594776154,-0.7051384449005127,0.9980188608169556,0.7733631238822686,0.2784564658571997,0.32356756048752655,-0.4686954778853413,0.8753187206425176,0.12773368477952995,-1.149543151813247
2813,939529.550382593,939529.567793125,right,-0.5468359589576721,0.2544788420200348,0.4926813244819641,0.7487808465957642,-0.14199526607990265,-0.6474292278289795,-0.2591415345668793,-0.7527758479118347,1.22733736038208,0.7816225808529964,0.27702898118590985,0.315500130406897,-0.4612817770188892,0.8578616202295551,0.14247684221132975,-1.131550406844217
2814,939529.570382593,939529.6054319168,right,-0.5069352388381958,0.20442795753479004,0.45140862464904785,0.7362568378448486,-0.15600228309631348,-0.6584749221801758,-0.3512328267097473,-0.5985080599784851,1.2015464305877686,0.79019949473947,0.27524254056591096,0.3082273347243173,-0.4525729827243178,0.8411088394176676,0.15664210035527576,-1.1104282573461206
2815,939529.590382593,939529.6059087084,right,-0.4747936427593231,0.1997281312942505,0.4337122440338135,0.7251207232475281,-0.1688099354505539,-0.6676100492477417,-0.3094002604484558,-0.5170596837997437,1.1727207899093628,0.7981393376633434,0.2736824180372024,0.3021471878621934,-0.44359744612785185,0.8266682210625471,0.16962218261742645,-1.0890953426389354
2816,939529.610382593,939529.6288486667,right,-0.47553056478500366,0.1883869618177414,0.42176347970962524,0.7140059471130371,-0.18237340450286865,-0.6759700179100037,-0.14931878447532654,-0.5467222332954407,1.1554749011993408,0.8054625407249074,0.2729639695838843,0.29581359903282606,-0.4349885815586532,0.8127558344032334,0.18339982556475004,-1.0694445622682713
2817,939529.630382593,939529.6412123333,right,-0.4782907962799072,0.17833995819091797,0.4135572612285614,0.7009097337722778,-0.19880925118923187,-0.6849821209907532,0.09781753271818161,-0.7513450980186462,1.2531288862228394,0.8125173286540347,0.27347834276328264,0.2876083287753618,-0.4269739111798361,0.7968903630206536,0.20014279661951972,-1.052154755261453
2818,939529.650382593,939529.681439875,right,-0.48260700702667236,0.1397707611322403,0.38264137506484985,0.6824707388877869,-0.22099323570728302,-0.6967034935951233,0.38318678736686707,-1.0916571617126465,1.4689356088638306,0.8202043914535477,0.2753929274665205,0.2753307300370033,-0.419066388694808,0.7750788312292228,0.22283280147772613,-1.035976575189283
2819,939529.6703825931,939529.6823547917,right,-0.45319172739982605,0.1037878468632698,0.3442293703556061,0.6573836207389832,-0.2494455873966217,-0.7110722064971924,0.6282174587249756,-1.3900145292282104,1.678617238998413,0.8287062212737785,0.27865025937041227,0.25849169526251853,-0.41083097975791477,0.7461853798429785,0.2521077301855028,-1.0196095583631575
2820,939529.6903825931,939529.7038525001,right,-0.40483081340789795,0.07723622769117355,0.2873191833496094,0.627675473690033,-0.2814966142177582,-0.7257983088493347,0.7808324098587036,-1.4436733722686768,1.6745258569717407,0.8371861063696903,0.282949678064022,0.2388311840790749,-0.4025153344473147,0.7130277476950496,0.2853534755789345,-1.0032314438360719
2821,939529.7103825931,939529.7452776667,right,-0.4224284887313843,0.009270753711462021,0.22279983758926392,0.5974061489105225,-0.3137160539627075,-0.738029956817627,0.8773861527442932,-1.38083815574646,1.6202483177185059,0.8445456867839435,0.28809667860820143,0.21905559106149855,-0.39466133339921494,0.6804830537760983,0.3191041598192923,-0.9881152840460217
2822,939529.7303825931,939529.7459519167,right,-0.4492616355419159,-0.06721268594264984,0.16029903292655945,0.5656753182411194,-0.34687355160713196,-0.7481244802474976,0.9498350024223328,-1.401302695274353,1.743822693824768,0.8513176881096316,0.29396529693039525,0.19880187591877552,-0.3864201909566568,0.6474094018237512,0.3542356740417205,-0.9721614837961691
2823,939529.7503825931,939529.7750853334,right,-0.4115231931209564,-0.07997111231088638,0.10494285821914673,0.531712532043457,-0.38084203004837036,-0.7564662098884583,0.947270393371582,-1.3583651781082153,1.8208926916122437,0.857952037078527,0.3001570301899849,0.17796813900555464,-0.37702983207023416,0.6126629636120151,0.3907068324840442,-0.9531064592019378
2824,939529.7703825932,939529.791678,right,-0.38322556018829346,-0.1115860715508461,0.05645042657852173,0.4976099729537964,-0.413959264755249,-0.7622480392456055,0.9395090341567993,-1.2323099374771118,1.8279732465744019,0.8640454136497557,0.306544779477102,0.15781730234128044,-0.3668099565287522,0.5783544033364103,0.4267992566484479,-0.9317037249210571
2825,939529.7903825932,939529.8053100418,right,-0.3683900833129883,-0.15484680235385895,0.00869771745055914,0.46329420804977417,-0.4464283883571625,-0.7655456066131592,0.9835834503173828,-1.1780719757080078,1.8611220121383667,0.8695370629407859,0.31326357318355197,0.13817790312261682,-0.3559185116189475,0.5442209006422615,0.462769956910555,-0.908322443809174
2826,939529.8103825932,939529.8228082918,right,-0.35528138279914856,-0.19314095377922058,-0.048318665474653244,0.42859771847724915,-0.47813743352890015,-0.766608476638794,1.0101078748703003,-1.1345340013504028,1.8111194372177124,0.8742968455574978,0.32029077419660107,0.11878378684937155,-0.34483223903699395,0.5097899575704383,0.4985328396384162,-0.8838218669986369
2827,939529.8303825932,939529.8476544167,right,-0.3487410545349121,-0.1949310600757599,-0.11300454288721085,0.39225539565086365,-0.5090883374214172,-0.7661362290382385,1.0338997840881348,-1.2388170957565308,1.969259262084961,0.8785838292010676,0.32730009645135943,0.09902803816634898,-0.3334043506139669,0.4731949322642545,0.5341253221286594,-0.8571293361569831
2828,939529.8503825932,939529.8688345001,right,-0.30575859546661377,-0.2630704343318939,-0.21345755457878113,0.349347323179245,-0.5408827066421509,-0.7651158571243286,1.0392931699752808,-1.408039927482605,2.297084093093872,0.8833182815689478,0.3339791305197776,0.07681154134886088,-0.3198542184975006,0.4283239887046302,0.5714862793083478,-0.822456591874336
2829,939529.8703825932,939529.9089388334,right,-0.20603811740875244,-0.3047487735748291,-0.305868923664093,0.3021019399166107,-0.5716901421546936,-0.7628268599510193,0.991273045539856,-1.350309133529663,2.2874062061309814,0.8880468866946681,0.34019812248639447,0.053402400102416585,-0.3046081963321847,0.37707886467430735,0.6085643585984767,-0.7805627037453937
2830,939529.8903825933,939529.9097519584,right,-0.15708094835281372,-0.24698084592819214,-0.32969027757644653,0.25926482677459717,-0.5975550413131714,-0.7587553858757019,0.8686723709106445,-1.042914867401123,1.8564260005950928,0.8915993768833375,0.3457633092290416,0.03271147915678699,-0.29056550442642565,0.32925935812141804,0.6404484077082152,-0.7401588074634428
2831,939529.9103825933,939529.9253025,right,-0.19002147018909454,-0.2624104917049408,-0.3218420445919037,0.22448259592056274,-0.6182631254196167,-0.7532318830490112,0.7964985370635986,-0.8624984622001648,1.6234021186828613,0.8938067971141095,0.35089021719030916,0.016128387844670945,-0.2787927270978549,0.28964471482957505,0.6665309862526003,-0.7055954421914346
2832,939529.9303825933,939529.9427413751,right,-0.2217947393655777,-0.35657641291618347,-0.32223743200302124,0.1896791011095047,-0.6372895240783691,-0.7469162940979004,0.8069944977760315,-0.9783841371536255,1.825661540031433,0.8956951071915995,0.35572722952296676,-8.109238778655021E-05,-0.26681170429312484,0.24869249344844438,0.6909759165811123,-0.6689395390883491
2833,939529.9503825933,939529.9675787501,right,-0.15914848446846008,-0.3417604863643646,-0.33744099736213684,0.1477961540222168,-0.6561838388442993,-0.7399858832359314,0.816762387752533,-1.1933692693710327,2.0864198207855225,0.8977816172172067,0.3600569769876811,-0.019132174758911453,-0.25294497004122213,0.19713436611728177,0.7157503879407404,-0.6231812870056745
2834,939529.9703825933,939530.0026415001,right,-0.08474664390087128,-0.3040580749511719,-0.35560372471809387,0.10337711125612259,-0.6726287603378296,-0.7327234745025635,0.7011447548866272,-1.0934720039367676,1.9210978746414185,0.899676241897425,0.3634838716412182,-0.03895816964448938,-0.23863039780824138,0.14016103788337025,0.7377556248871127,-0.5727985378227622
2835,939529.9903825934,939530.0033886251,right,-0.09793045371770859,-0.32493239641189575,-0.3482356071472168,0.06579575687646866,-0.6846063733100891,-0.7259373068809509,0.5512701272964478,-0.8411338329315186,1.5771269798278809,0.901006903905438,0.36601358242465376,-0.05536614018321753,-0.22617510361695695,0.09038864278670035,0.7540635993456372,-0.5276981415624241
2836,939530.0103825934,939530.0454654167,right,-0.12167678028345108,-0.35183557868003845,-0.31793707609176636,0.032712943851947784,-0.6936708092689514,-0.7195489406585693,0.5099026560783386,-0.860959529876709,1.5607777833938599,0.9019679119309932,0.3679467306346338,-0.0695755424100858,-0.2150077103702466,0.045431859893935535,0.7665729570254196,-0.4863402124011918
2837,939530.0303825934,939530.0459255833,right,-0.06458376348018646,-0.31512054800987244,-0.28660848736763,-0.004262442234903574,-0.7015724182128906,-0.7125853896141052,0.5238200426101685,-1.0682564973831177,1.7312008142471313,0.9027680318790128,0.36931936744782556,-0.08550159588438065,-0.20323031410995754,-0.005981573790367174,0.7776017772203168,-0.4404051920355667
2838,939530.0503825934,939530.0752644168,right,-0.0051421234384179115,-0.27050670981407166,-0.2846602201461792,-0.04330012574791908,-0.7080530524253845,-0.7048304677009583,0.4890258014202118,-1.0345275402069092,1.563570261001587,0.9031772789215458,0.370244415581486,-0.1024883578481753,-0.19153590154783465,-0.06135627227122566,0.7867373399133766,-0.3924765885410398
2839,939530.0703825934,939530.0938427501,right,-0.03377966210246086,-0.2895530164241791,-0.2929782271385193,-0.07571271061897278,-0.7128718495368958,-0.697195291519165,0.44952794909477234,-0.8265281915664673,1.2146685123443604,0.9030292127335426,0.3711782312390989,-0.11674366739500633,-0.18203273926674224,-0.10817222290027331,0.7935848907037384,-0.35246640297884435
2840,939530.0903825935,939530.1049931668,right,-0.053017228841781616,-0.3506729006767273,-0.27834269404411316,-0.10497438907623291,-0.7173274755477905,-0.6887827515602112,0.5267478823661804,-0.936377763748169,1.3036266565322876,0.9023615332531767,0.3724965496931397,-0.1298266562826107,-0.1735946021893314,-0.15124183066656607,0.7999590051750316,-0.31607178637361594
2841,939530.1103825935,939530.1237965417,right,-0.004597220569849014,-0.3494313955307007,-0.2666665017604828,-0.14046822488307953,-0.7215455770492554,-0.6779680252075195,0.592881441116333,-1.1632914543151855,1.5591377019882202,0.9012115214958298,0.373826480021712,-0.14584159131601318,-0.1637123636410554,-0.20429940034878633,0.8060320796093597,-0.2720447266584709
2842,939530.1303825935,939530.1541400001,right,0.04971243441104889,-0.2848265767097473,-0.26411935687065125,-0.17681699991226196,-0.7242442965507507,-0.6664878129959106,0.48317545652389526,-0.9503089785575867,1.3401011228561401,0.899820081870544,0.3747671820465707,-0.16219024057103817,-0.15351807950255772,-0.2593229260705178,0.8099378800378261,-0.22629244945320282
2843,939530.1503825935,939530.1777106251,right,0.036818139255046844,-0.27767494320869446,-0.2533777952194214,-0.20264004170894623,-0.7250194549560547,-0.65824294090271,0.2839358448982239,-0.5518190860748291,0.924968957901001,0.8988408365356237,0.3751969395112671,-0.17351022711233519,-0.14562500520090516,-0.29864292561798494,0.8110627321842949,-0.1922389012208192
2844,939530.1703825935,939530.183724,right,0.016397735103964806,-0.27907511591911316,-0.2145809382200241,-0.2230493426322937,-0.7241873145103455,-0.6525348424911499,0.21621282398700714,-0.5963478088378906,1.0101443529129028,0.8983170122970222,0.37491950597176776,-0.18212069577521184,-0.13890302760819212,-0.329368836067189,0.8098552660888997,-0.16459979140088807
2845,939530.1903825935,939530.2076637917,right,0.06122579798102379,-0.24847182631492615,-0.19110287725925446,-0.24963372945785522,-0.7215561270713806,-0.6457861065864563,0.23072503507137299,-0.8539751172065735,1.32099449634552,0.8976787338787141,0.3737511102659661,-0.19343489647373938,-0.13063649181889528,-0.36886492383679564,0.8060473238231267,-0.13028146231881504
2846,939530.2103825936,939530.2253765834,right,0.13028007745742798,-0.24084815382957458,-0.19486622512340546,-0.2792813181877136,-0.7172354459762573,-0.6384161114692688,0.15446136891841888,-0.7503761649131775,1.2069638967514038,0.89689494336895,0.37189781055697113,-0.20611639030857387,-0.12160354662740247,-0.41237660693971595,0.7998269278614745,-0.09315977517448867
2847,939530.2303825936,939530.2453733333,right,0.15363314747810364,-0.2341463714838028,-0.18494686484336853,-0.3011711537837982,-0.7125253081321716,-0.6337219476699829,0.045693278312683105,-0.44105035066604614,0.8373583555221558,0.8965228663619279,0.3699005742305135,-0.2152036159819188,-0.1144885844089158,-0.4436455853312524,0.7930908567565752,-0.06571482391440889
2848,939530.2503825936,939530.2716670834,right,0.13828279078006744,-0.19967912137508392,-0.14991699159145355,-0.3173326551914215,-0.708187997341156,-0.630689799785614,0.044282905757427216,-0.43413984775543213,0.7596113681793213,0.8963607927074978,0.36806590865149896,-0.22177153322618232,-0.10900488425903256,-0.4661658298984724,0.7869284939963729,-0.04556993949123144
2849,939530.2703825936,939530.2851005001,right,0.132261723279953,-0.15806227922439575,-0.1215595155954361,-0.33552035689353943,-0.7037413716316223,-0.6262380480766296,0.10032027959823608,-0.6265689134597778,0.8745195865631104,0.895775122642337,0.36629211663151706,-0.2295889154268876,-0.1034689728455926,-0.49185344558802685,0.7806500359052897,-0.024179278478428157
2850,939530.2903825936,939530.303889625,right,0.12741367518901825,-0.17650659382343292,-0.12662246823310852,-0.3563533425331116,-0.699083685874939,-0.6199148297309875,0.11454402655363083,-0.6984453797340393,0.8395431637763977,0.8946442484864086,0.36456976316336115,-0.23902196622397878,-0.09782203860883022,-0.5217158830528973,0.7741152472484251,-0.0010509698423206838
2851,939530.3103825937,939530.3376903334,right,0.11277797073125839,-0.18672017753124237,-0.13078086078166962,-0.37519657611846924,-0.6948615312576294,-0.6135104298591614,0.09228454530239105,-0.661970853805542,0.6671395301818848,0.8933338149440575,0.36301410861964184,-0.24792246807946153,-0.09332759389421408,-0.5488739779490968,0.7682273926657766,0.01843034886257343
2852,939530.3303825937,939530.3729427084,right,0.1045399084687233,-0.15511217713356018,-0.11411754041910172,-0.39251160621643066,-0.691134512424469,-0.6068506836891174,0.11397341638803482,-0.7389363646507263,0.6422587633132935,0.8918250876613524,0.3616410000317186,-0.2564965126206624,-0.08985214790477955,-0.5741230743703282,0.763057708446735,0.034950519282366754
2853,939530.3503825937,939530.3734674584,right,0.10365508496761322,-0.15202029049396515,-0.11705543100833893,-0.4110448658466339,-0.6874721050262451,-0.5986854434013367,0.1421358585357666,-0.8202122449874878,0.6479620933532715,0.8898587773584415,0.36040206458766766,-0.2660218655610591,-0.08656850212694049,-0.6016616779316413,0.758002359861896,0.05191207108626098
2854,939530.3703825937,939530.3877265,right,0.10880029946565628,-0.15051543712615967,-0.11660134792327881,-0.4288736879825592,-0.6839433312416077,-0.5901599526405334,0.1142110750079155,-0.7589733600616455,0.5585622191429138,0.8877358753400258,0.359250851589477,-0.2754248568490599,-0.08369552099889782,-0.6284265179723171,0.7531543833493993,0.06762085193930852
2855,939530.3903825937,939530.4070655,right,0.10448820888996124,-0.1471865475177765,-0.11216103285551071,-0.4440884292125702,-0.6805005669593811,-0.5828417539596558,0.06269381195306778,-0.6567397117614746,0.4717748463153839,0.8858806308712848,0.35800488648845163,-0.2835694853910079,-0.08146395721854452,-0.6510968863240476,0.7484455650872311,0.08020063388367887
2856,939530.4103825937,939530.4241905417,right,0.09882374107837677,-0.12908507883548737,-0.09932342171669006,-0.4574946463108063,-0.6768243908882141,-0.5767212510108948,0.012950229458510876,-0.5831839442253113,0.4451492428779602,0.8843289343798917,0.3565354386677696,-0.2907264724332111,-0.07951667636290241,-0.6706227389839388,0.7434402253517778,0.09069179986268903
2857,939530.4303825938,939530.4479547084,right,0.10056635737419128,-0.10026991367340088,-0.08377648890018463,-0.4692610800266266,-0.6727575659751892,-0.5720062851905823,-0.04853060469031334,-0.484718382358551,0.38098588585853577,0.8831460630018652,0.3547219270107878,-0.2969330541145511,-0.07782071253398946,-0.687043380426427,0.7379297190243762,0.09910374354659152
2858,939530.4503825938,939530.4683234583,right,0.10017641633749008,-0.08386921137571335,-0.0763903260231018,-0.47877657413482666,-0.6686645746231079,-0.5689118504524231,-0.09081103652715683,-0.3883129954338074,0.3132241666316986,0.8823789047067264,0.3526994498526812,-0.301905942495745,-0.07657270917723077,-0.6995769983543871,0.7324114167127521,0.10486609501032168
2859,939530.4703825938,939530.4980971668,right,0.09488853812217712,-0.09986399859189987,-0.07312542200088501,-0.48740628361701965,-0.6645339727401733,-0.5664183497428894,-0.07711201161146164,-0.3863089382648468,0.34162819385528564,0.8817784931402133,0.3506413904032956,-0.3063355261355624,-0.0753388844985133,-0.7105617358583385,0.7268700683292982,0.10990669177057134
2860,939530.4903825938,939530.5103554584,right,0.10184185206890106,-0.09552691876888275,-0.06426925957202911,-0.4967673718929291,-0.6603785753250122,-0.5631362199783325,-0.027584051713347435,-0.4076840877532959,0.3790140151977539,0.880987730980759,0.3487754305886382,-0.31110708585514096,-0.07368019539513625,-0.7228620449572714,0.72132283832172,0.11637182552668834
2861,939530.5103825938,939530.5253775418,right,0.11516407877206802,-0.07730449736118317,-0.0548182912170887,-0.5057825446128845,-0.6567151546478271,-0.559382975101471,0.0038944059051573277,-0.3426726758480072,0.30440402030944824,0.8800670511927833,0.3473001336572406,-0.3157390615287086,-0.07192708767945762,-0.7351193682666556,0.7164547458579088,0.12324821433567605
2862,939530.5303825939,939530.54410025,right,0.11014245450496674,-0.0630970373749733,-0.044792622327804565,-0.5119655728340149,-0.6544712781906128,-0.556380033493042,0.013126044534146786,-0.22209249436855316,0.15195108950138092,0.8792993139409976,0.34643984670369976,-0.31904456457399755,-0.07087202242495654,-0.743848977623793,0.7134831584734989,0.12787864214359324
2863,939530.5503825939,939530.5680381667,right,0.09987489879131317,-0.050596684217453,-0.03301588073372841,-0.5154720544815063,-0.653714120388031,-0.5540275573730469,0.054917000234127045,-0.17496050894260406,0.10252057760953903,0.8786648946218204,0.3462521877845541,-0.3210851205638361,-0.070440585709664,-0.7493637282276288,0.7124821540582781,0.13062100984652839
2864,939530.5703825939,939530.588005,right,0.10123491287231445,-0.04523643106222153,-0.027986597269773483,-0.5195907950401306,-0.653246283531189,-0.5507220029830933,0.11898735910654068,-0.23399527370929718,0.19460293650627136,0.8777896385296641,0.34644551584753386,-0.32344166119775064,-0.06961651581194303,-0.7563203091584867,0.7118641412553813,0.13498409531688604
2865,939530.5903825939,939530.6158527917,right,0.11618636548519135,-0.03310513496398926,-0.03490692377090454,-0.5248802304267883,-0.6524659395217896,-0.5466158986091614,0.12548363208770752,-0.20057542622089386,0.21631889045238495,0.8767384902577775,0.34675561840556846,-0.3262707532652641,-0.06809984653684201,-0.7651156389488492,0.7108339381551882,0.14148286642737706
2866,939530.6103825939,939530.6457632501,right,0.11764834076166153,-0.03533368185162544,-0.04167567938566208,-0.5282696485519409,-0.6518313884735107,-0.5441020131111145,0.06058419868350029,-0.02703082375228405,0.09969211369752884,0.8761243985429991,0.3470093208105998,-0.32792306241109404,-0.06676067342976583,-0.7706353681184143,0.7099968654926158,0.14636681856966843
2867,939530.630382594,939530.6460935418,right,0.08982113748788834,-0.051648423075675964,-0.042469847947359085,-0.5279225707054138,-0.6518357992172241,-0.5444334745407104,-0.006449127569794655,0.1244935542345047,-0.026964204385876656,0.8762607143257528,0.3471980286296147,-0.32747033338136283,-0.06621036875636509,-0.7700025693023269,0.7100027390614332,0.14737478068485835
2868,939530.650382594,939530.6752824584,right,0.049864739179611206,-0.05343130975961685,-0.03289841115474701,-0.525696873664856,-0.6521604061126709,-0.5461956262588501,-0.019065238535404205,0.12868580222129822,-0.04871932789683342,0.8767625470112971,0.34728922959974434,-0.32602512371890274,-0.06622202292555243,-0.7662765848760779,0.7104308693860273,0.14605468533392496
2869,939530.670382594,939530.6934101251,right,0.025707745924592018,-0.04782947152853012,-0.023526443168520927,-0.5242921113967896,-0.6524270176887512,-0.5472263693809509,0.018360570073127747,0.035382356494665146,0.009438689798116684,0.8770622314817436,0.34742217150056987,-0.3250917837774503,-0.06614333452735802,-0.7639979686462086,0.7107825655141699,0.1454810666048461
2870,939530.690382594,939530.7445026251,right,0.03695791959762573,-0.04602422937750816,-0.027257254347205162,-0.5263464450836182,-0.6523614525794983,-0.5453290939331055,0.06732822954654694,-0.0711931362748146,0.07637336850166321,0.8765743338341111,0.3477585622164533,-0.3261892773125219,-0.06543595594526141,-0.7676869991106715,0.7106960546435781,0.14852020459137005
2871,939530.710382594,939530.7447564168,right,0.04820476472377777,-0.044225458055734634,-0.03099154680967331,-0.5283976197242737,-0.652289628982544,-0.5434283018112183,0.11629589647054672,-0.17776863276958466,0.14330805838108063,0.8760847091132892,0.3480943038971039,-0.32728616760382234,-0.06472843536567585,-0.7713756984955885,0.7106012747852584,0.1515588033355232
2872,939530.730382594,939530.7451484167,right,0.07395327091217041,-0.034641481935977936,-0.03845370188355446,-0.5320165157318115,-0.6522160768508911,-0.539974570274353,0.12652374804019928,-0.1829717755317688,0.12032029032707214,0.875166740301766,0.34861332271748396,-0.3293652784997592,-0.06379932265807148,-0.7779746904428413,0.7105043051117818,0.15626449480803403
2873,939530.7503825941,939530.7692750834,right,0.09321797639131546,-0.03203873708844185,-0.045390937477350235,-0.5342608690261841,-0.6527684926986694,-0.5370833873748779,0.0981268510222435,-0.08363204449415207,0.01450164895504713,0.8743750899823669,0.349319645406895,-0.3308082600038663,-0.0633232480868049,-0.7827636607469409,0.7112332169015368,0.15958071689456998
2874,939530.7703825941,939530.7851546668,right,0.10235437750816345,-0.04909723252058029,-0.05743112787604332,-0.5344932675361633,-0.6538773775100708,-0.5355008840560913,0.07754792273044586,-0.02171764150261879,-0.024068724364042282,0.8739222788891905,0.3501078999963768,-0.33117070239253127,-0.0633256621174685,-0.784456506395919,0.7126979196182031,0.1608934644997225
2875,939530.7903825941,939530.808087,right,0.11842035502195358,-0.07062660902738571,-0.0794294998049736,-0.53465735912323,-0.6547644138336182,-0.5342518091201782,0.07015268504619598,-0.03786014765501022,0.01870148256421089,0.8735716779681355,0.3507742609142347,-0.33140841076211797,-0.06323246336612089,-0.7857776113933922,0.7138709484075149,0.16215126670868113
2876,939530.8103825941,939530.8252257084,right,0.15267455577850342,-0.09470798075199127,-0.11511597782373428,-0.5354667901992798,-0.6551084518432617,-0.5330179929733276,0.046114955097436905,-0.04276535287499428,0.03175558149814606,0.873238477546988,0.3511734000317807,-0.33191605745505676,-0.06295604195150521,-0.7876900245763565,0.7143262089871297,0.16375300723316605
2877,939530.8303825941,939530.8451991667,right,0.19263577461242676,-0.12349912524223328,-0.16057370603084564,-0.5358523726463318,-0.6552821397781372,-0.532416582107544,0.007470294833183289,-0.0006254981853999197,-0.0038450041320174932,0.8730749207909189,0.3513662298198601,-0.33216484405014285,-0.0628364290751389,-0.7886143962671647,0.7145561339448396,0.16450022395227548
2878,939530.8503825942,939530.870589375,right,0.24173681437969208,-0.18068987131118774,-0.22241029143333435,-0.5351172089576721,-0.6555045247077942,-0.5328822731971741,-0.038357142359018326,0.04637867212295532,-0.06275353580713272,0.8731901628476614,0.3513774423808365,-0.3318023110253853,-0.0630886029718632,-0.7874908255874465,0.7148505236582405,0.16360013814682606
2879,939530.8703825942,939530.8852885001,right,0.30251920223236084,-0.22154775261878967,-0.2775987386703491,-0.5325417518615723,-0.656050443649292,-0.5347869992256165,-0.1181330606341362,0.1300157904624939,-0.21229901909828186,0.8736568019673215,0.35118320906485234,-0.33057050889815276,-0.06416679732001206,-0.7832945587597593,0.7155736928286938,0.15976102723778476
2880,939530.8903825942,939530.9052061667,right,0.3393324017524719,-0.2489595264196396,-0.31775325536727905,-0.5256877541542053,-0.6578133702278137,-0.539382815361023,-0.23691526055335999,0.3083235025405884,-0.488026887178421,0.8747578383553846,0.3509215160000067,-0.3273571497177358,-0.06700745479771983,-0.7725405476561881,0.7179119561671914,0.14995810326276615
2881,939530.9103825942,939530.9542737501,right,0.3409792482852936,-0.302978515625,-0.3437243402004242,-0.5131437182426453,-0.6612057089805603,-0.547257125377655,-0.3206745386123657,0.46640658378601074,-0.7332776784896851,0.8766097579493773,0.3507328495972523,-0.3214932500517525,-0.07199852831177668,-0.7532389914255652,0.7224248643446483,0.1327363539685182
2882,939530.9303825942,939530.9549605,right,0.32860174775123596,-0.36002400517463684,-0.35827258229255676,-0.49697017669677734,-0.6655835509300232,-0.5567935705184937,-0.3543580174446106,0.5087196826934814,-0.8673847317695618,0.8787709265744515,0.3506538999051838,-0.31407812304135174,-0.07847518473174162,-0.7286879015436258,0.7282754889094111,0.11055529631147604
2883,939530.9503825943,939530.9753484167,right,0.317891389131546,-0.3973647654056549,-0.37469562888145447,-0.4790528416633606,-0.6704663634300232,-0.5665538311004639,-0.36050641536712646,0.5049272179603577,-0.9507517218589783,0.8808568085197573,0.35074694759807734,-0.3061040394817659,-0.08583798902673283,-0.701908296591983,0.7348372099435421,0.08570232001450656
2884,939530.9703825943,939530.9890445,right,0.33525708317756653,-0.3964085876941681,-0.3695116639137268,-0.46066218614578247,-0.6752970218658447,-0.5759897828102112,-0.3627219796180725,0.4603506922721863,-0.9364234805107117,0.8827401684894619,0.35088095057057994,-0.2981403623687619,-0.09361975088067083,-0.6746036877735682,0.7413674120980822,0.05961087437970856
2885,939530.9903825943,939531.0063607917,right,0.3521619141101837,-0.4123305678367615,-0.3698451519012451,-0.44287705421447754,-0.6791983246803284,-0.5852773189544678,-0.41937345266342163,0.46006378531455994,-0.9472261071205139,0.8845089497456954,0.3506315251235913,-0.29054929825359255,-0.10140256582731809,-0.6477728602472794,0.7466698248796168,0.03320778599903185
2886,939531.0103825943,939531.0266851668,right,0.3325185477733612,-0.4390575587749481,-0.3693520724773407,-0.422184020280838,-0.6826497316360474,-0.596447765827179,-0.5292559266090393,0.6587681770324707,-1.1705042123794556,0.8866224874371341,0.350005587839178,-0.2815532259098224,-0.11011083278194757,-0.6159621665201694,0.7513826396057015,0.0025137687749617185
2887,939531.0303825943,939531.0491824584,right,0.3038386106491089,-0.45633137226104736,-0.3724323809146881,-0.3945290148258209,-0.686474621295929,-0.6108186841011047,-0.6137182116508484,0.9249947667121887,-1.4623796939849854,0.889296036817129,0.3494311257585849,-0.26923697439600836,-0.12067290395694269,-0.5734889852607808,0.7566297322237966,-0.036407926669987885
2888,939531.0503825943,939531.0823061251,right,0.2577975392341614,-0.47350525856018066,-0.38380667567253113,-0.359773725271225,-0.6907428503036499,-0.6272457838058472,-0.6251229643821716,1.1361689567565918,-1.7013373374938965,0.8921730465743949,0.3493416176148281,-0.25364849773307574,-0.13285416882817455,-0.5207641895123888,0.7625158909983778,-0.08284653159523438
2889,939531.0703825944,939531.0862049167,right,0.18805448710918427,-0.4634650647640228,-0.3805648684501648,-0.3197729289531708,-0.6953458786010742,-0.6436142921447754,-0.5598607659339905,1.244583249092102,-1.8589500188827515,0.89468166127959,0.3500743127038774,-0.2358831083212161,-0.14612278904366185,-0.46111591508880223,0.7689011337334221,-0.13441980609226878
2890,939531.0903825944,939531.1077393751,right,0.10801635682582855,-0.4577605724334717,-0.38121405243873596,-0.2766783833503723,-0.7000423073768616,-0.6583235263824463,-0.465787410736084,1.292475700378418,-1.9350343942642212,0.89643618605094,0.35174438733168256,-0.21705794382094126,-0.15988714409660798,-0.3978636473507248,0.7754567911929168,-0.18870964709670957
2891,939531.1103825944,939531.1264787917,right,0.046132951974868774,-0.4670867323875427,-0.3923705518245697,-0.2319761961698532,-0.7042529582977295,-0.6709804534912109,-0.39658358693122864,1.3366224765777588,-1.9381415843963623,0.8974244970426746,0.3541361065012003,-0.1977306138825909,-0.17354966886615836,-0.33286324970760045,0.7813704073540303,-0.24390498505845407
2892,939531.1303825944,939531.1681005,right,-0.006632010918110609,-0.4746057689189911,-0.4157615900039673,-0.18554937839508057,-0.7071400284767151,-0.6822934746742249,-0.3953181803226471,1.4604027271270752,-1.979384422302246,0.8978976970415169,0.3568122759399624,-0.17759023611359318,-0.18688589221636973,-0.26552799816119266,0.7854452294599228,-0.2998839063930259
2893,939531.1503825944,939531.1688321667,right,-0.055134594440460205,-0.47762444615364075,-0.43157029151916504,-0.13535481691360474,-0.7080938816070557,-0.6930238604545593,-0.4110448956489563,1.672249674797058,-2.065030336380005,0.8980282503838596,0.3595921719704471,-0.15550419660435089,-0.2001427367917129,-0.19288234366529539,0.7867951776075308,-0.35831214972389863
2894,939531.1703825945,939531.1865951667,right,-0.09346137195825577,-0.5219910144805908,-0.4521928131580353,-0.08133859187364578,-0.7069974541664124,-0.7025230526924133,-0.38823989033699036,1.843246340751648,-2.091634750366211,0.897703318228308,0.3626058171224439,-0.13136021226231182,-0.21305010938521154,-0.11526742683530862,0.7852436364074338,-0.41825523382967483
2895,939531.1903825945,939531.206588875,right,-0.13557378947734833,-0.5388297438621521,-0.46871712803840637,-0.023910479620099068,-0.7038418650627136,-0.7099541425704956,-0.3885463774204254,2.0384421348571777,-2.1767756938934326,0.8967242199581738,0.3659511431693155,-0.10536940080520608,-0.22552753732197173,-0.033666166777541674,0.7807915321437203,-0.47892744106814156
2896,939531.2103825945,939531.2433743334,right,-0.20096582174301147,-0.4767551124095917,-0.44727957248687744,0.03902053460478783,-0.6975328326225281,-0.7154895663261414,-0.4554867744445801,2.3041322231292725,-2.4065988063812256,0.8949363052719838,0.3693114162482329,-0.07657869288833341,-0.23839860571241184,0.05448287927100128,0.7719486824526826,-0.5428250262280142
2897,939531.2303825945,939531.2462349167,right,-0.30036717653274536,-0.46575555205345154,-0.41076478362083435,0.10857389867305756,-0.6867784261703491,-0.7187120914459229,-0.5167099237442017,2.4864091873168945,-2.599637746810913,0.8920283122946044,0.3723812197173858,-0.04445447333543185,-0.2522726682308949,0.14993362612534308,0.757047654041652,-0.6109442600200327
2898,939531.2503825945,939531.2731492918,right,-0.39768680930137634,-0.46764156222343445,-0.3665430545806885,0.17846253514289856,-0.6721401214599609,-0.7185950875282288,-0.482090026140213,2.3389906883239746,-2.4689793586730957,0.887969592169989,0.37491569614399095,-0.011861584551271771,-0.266097151738805,0.2434244188143046,0.7370954389599846,-0.676712380805317
2899,939531.2703825946,939531.2880385834,right,-0.43525996804237366,-0.4187360405921936,-0.3154416084289551,0.24093203246593475,-0.6559383273124695,-0.7153297066688538,-0.42303499579429626,2.056980848312378,-2.2271392345428467,0.8832225967124958,0.3768651792198679,0.017544004200742157,-0.27853664315899096,0.3248786107581076,0.7154251539747246,-0.7333480495647362
2900,939531.2903825946,939531.3090740417,right,-0.4543297290802002,-0.3330667316913605,-0.2581822872161865,0.2978934943675995,-0.6379697322845459,-0.7101085186004639,-0.4411860704421997,1.9686111211776733,-2.219890832901001,0.8779442559445775,0.3780913959544106,0.04463915532616049,-0.2902897542580033,0.3972064679468875,0.6918589115663664,-0.7834829702500639
2901,939531.3103825946,939531.3500592917,right,-0.5144299864768982,-0.31088513135910034,-0.20822863280773163,0.3549363911151886,-0.6163831353187561,-0.7029167413711548,-0.4912240207195282,2.030330181121826,-2.370703935623169,0.8717417344855942,0.378589280622547,0.07219276487666629,-0.30253036780903897,0.46759817799682557,0.6641412555574682,-0.8319556042547044
2902,939531.3303825946,939531.3501839584,right,-0.5906655192375183,-0.29901108145713806,-0.1543417125940323,0.41209036111831665,-0.5910495519638062,-0.6934276819229126,-0.4872094988822937,1.9775887727737427,-2.3862290382385254,0.8644846274334995,0.3784414297606671,0.10034073742377579,-0.31524604727872163,0.5362032166588557,0.6323593735384828,-0.8786231826860333
2903,939531.3503825946,939531.3679726667,right,-0.6447927355766296,-0.24873018264770508,-0.09534994512796402,0.46506989002227783,-0.5641627311706543,-0.6822246313095093,-0.44749319553375244,1.8066465854644775,-2.2636449337005615,0.8566158187946415,0.3778494129121509,0.12695484539646124,-0.32759989117683985,0.5983356269117867,0.5994189070372108,-0.9205896082328772
2904,939531.3703825946,939531.3877809168,right,-0.678535521030426,-0.19187204539775848,-0.04374266415834427,0.5127817392349243,-0.5366555452346802,-0.6701162457466125,-0.4343617558479309,1.6709535121917725,-2.1583139896392822,0.8484990153992116,0.37681554057473304,0.1514989464878233,-0.339275219913572,0.6531666497578542,0.5664685437800864,-0.9572954213302715
2905,939531.3903825947,939531.4255111667,right,-0.7013921141624451,-0.15350604057312012,-0.00339492317289114,0.5563556551933289,-0.5081892013549805,-0.6574283838272095,-0.4603239595890045,1.5687274932861328,-2.056149959564209,0.8402490596238571,0.37521110145706127,0.17464951705489787,-0.3502794998332572,0.7023191293258222,0.5330810152998953,-0.9893260387857722
2906,939531.4103825947,939531.4290516668,right,-0.7156388759613037,-0.13029325008392334,0.036529626697301865,0.5955547094345093,-0.4791482985019684,-0.644772469997406,-0.5040351748466492,1.4388214349746704,-1.888879656791687,0.8322148260227927,0.3728925000576687,0.19637961887163669,-0.36028432368166974,0.7457377049626154,0.49968415858885634,-1.0160955896222
2907,939531.4303825947,939531.4706338334,right,-0.6966959238052368,-0.0619882196187973,0.08293294906616211,0.6296629905700684,-0.4504619836807251,-0.632936418056488,-0.5548223853111267,1.288649320602417,-1.6868964433670044,0.8248312465038857,0.36980447946887224,0.21627865392797876,-0.3689466163460248,0.7828056007090931,0.4672827745495447,-1.037016842817545
2908,939531.4503825947,939531.4712639167,right,-0.6464034914970398,0.019774068146944046,0.13314834237098694,0.658838152885437,-0.4228234887123108,-0.6222159266471863,-0.5928140878677368,1.1624430418014526,-1.499886393547058,0.8182775280987082,0.3660702020695988,0.23427474674050355,-0.37620472325126003,0.8139780082171376,0.4365587887036033,-1.0525166664727283
2909,939531.4703825947,939531.4878809167,right,-0.6074316501617432,0.03219355270266533,0.1707226037979126,0.6847155690193176,-0.395707368850708,-0.6120296716690063,-0.6451910138130188,1.1201777458190918,-1.4158670902252197,0.8122801387592544,0.3618097314097876,0.251155100650824,-0.3823818624816748,0.8413921309646462,0.40683800356135014,-1.0640060725396299
2910,939531.4903825948,939531.5326104168,right,-0.5871373414993286,0.06388074904680252,0.21368521451950073,0.709027111530304,-0.3679041564464569,-0.6016037464141846,-0.6869114637374878,1.1053346395492554,-1.4142506122589111,0.8063554015243048,0.35702256276792144,0.2678302227079916,-0.3880629087520971,0.8671784825860566,0.3767541270722196,-1.0731430987426955
2911,939531.5103825948,939531.5327895418,right,-0.5754808783531189,0.14270265400409698,0.26911163330078125,0.731572151184082,-0.3394874036312103,-0.5912278890609741,-0.6814448237419128,0.9958779811859131,-1.3814839124679565,0.8004010162783052,0.3517538033952019,0.2839988020871543,-0.39366497480145146,0.8910991085896984,0.3463719222252613,-1.080894383393049
2912,939531.5303825948,939531.5720046251,right,-0.5781168341636658,0.18816080689430237,0.32803764939308167,0.7507251501083374,-0.3119642734527588,-0.5823144316673279,-0.6254630088806152,0.7779788970947266,-1.2775981426239014,0.79481258285819,0.34614361755316986,0.29837461480859934,-0.39928714299527507,0.9110683372032585,0.3172598236283209,-1.0875003990255032
2913,939531.5503825948,939531.572393,right,-0.5684863328933716,0.21265524625778198,0.39143106341362,0.7654090523719788,-0.28682735562324524,-0.5760895013809204,-0.562903881072998,0.5234565734863281,-1.1319594383239746,0.7900507892674552,0.3403659488415954,0.31001011604454454,-0.40480195729274276,0.9255977421266608,0.2909134040493954,-1.0929176207416589
2914,939531.5703825948,939531.587789125,right,-0.5466415286064148,0.2541528046131134,0.4675484895706177,0.7764294743537903,-0.2635948956012726,-0.5724290609359741,-0.5495826005935669,0.3672056496143341,-1.072571873664856,0.7860923071810226,0.334329979482582,0.3193884195314222,-0.41021136580084216,0.9354999611223364,0.26674704774068075,-1.0972689585545221
2915,939531.5903825948,939531.60779675,right,-0.5417580604553223,0.307251513004303,0.5335094332695007,0.7856226563453674,-0.24046237766742706,-0.5700657963752747,-0.5591364502906799,0.2999224364757538,-1.072339415550232,0.7824353572012211,0.3278523849424688,0.32784131911678455,-0.41572579295457757,0.9430799886153398,0.24284221208166512,-1.1010599758955426
2916,939531.6103825949,939531.6478737084,right,-0.5813007354736328,0.3225434422492981,0.5759546160697937,0.7933021187782288,-0.21748720109462738,-0.5686572194099426,-0.5271948575973511,0.1931169033050537,-1.0275695323944092,0.7789768643302247,0.32107965398039184,0.33552831969960817,-0.4213355476996419,0.948868774330213,0.21923933339446966,-1.104558651141433
2917,939531.6303825949,939531.6496080834,right,-0.639581024646759,0.3108491003513336,0.5928047895431519,0.7984248995780945,-0.19661201536655426,-0.5690881609916687,-0.43128249049186707,-0.003018169431015849,-0.8881464004516602,0.7760980265151464,0.31445772901323615,0.34142680898927574,-0.42686747153214993,0.9515555046998202,0.19790131981840156,-1.1079280423437383
2918,939531.6503825949,939531.6707713751,right,-0.6872842311859131,0.30280259251594543,0.6017704606056213,0.7999179363250732,-0.17990852892398834,-0.5725069046020508,-0.2827790677547455,-0.26291123032569885,-0.6652309894561768,0.7743001814353501,0.308392834012538,0.34444218887000283,-0.4321025515464855,0.9496063568072856,0.180893490984535,-1.1111841278179884
2919,939531.6703825949,939531.695642375,right,-0.712218165397644,0.301470011472702,0.6047545075416565,0.7969294190406799,-0.1693231761455536,-0.5798560976982117,-0.10333938896656036,-0.5712586641311646,-0.3756102919578552,0.774062450314868,0.3032744625037175,0.3436518070561336,-0.43675536452861485,0.9417776277172559,0.17014291948266333,-1.114189442234689
2920,939531.6903825949,939531.7145217917,right,-0.7230052351951599,0.2883013188838959,0.5897717475891113,0.7891015410423279,-0.16592295467853546,-0.5914291143417358,0.08117237687110901,-0.8756765127182007,-0.03997087851166725,0.7756673944787482,0.299299015140784,0.33868210723725367,-0.44051632308582594,0.9276173588517704,0.1666938926370941,-1.1165185505424797
2921,939531.710382595,939531.7429925834,right,-0.7086765766143799,0.28085649013519287,0.5652463436126709,0.7767432928085327,-0.1695433109998703,-0.6065680980682373,0.21317048370838165,-1.0918279886245728,0.24925707280635834,0.7790708975045051,0.29644359016232014,0.3299047612394826,-0.44309426071563757,0.9078033197954475,0.17036627738206953,-1.117515713221327
2922,939531.730382595,939531.7726803333,right,-0.6967288255691528,0.26333513855934143,0.5360838770866394,0.7615025639533997,-0.17801521718502045,-0.6232370138168335,0.286419153213501,-1.1681010723114014,0.445093035697937,0.7835922660966047,0.2944718391898341,0.31885395174654163,-0.444523988929159,0.88491782865478,0.17896911676993554,-1.117010524446426
2923,939531.750382595,939531.7735953333,right,-0.6868916153907776,0.2380589097738266,0.5091886520385742,0.7444926500320435,-0.19019250571727753,-0.6399667859077454,0.3373812735080719,-1.2044932842254639,0.6656512022018433,0.7888333378512932,0.2933466138242877,0.3065361272547113,-0.4446631512903541,0.8607546728743757,0.19135825895412029,-1.1146573190425761
2924,939531.770382595,939531.7904389168,right,-0.6650575995445251,0.20687271654605865,0.48220139741897583,0.7253546714782715,-0.20665043592453003,-0.6566249132156372,0.3788449764251709,-1.2463546991348267,0.9486671686172485,0.7950555635379579,0.2931199821101162,0.2928621651767324,-0.4429436746387005,0.8350900965807441,0.20815027692801716,-1.1092014013283205
2925,939531.790382595,939531.8157950417,right,-0.624011754989624,0.1854214072227478,0.44567355513572693,0.7040001749992371,-0.22731728851795197,-0.6728377342224121,0.42687371373176575,-1.2453463077545166,1.1842801570892334,0.8022141147524114,0.2938323384656195,0.27792749972977254,-0.4391713374773471,0.8080276716787995,0.22932198937011153,-1.100160325217085
2926,939531.810382595,939531.8291154584,right,-0.5704095959663391,0.1555795520544052,0.39921605587005615,0.6816113591194153,-0.25078344345092773,-0.6873962879180908,0.4991818070411682,-1.1468123197555542,1.2742139101028442,0.80957380472501,0.2955997939675369,0.26253118030949374,-0.4339222488937323,0.7811725770163568,0.2534894931903363,-1.088882764422258
2927,939531.8303825951,939531.8493514584,right,-0.5109887719154358,0.15095770359039307,0.3690789043903351,0.6605732440948486,-0.27490419149398804,-0.6986205577850342,0.564243733882904,-0.9307124614715576,1.1990785598754883,0.8160522217750452,0.2985977729823109,0.24805060685599703,-0.4282161364072606,0.7574129469167071,0.2784900694470237,-1.0779094246317529
2928,939531.8503825951,939531.8933192084,right,-0.4955146014690399,0.13288556039333344,0.3452214300632477,0.6423211097717285,-0.29829663038253784,-0.7060047388076782,0.6231666207313538,-0.7568508982658386,1.1524744033813477,0.8212140205002586,0.3027100979066304,0.23529606469144707,-0.42262264160645063,0.7382016436629648,0.30290757309198296,-1.0685091985343622
2929,939531.8703825951,939531.8936406667,right,-0.5165804028511047,0.06527619063854218,0.29002606868743896,0.6239103674888611,-0.32336023449897766,-0.7114591002464294,0.7345070242881775,-0.807013750076294,1.3131632804870605,0.8260204113455966,0.3078785575495804,0.22244385506628664,-0.4164369812198193,0.7199304571293261,0.32927836891014506,-1.0588194669166158
2930,939531.8903825951,939531.9179268751,right,-0.5069210529327393,0.009197549894452095,0.22770686447620392,0.6011131405830383,-0.35277464985847473,-0.7170864343643188,0.8841547966003418,-1.0140067338943481,1.593369722366333,0.8314533146484379,0.313980954087333,0.20705734785250787,-0.4089358238821644,0.6976455672755232,0.3605347735596727,-1.046554769382471
2931,939531.9103825951,939531.9391542084,right,-0.458360880613327,-0.037936802953481674,0.157443568110466,0.5727189779281616,-0.386395126581192,-0.7229742407798767,1.0029218196868896,-1.1586228609085083,1.7747106552124023,0.837489378079368,0.3208173660327977,0.18865073592533843,-0.40012329315752126,0.6699486885422551,0.39671999173142497,-1.0311118399548753
2932,939531.9303825952,939531.9493212084,right,-0.40026241540908813,-0.0979619175195694,0.08400324732065201,0.5412402153015137,-0.4214031398296356,-0.7276527285575867,1.0504332780838013,-1.1636581420898438,1.8039910793304443,0.8433385400197753,0.3280869900304285,0.16891590642490284,-0.3906489261381592,0.63953206225785,0.4349920276175035,-1.0136752044015458
2933,939531.9503825952,939531.9695636667,right,-0.3435914218425751,-0.14144836366176605,0.0216387826949358,0.508923351764679,-0.45547500252723694,-0.7304379343986511,1.0248903036117554,-1.1102392673492432,1.7675631046295166,0.8486039860730724,0.33538935779976,0.14931514720517727,-0.38090730277157975,0.60853289104372,0.47290573598035435,-0.9948603713712816
2934,939531.9703825952,939532.0233439167,right,-0.34766721725463867,-0.1832665354013443,-0.0222883690148592,0.4786074757575989,-0.4861293137073517,-0.7311724424362183,1.0104960203170776,-1.0558984279632568,1.67897367477417,0.8528772967484162,0.3422672368258403,0.13140373544804398,-0.3717343338296166,0.5795849773781181,0.5076550350855331,-0.9764701452270939
2935,939531.9903825952,939532.0234139167,right,-0.3507488965988159,-0.22609633207321167,-0.06743521243333817,0.4472975432872772,-0.5157723426818848,-0.7306872010231018,0.9961016774177551,-1.001557469367981,1.5903844833374023,0.8567494058227755,0.3489841189745741,0.11343065446971848,-0.36238651823646084,0.549312860846677,0.5419089691539157,-0.956543480667646
2936,939532.0103825952,939532.0405201667,right,-0.35267311334609985,-0.2966407537460327,-0.10073180496692657,0.41422438621520996,-0.5446606278419495,-0.7292207479476929,1.0210171937942505,-1.1578640937805176,1.7300925254821777,0.8602225159195325,0.35551360200242665,0.09486683686029763,-0.3530261936323142,0.5165857110199717,0.5759844306750478,-0.9350659403160084
2937,939532.0303825953,939532.0728082918,right,-0.3018960654735565,-0.2808911204338074,-0.11378317326307297,0.3749425411224365,-0.5739963054656982,-0.7279741168022156,0.9962413311004639,-1.3719762563705444,1.9302103519439697,0.864090416216384,0.361358530650907,0.07370861889060831,-0.3425417211220862,0.4756144546091301,0.611377928128002,-0.9075229988350627
2938,939532.0503825953,939532.0740350834,right,-0.24818779528141022,-0.2588236927986145,-0.14636829495429993,0.3317386507987976,-0.6017045378684998,-0.7265679836273193,0.9212217926979065,-1.3898817300796509,1.9122673273086548,0.8680098143022951,0.3661785657178524,0.05127640181567412,-0.33142549227621765,0.4283149337055201,0.6456335208925279,-0.8747314126552723
2939,939532.0703825953,939532.0900478751,right,-0.2523263096809387,-0.3227662742137909,-0.18550866842269897,0.2897534966468811,-0.6259760856628418,-0.724014401435852,0.8456949591636658,-1.2812461853027344,1.7810214757919312,0.8713105627213403,0.370259653480642,0.030009926754743996,-0.32066360415223844,0.38068230856780194,0.6763825832842406,-0.8406033060931614
2940,939532.0903825953,939532.1163587917,right,-0.2377532571554184,-0.3481716811656952,-0.20555683970451355,0.248630091547966,-0.6476096510887146,-0.720267117023468,0.8400668501853943,-1.3035459518432617,1.8025904893875122,0.874064369668647,0.37386401565120797,0.009598992861014575,-0.3100724199411386,0.33238470877332593,0.7044432008941857,-0.8049451844440157
2941,939532.1103825953,939532.1332651251,right,-0.18456293642520905,-0.37548261880874634,-0.23896677792072296,0.20523712038993835,-0.6683651804924011,-0.7149584889411926,0.889752209186554,-1.3654251098632812,1.8304766416549683,0.8763783252480739,0.37733870187848684,-0.011673478804002938,-0.2990654134727935,0.2795448718231825,0.7320087891139931,-0.7654607216791343
2942,939532.1303825954,939532.1729832917,right,-0.12788985669612885,-0.39577800035476685,-0.2839049696922302,0.16249611973762512,-0.6876997947692871,-0.7075760960578918,0.9070367813110352,-1.2862284183502197,1.6496003866195679,0.8778007399267116,0.38097843899533246,-0.03267081937745427,-0.2885374177544927,0.22573766756590902,0.7583159641953999,-0.7254231029731208
2943,939532.1503825954,939532.173679625,right,-0.10442580282688141,-0.3716290295124054,-0.29334375262260437,0.12325896322727203,-0.7047868967056274,-0.6986291408538818,0.8846698999404907,-1.2411209344863892,1.4747761487960815,0.8782316956475099,0.3846606438871534,-0.052169233603477305,-0.27932715128738145,0.17463261293814505,0.7821227226623907,-0.6880302347998315
2944,939532.1703825954,939532.190274875,right,-0.09952633827924728,-0.3281814455986023,-0.2886788547039032,0.08470650762319565,-0.7200149297714233,-0.6887694001197815,0.87073814868927,-1.3346998691558838,1.4721803665161133,0.878068553256301,0.3879561699147542,-0.07145154481992501,-0.2708878602321624,0.12236796323823348,0.8038238442731163,-0.6505464546048079
2945,939532.1903825954,939532.2106959167,right,-0.10521762073040009,-0.34564530849456787,-0.3282323181629181,0.04439503327012062,-0.7337580323219299,-0.6779589056968689,0.8538942933082581,-1.3899723291397095,1.449163556098938,0.877501864503728,0.39067292741366,-0.09162545772569562,-0.2626213023170058,0.06539003134320093,0.8238368742875896,-0.6101756285171658
2946,939532.2103825954,939532.2354034167,right,-0.12305451184511185,-0.39662671089172363,-0.36206233501434326,0.006231177598237991,-0.7457110285758972,-0.666240394115448,0.8103979825973511,-1.2644004821777344,1.2735826969146729,0.8764029816905402,0.3931800383375585,-0.11085701269330665,-0.2550256946308943,0.009352495800394675,0.8416014743580776,-0.5705289318850547
2947,939532.2303825954,939532.2504885417,right,-0.1154535785317421,-0.3751952052116394,-0.3385336697101593,-0.028285887092351913,-0.755896270275116,-0.6540800333023071,0.7661880850791931,-1.1934269666671753,1.229128360748291,0.8749269597554366,0.3955896809973154,-0.12833082899057716,-0.24807817442309646,-0.0432183507993642,0.8570220959772565,-0.5328340890642931
2948,939532.2503825955,939532.2716572917,right,-0.08800021559000015,-0.3101736009120941,-0.30455636978149414,-0.06293298304080963,-0.7642495632171631,-0.6418426632881165,0.6867514252662659,-1.1502339839935303,1.2924131155014038,0.8734984703179364,0.3973735671120776,-0.14550919980537735,-0.24066919963787672,-0.09773805063637706,0.8698769283166792,-0.4922666585033209
2949,939532.2703825955,939532.2952353334,right,-0.07563196122646332,-0.28802376985549927,-0.292558878660202,-0.09592697024345398,-0.7701422572135925,-0.6306179165840149,0.5631357431411743,-0.9589786529541016,1.2425302267074585,0.8724030642232011,0.39833818489302425,-0.16130022415662393,-0.23285573220709227,-0.15095857643006128,0.879064159755199,-0.4505774752068641
2950,939532.2903825955,939532.3100443333,right,-0.04432498663663864,-0.29814520478248596,-0.2804461121559143,-0.12694750726222992,-0.7738649845123291,-0.6204976439476013,0.506361186504364,-0.8748088479042053,1.3408622741699219,0.8717073149279801,0.3986992621370549,-0.17547109780973094,-0.22444409427188036,-0.20180492833353228,0.8849211182845642,-0.40814020690855485
2951,939532.3103825955,939532.3431016251,right,0.00789594929665327,-0.3072355389595032,-0.27308714389801025,-0.15959298610687256,-0.7758581638336182,-0.6103885173797607,0.4824088215827942,-0.8350527286529541,1.4723422527313232,0.8712850279744391,0.39850241844419493,-0.18974078591981325,-0.21460803423756683,-0.25573633633885323,0.8880741843644355,-0.3608347564234989
2952,939532.3303825955,939532.3741846667,right,0.061034128069877625,-0.256788432598114,-0.25728288292884827,-0.19080445170402527,-0.7762081623077393,-0.6009113788604736,0.3969852328300476,-0.6020774841308594,1.3279393911361694,0.8710634388147733,0.397999131553772,-0.20283245231856958,-0.2042158080549559,-0.30745631415228897,0.8886291222125559,-0.3133047859623607
2953,939532.3503825956,939532.3747742918,right,0.05606389418244362,-0.21894411742687225,-0.22992844879627228,-0.21326890587806702,-0.7755371928215027,-0.5941871404647827,0.2780778110027313,-0.21679645776748657,0.9559954404830933,0.8712002091145392,0.39770599885627655,-0.21150976241662467,-0.19520172991232937,-0.3446040217429662,0.8875656569475538,-0.27574747675226785
2954,939532.3703825956,939532.3903035834,right,0.03147223964333534,-0.2184285968542099,-0.20061349868774414,-0.22897423803806305,-0.7747579216957092,-0.5893394351005554,0.2869857847690582,-0.15733273327350616,0.902145266532898,0.8715187022459092,0.3978398978568844,-0.21691870872114793,-0.1874160969302659,-0.37057684352339937,0.886332152620665,-0.2461695525323923
2955,939532.3903825956,939532.4296392917,right,0.03482820838689804,-0.23333701491355896,-0.19220693409442902,-0.24756599962711334,-0.7739665508270264,-0.5828266739845276,0.4011554718017578,-0.3647196888923645,1.1207501888275146,0.8714427309178829,0.39813635259892105,-0.22377247544928253,-0.17888822089876508,-0.4016739462232073,0.8850814734018051,-0.21257683122670495
2956,939532.4103825956,939532.42997775,right,0.0692150816321373,-0.21998687088489532,-0.19440658390522003,-0.27101218700408936,-0.7729679942131042,-0.5736487507820129,0.4800204634666443,-0.47097718715667725,1.2405662536621094,0.870744945794225,0.3985664271221613,-0.23306748308314304,-0.1691970092169917,-0.4413540827471732,0.8835060896257967,-0.17245093150414698
2957,939532.4303825956,939532.4504587917,right,0.12900406122207642,-0.2265463024377823,-0.20049592852592468,-0.29506003856658936,-0.7714910507202148,-0.5636852979660034,0.46854159235954285,-0.39906710386276245,1.194074273109436,0.8697845497627462,0.3991101333307918,-0.24262825617387165,-0.15911471608474714,-0.48222970976554136,0.8811814569234205,-0.13101740605798623
2958,939532.4503825956,939532.475346,right,0.1792515069246292,-0.223143070936203,-0.20148193836212158,-0.31570446491241455,-0.7694664597511292,-0.555204451084137,0.37582552433013916,-0.21588800847530365,1.0182875394821167,0.8690314775655615,0.399596839112568,-0.2504399555845951,-0.14962073422860386,-0.5170319627096661,0.8780053972030474,-0.09392453069585156
2959,939532.4703825957,939532.4916427084,right,0.20235082507133484,-0.1877213716506958,-0.1878684014081955,-0.330826997756958,-0.7670327425003052,-0.549740195274353,0.23945322632789612,-0.014732664451003075,0.7825683951377869,0.8688288320390851,0.39982602992681004,-0.2554781019750954,-0.14144462463397323,-0.5417331141079991,0.8742036073075953,-0.06470885239798063
2960,939532.4903825957,939532.5355022084,right,0.19363167881965637,-0.16608107089996338,-0.17289777100086212,-0.3404447138309479,-0.7643048763275146,-0.547663688659668,0.09298747777938843,0.11866005510091782,0.5648974180221558,0.8692640228866668,0.3995953235868116,-0.25785994716631944,-0.13495158807815968,-0.5561729953517474,0.8699627175165501,-0.04426915031536438
2961,939532.5103825957,939532.5361529584,right,0.1703374981880188,-0.15958146750926971,-0.15703986585140228,-0.3472295105457306,-0.7610493302345276,-0.5479376316070557,-0.009525199420750141,0.06070450693368912,0.5180758833885193,0.8701179995299196,0.3986669343703229,-0.25902872585564096,-0.1298598013995285,-0.5648329294198303,0.8649292780262678,-0.029994485178654714
2962,939532.5303825957,939532.5516002917,right,0.18446241319179535,-0.1528896987438202,-0.14819484949111938,-0.3564395010471344,-0.7567076086997986,-0.5480369925498962,-0.04444600269198418,-0.17274326086044312,0.619633674621582,0.8708303793609993,0.3968513723178743,-0.2617068924836862,-0.1251918767102789,-0.576651537867439,0.8582622044908879,-0.0157930006321096
2963,939532.5503825957,939532.5959655833,right,0.2183254361152649,-0.13605067133903503,-0.1466779112815857,-0.36917006969451904,-0.7514743208885193,-0.5468088388442993,-0.06485018134117126,-0.3577772378921509,0.6304481625556946,0.871091599264509,0.39435378657062375,-0.2666096254790659,-0.12084673779920112,-0.5938428008546449,0.8502939098707355,-0.0003942715189021546
2964,939532.5703825958,939532.5962430417,right,0.22574439644813538,-0.12831853330135345,-0.14303463697433472,-0.38166549801826477,-0.7463231086730957,-0.545282781124115,-0.11702167987823486,-0.37810730934143066,0.45813941955566406,0.8710782414818296,0.3916216311449674,-0.2720131026134837,-0.11774617798819162,-0.610686049941093,0.8425206157551188,0.011899853217531295
2965,939532.5903825958,939532.6252003334,right,0.20371612906455994,-0.12927064299583435,-0.13174889981746674,-0.39065781235694885,-0.7421401739120483,-0.5446232557296753,-0.17041033506393433,-0.3474273979663849,0.22611279785633087,0.8710409322284027,0.38901219402528303,-0.27632933761922684,-0.11661654731737406,-0.6222420713228718,0.8362579527936889,0.017659232404132606
2966,939532.6103825958,939532.65574425,right,0.16599141061306,-0.11880603432655334,-0.11260496079921722,-0.39670878648757935,-0.7390972971916199,-0.5443872213363647,-0.17699860036373138,-0.39168962836265564,0.08078743517398834,0.8708830765580002,0.38665057830083704,-0.27983519043971306,-0.11728764155083063,-0.6297457797250974,0.8317292696997991,0.01797789092025696
2967,939532.6303825958,939532.6742835834,right,0.13632580637931824,-0.10471971333026886,-0.0964699313044548,-0.40242379903793335,-0.736919641494751,-0.5431432127952576,-0.13511043787002563,-0.5124831795692444,0.0531466007232666,0.8702961603108478,0.38457744020230245,-0.2837756409899531,-0.11897983783653847,-0.6376623392508408,0.8285021759743556,0.01652790130427758
2968,939532.6503825958,939532.6751986251,right,0.14224641025066376,-0.10254471004009247,-0.08625320345163345,-0.410489559173584,-0.7349609136581421,-0.5397505760192871,-0.07672273367643356,-0.7010008692741394,0.15396149456501007,0.8690772181059473,0.38264135693463536,-0.28932735492502776,-0.1207476182434837,-0.6501981905419214,0.8256090926629862,0.017017566925562652
2969,939532.6703825959,939532.6977458334,right,0.1687241941690445,-0.0876929759979248,-0.084726981818676,-0.42136555910110474,-0.7327237725257874,-0.5343844890594482,-0.05971935763955116,-0.782803475856781,0.19642287492752075,0.8673300909923066,0.3806258994975392,-0.29653276973601206,-0.12219088285083513,-0.6676932224917471,0.8223158562818935,0.020245199707843196
2970,939532.6903825959,939532.7193450001,right,0.19535283744335175,-0.05729146674275398,-0.07672944664955139,-0.43139833211898804,-0.7306398749351501,-0.5292077660560608,-0.10887870192527771,-0.6698732972145081,0.07250449061393738,0.8655828837833669,0.3785922490081525,-0.30342056975643794,-0.12397636511392937,-0.6839273386847395,0.8192587025292267,0.02214963126682256
2971,939532.7103825959,939532.7311845834,right,0.1996430903673172,-0.03548474237322807,-0.06025148555636406,-0.4366704523563385,-0.7294302582740784,-0.5265458822250366,-0.1891063004732132,-0.43048983812332153,-0.1589670479297638,0.8643890552195592,0.37673039669982455,-0.3078981866997363,-0.1269040121237023,-0.6923599635574862,0.8174887437223876,0.0184210953350325
2972,939532.7303825959,939532.7784252501,right,0.1670861840248108,-0.03232724964618683,-0.04009905830025673,-0.4359491169452667,-0.7295456528663635,-0.5269835591316223,-0.23163270950317383,-0.20061618089675903,-0.35913339257240295,0.8638938219271204,0.3753216678705614,-0.30926022059551694,-0.13107008402920284,-0.6911395888681269,0.8176574187309084,0.008309182692695082
2973,939532.7503825959,939532.7788710417,right,0.12095440924167633,-0.03928995504975319,-0.02622959576547146,-0.43131718039512634,-0.7308214902877808,-0.5290229320526123,-0.19557183980941772,-0.09095566719770432,-0.4264426827430725,0.8637536824186911,0.37453862894402196,-0.3085601249854298,-0.1357973589619017,-0.684006262008,0.8195247770796827,-0.005062612779061381
2974,939532.770382596,939532.7916382084,right,0.08968546241521835,-0.04113716632127762,-0.0170060396194458,-0.42613041400909424,-0.7327544689178467,-0.530550479888916,-0.10722827166318893,-0.10514027625322342,-0.37678560614585876,0.8634919740563218,0.37436389607722154,-0.3075328452991145,-0.14020298006738657,-0.6766802989715285,0.8223609520293803,-0.017443981888498807
2975,939532.790382596,939532.83513975,right,0.07938595116138458,-0.0451301634311676,-0.01983097568154335,-0.4225417375564575,-0.7350208163261414,-0.5302857756614685,-0.005391009151935577,-0.17096006870269775,-0.2846389412879944,0.862822831568241,0.37472032594300186,-0.307313842901552,-0.14380466946838705,-0.6727982581904511,0.8256974108391496,-0.026317557305801726
2976,939532.810382596,939532.8360155834,right,0.0854957178235054,-0.05292912945151329,-0.03477982431650162,-0.4209350645542145,-0.7375966906547546,-0.5279818177223206,0.0871378630399704,-0.23427842557430267,-0.20800663530826569,0.8616829669819815,0.37556909220917073,-0.30815086845182443,-0.1466063783364806,-0.6730636818847918,0.8295043006298123,-0.03139030255432023
2977,939532.830382596,939532.85194175,right,0.09826232492923737,-0.052842676639556885,-0.048472851514816284,-0.42085930705070496,-0.7404822707176208,-0.5239880681037903,0.15638597309589386,-0.2737630009651184,-0.15775243937969208,0.8601518248569326,0.37685029026345906,-0.3098222633261495,-0.14877138594723643,-0.6766799426415021,0.8337877093286415,-0.03336364037926189
2978,939532.850382596,939532.88149475,right,0.1003575325012207,-0.056411366909742355,-0.060013607144355774,-0.4212234318256378,-0.7436971068382263,-0.519119918346405,0.1826600283384323,-0.2508021593093872,-0.17544350028038025,0.8584100258437326,0.37847192814768477,-0.31176764850529354,-0.15063936600804093,-0.6816647012641142,0.8385838663761259,-0.033857646699408786
2979,939532.870382596,939532.8993247917,right,0.08547860383987427,-0.06070655584335327,-0.061585891991853714,-0.42013368010520935,-0.7473153471946716,-0.5147888660430908,0.15393410623073578,-0.15779072046279907,-0.25451186299324036,0.8567770795850818,0.3803263598778367,-0.3129815561014662,-0.15273352358859332,-0.6844981477839214,0.8440125822132556,-0.03559513971383262
2980,939532.8903825961,939532.9127535417,right,0.06274402141571045,-0.047687266021966934,-0.04892823472619057,-0.4166153371334076,-0.7511487007141113,-0.5120617747306824,0.09438138455152512,-0.051507558673620224,-0.3378552496433258,0.8555162562387173,0.38220224892317556,-0.3128746916956133,-0.15531495666585696,-0.6829810069001305,0.8498004834300878,-0.04028477838737189
2981,939532.9103825961,939532.9450931668,right,0.03535708412528038,-0.02066033147275448,-0.028327133506536484,-0.4114043414592743,-0.7548269629478455,-0.5108646154403687,0.04419635608792305,-0.006665999069809914,-0.35946184396743774,0.8546283922893698,0.3838812212250926,-0.3117738325784294,-0.15824842330530786,-0.6779703651762208,0.8553903548526139,-0.047460746788347774
2982,939532.9303825961,939532.9758752084,right,0.01213818695396185,-0.008722332306206226,-0.012957318685948849,-0.40628811717033386,-0.757961094379425,-0.5103185772895813,0.02596312388777733,-0.024363528937101364,-0.310224711894989,0.8539351246738319,0.3852136198284942,-0.310565937867433,-0.16110308896040568,-0.6723865930502372,0.8601817712996135,-0.055025044410193416
2983,939532.9503825961,939532.9762862917,right,0.002087827306240797,-0.004417211748659611,-0.004696373362094164,-0.40246936678886414,-0.7604673504829407,-0.5096154808998108,0.022022079676389694,-0.06045728921890259,-0.24534565210342407,0.8532603401741052,0.38622108804474053,-0.3098799050167445,-0.16356835888645002,-0.668460319268977,0.8640325319730082,-0.061279392834268295
2984,939532.9703825961,939533.000348125,right,-0.002753311302512884,-0.0010763327591121197,-0.0011233852710574865,-0.3995839059352875,-0.7625458240509033,-0.5087795257568359,0.014856590889394283,-0.060571637004613876,-0.22593939304351807,0.8525949300590447,0.3870103892983403,-0.3095694113120536,-0.16574585409788442,-0.665760888393468,0.8672393472477131,-0.06653961568368642
2985,939532.9903825962,939533.0152713751,right,-0.006675055716186762,0.008391937240958214,0.005441071465611458,-0.39631417393684387,-0.7645444869995117,-0.5083373188972473,-0.000687826715875417,-0.017018506303429604,-0.26046526432037354,0.8520341607797197,0.3877500880776663,-0.30900035591617764,-0.16794779577674757,-0.6621951882026007,0.8703343609535138,-0.07230435158517788
2986,939533.0103825962,939533.033167,right,-0.017393527552485466,0.01975334621965885,0.014443380758166313,-0.3918830156326294,-0.7667278051376343,-0.5084841847419739,-0.007158979773521423,0.027472758665680885,-0.2996561527252197,0.8516017460831855,0.38859696277098593,-0.30781538838191674,-0.17034260049533562,-0.6566109335220852,0.8737284953169749,-0.07936375127453715
2987,939533.0303825962,939533.0708183334,right,-0.03248728811740875,0.02818211540579796,0.022546766325831413,-0.38694024085998535,-0.7690576314926147,-0.5087510347366333,0.007241515442728996,0.027159105986356735,-0.2955479323863983,0.8511837812968133,0.3895566719396841,-0.30638226477566466,-0.17280539885406881,-0.6502310087226896,0.8773655462676366,-0.0868952655344221
2988,939533.0503825962,939533.0724219168,right,-0.04799012094736099,0.029291627928614616,0.027186807245016098,-0.3826192021369934,-0.7714246511459351,-0.5084355473518372,0.04040687158703804,-0.016415772959589958,-0.24855926632881165,0.8506321881525865,0.3906171102041655,-0.3052876055739091,-0.1750508812935172,-0.6451261546791729,0.881077093703627,-0.09333800194423725
2989,939533.0703825962,939533.0929715834,right,-0.05891187861561775,0.02472415752708912,0.0257941335439682,-0.37969914078712463,-0.7737048864364624,-0.5071580410003662,0.08085504919290543,-0.06759107857942581,-0.186562642455101,0.849877430292305,0.391725603763997,-0.3049131868779822,-0.17688215448212416,-0.6426558779563789,0.8846683306716976,-0.0976566492997218
2990,939533.0903825962,939533.1181377084,right,-0.06313129514455795,0.013152509927749634,0.020098846405744553,-0.3780212998390198,-0.7759471535682678,-0.5049810409545898,0.11899691075086594,-0.0865551009774208,-0.14230245351791382,0.8489487978298442,0.3929309547926462,-0.3051470961338165,-0.1782593656098118,-0.6425949592971278,0.888215268323707,-0.09982149869398274
2991,939533.1103825963,939533.1353917083,right,-0.06454522907733917,0.005366475321352482,0.014926806092262268,-0.37674984335899353,-0.7783112525939941,-0.5022858381271362,0.15305469930171967,-0.058281589299440384,-0.12728913128376007,0.8479470589721853,0.394356680605451,-0.3055157970410892,-0.17924460574142573,-0.6435463001287103,0.8919717704659426,-0.10053178517110825
2992,939533.1303825963,939533.1696315834,right,-0.0649552047252655,0.005647961050271988,0.014373849146068096,-0.37545692920684814,-0.7808648347854614,-0.49928179383277893,0.1855303794145584,-0.031894274055957794,-0.10689782351255417,0.846925975694006,0.396054233174585,-0.30577796691571796,-0.17988152012211542,-0.6447761042485083,0.8960490411694181,-0.10018888607235554
2993,939533.1503825963,939533.1724311251,right,-0.0627187117934227,0.012648536823689938,0.014582096599042416,-0.37449130415916443,-0.7834856510162354,-0.4958896338939667,0.21432437002658844,-0.027593109756708145,-0.06162562593817711,0.8458785647280279,0.3979502127898879,-0.30608956567164614,-0.18009529783427536,-0.6468149623128949,0.9002554794632871,-0.0984203536875714
2994,939533.1703825963,939533.195911625,right,-0.05983725190162659,0.014769935980439186,0.013657305389642715,-0.37435105443000793,-0.7858946323394775,-0.4921696186065674,0.22539274394512177,-0.02872658334672451,-0.003108539618551731,0.8448430006280183,0.39985558057665777,-0.3066442909497159,-0.17979180645318965,-0.6502594986141169,0.9041415920179448,-0.09485203719715263
2995,939533.1903825963,939533.21284175,right,-0.0527285672724247,0.010003460571169853,0.009149421937763691,-0.37507936358451843,-0.7878729104995728,-0.48843809962272644,0.2204391211271286,-0.022886965423822403,0.05198678746819496,0.8439098657768866,0.401602588526635,-0.30740255988947685,-0.17898386274669667,-0.654869021926078,0.9073474426970767,-0.08973026473683335
2996,939533.2103825964,939533.29222375,right,-0.02633335255086422,0.012369317002594471,-0.0012946802889928222,-0.37676629424095154,-0.7889928221702576,-0.485321968793869,0.20740744471549988,0.014453109353780746,0.0640377402305603,0.8433325225010003,0.4029872584701988,-0.3081238378634442,-0.17734485192987262,-0.6601356938537564,0.9091680735970434,-0.08274610089559994
2997,939533.2303825964,939533.29226775,right,6.498989387182519E-05,0.014718584716320038,-0.011742834933102131,-0.3784564137458801,-0.7900963425636292,-0.4822017252445221,0.19437576830387115,0.051793187856674194,0.07608868926763535,0.8427505994820175,0.40436977171811417,-0.3088433932060387,-0.1757049262631208,-0.6654351278579725,0.9109661577356504,-0.0757302974431195
2998,939533.2503825964,939533.292360375,right,0.026466606184840202,0.01705133356153965,-0.0221950002014637,-0.380149781703949,-0.7911832332611084,-0.4790775179862976,0.18134409189224243,0.08913325518369675,0.08813963830471039,0.8421641564853568,0.4057500385400566,-0.3095612547313703,-0.17406407150378733,-0.6707672533316749,0.9127413495488483,-0.06868298040318281
2999,939533.2703825964,939533.2936237501,right,0.04654935002326965,0.012038536369800568,-0.034004706889390945,-0.38071882724761963,-0.7922067642211914,-0.4769292175769806,0.1609143316745758,0.13388951122760773,0.06277042627334595,0.8418686842311923,0.40712747338821437,-0.3094876957769636,-0.17239954378180408,-0.6736858985354891,0.9144167894144305,-0.06275893095635035
3000,939533.2903825964,939533.3163190418,right,0.054794564843177795,0.004738574847579002,-0.04354593902826309,-0.380476176738739,-0.7932403087615967,-0.4754026234149933,0.14665096998214722,0.13383516669273376,0.04933954030275345,0.8417218835676121,0.4084754914035848,-0.3089441288671207,-0.1708963171563279,-0.6749385314412367,0.916112269097789,-0.05800859774724178
